Safety Property Mostyn V11,"Old Verifier (tptp)
IV Base","Old Verifier (tptp)
IV Step","Old Verifier
(tptp)
Final IV 
Result","Old Verifier
(tptp)
run time in
seconds","Old Verifier
(tptp)
BMC 100
steps","New Verifier
IV Base","New Verifier
IV Step","New Verifier
IV","New Verifier
BMC 100
Steps","IC3 Result with 
SMTLib
(Does prop hold?)","Consistency
New Verifier IV
and IC3","Consistency
New Verifier BMC
and IC3","Consistency
New Verifier BMC
and New Verifier IV","IC3 Result
(safety & ladder 
tptp)
Does prop hold?","IC3 run time
(seconds)","Consistency
New Verifier IV
and tptp IC3","Consistency
Old Verifier IV
and tptp IC3","Consistency
Old Verifier BMC
and tptp IC3"
2_1_1_RoutesFromEntranceSignal_group0,Theorem,CounterSatisfiable,no,18.9024512,Theorem,unsat,sat,no,unsat,yes,yes,yes,yes,yes,0.0682643,yes,yes,yes
2_1_1_RoutesFromEntranceSignal_group1,Theorem,CounterSatisfiable,no,18.7544524,Theorem,unsat,sat,no,unsat,yes,yes,yes,yes,yes,0.0629449,yes,yes,yes
2_1_1_RoutesFromEntranceSignal_group10,Theorem,CounterSatisfiable,no,18.8925738,Theorem,unsat,sat,no,unsat,yes,yes,yes,yes,yes,0.06547,yes,yes,yes
2_1_1_RoutesFromEntranceSignal_group11,Theorem,CounterSatisfiable,no,18.9006355,Theorem,unsat,sat,no,unsat,yes,yes,yes,yes,yes,0.0642077,yes,yes,yes
2_1_1_RoutesFromEntranceSignal_group12,Theorem,CounterSatisfiable,no,18.9173695,Theorem,unsat,sat,no,unsat,yes,yes,yes,yes,yes,0.0656807,yes,yes,yes
2_1_1_RoutesFromEntranceSignal_group13,Theorem,CounterSatisfiable,no,18.8220621,Theorem,unsat,sat,no,unsat,yes,yes,yes,yes,yes,0.0631806,yes,yes,yes
2_1_1_RoutesFromEntranceSignal_group14,Theorem,CounterSatisfiable,no,18.8306716,Theorem,unsat,sat,no,unsat,yes,yes,yes,yes,yes,0.0652785,yes,yes,yes
2_1_1_RoutesFromEntranceSignal_group15,Theorem,CounterSatisfiable,no,18.9841168,Theorem,unsat,sat,no,unsat,yes,yes,yes,yes,yes,0.0672065,yes,yes,yes
2_1_1_RoutesFromEntranceSignal_group16,Theorem,CounterSatisfiable,no,18.8165797,Theorem,unsat,sat,no,unsat,yes,yes,yes,yes,yes,0.0591978,yes,yes,yes
2_1_1_RoutesFromEntranceSignal_group17,Theorem,CounterSatisfiable,no,19.1581867,Theorem,unsat,sat,no,unsat,yes,yes,yes,yes,yes,0.0672475,yes,yes,yes
2_1_1_RoutesFromEntranceSignal_group18,Theorem,CounterSatisfiable,no,18.8814606,Theorem,unsat,sat,no,unsat,yes,yes,yes,yes,yes,0.0675089,yes,yes,yes
2_1_1_RoutesFromEntranceSignal_group19,Theorem,CounterSatisfiable,no,18.801425,Theorem,unsat,sat,no,unsat,yes,yes,yes,yes,yes,0.0666442,yes,yes,yes
2_1_1_RoutesFromEntranceSignal_group2,Theorem,CounterSatisfiable,no,18.7854239,Theorem,unsat,sat,no,unsat,yes,yes,yes,yes,yes,0.0665665,yes,yes,yes
2_1_1_RoutesFromEntranceSignal_group20,Theorem,CounterSatisfiable,no,18.8137797,Theorem,unsat,sat,no,unsat,yes,yes,yes,yes,yes,0.0650456,yes,yes,yes
2_1_1_RoutesFromEntranceSignal_group3,Theorem,CounterSatisfiable,no,18.6192568,Theorem,unsat,sat,no,unsat,yes,yes,yes,yes,yes,0.065535,yes,yes,yes
2_1_1_RoutesFromEntranceSignal_group4,Theorem,CounterSatisfiable,no,18.8255729,Theorem,unsat,sat,no,unsat,yes,yes,yes,yes,yes,0.0629222,yes,yes,yes
2_1_1_RoutesFromEntranceSignal_group5,Theorem,CounterSatisfiable,no,18.8813359,Theorem,unsat,sat,no,unsat,yes,yes,yes,yes,yes,0.065609,yes,yes,yes
2_1_1_RoutesFromEntranceSignal_group6,Theorem,CounterSatisfiable,no,18.7789978,Theorem,unsat,sat,no,unsat,yes,yes,yes,yes,yes,0.0623699,yes,yes,yes
2_1_1_RoutesFromEntranceSignal_group7,Theorem,CounterSatisfiable,no,18.6392969,Theorem,unsat,sat,no,unsat,yes,yes,yes,yes,yes,0.0605212,yes,yes,yes
2_1_1_RoutesFromEntranceSignal_group8,Theorem,CounterSatisfiable,no,18.8997668,Theorem,unsat,sat,no,unsat,yes,yes,yes,yes,yes,0.0660036,yes,yes,yes
2_1_1_RoutesFromEntranceSignal_group9,Theorem,CounterSatisfiable,no,18.7952297,Theorem,unsat,sat,no,unsat,yes,yes,yes,yes,yes,0.063801,yes,yes,yes
2_1_11_RoutesInStaffLockoutLODP_group0,Theorem,CounterSatisfiable,no,19.2462615,CounterSatisfiable,unsat,unsat,yes,unsat,yes,yes,yes,yes,yes,0.069442,yes,yes,yes
2_1_12_RoutesInStaffLockoutLODK_group0,Theorem,Theorem,yes,18.584503,Theorem,unsat,unsat,yes,unsat,yes,yes,yes,yes,yes,0.064186,yes,yes,yes
2_1_12_RoutesInStaffLockoutLODK_group1,Theorem,Theorem,yes,18.6224969,Theorem,unsat,unsat,yes,unsat,yes,yes,yes,yes,yes,0.0666702,yes,yes,yes
2_1_12_RoutesInStaffLockoutLODK_group2,Theorem,Theorem,yes,18.9102368,Theorem,unsat,unsat,yes,unsat,yes,yes,yes,yes,yes,0.059416,yes,yes,yes
2_1_12_RoutesInStaffLockoutLODK_group3,Theorem,Theorem,yes,18.7412811,Theorem,unsat,unsat,yes,unsat,yes,yes,yes,yes,yes,0.0655445,yes,yes,yes
2_1_12_RoutesInStaffLockoutLODK_group4,Theorem,Theorem,yes,18.7401824,Theorem,unsat,unsat,yes,unsat,yes,yes,yes,yes,yes,0.0690927,yes,yes,yes
2_1_12_RoutesInStaffLockoutLODK_group5,Theorem,Theorem,yes,18.6064819,Theorem,unsat,unsat,yes,unsat,yes,yes,yes,yes,yes,0.0648136,yes,yes,yes
2_1_12_RoutesInStaffLockoutLODK_group6,Theorem,Theorem,yes,18.7233184,Theorem,unsat,unsat,yes,unsat,yes,yes,yes,yes,yes,0.0673729,yes,yes,yes
2_1_13_RoutesInStaffLockoutLODKOverlap_group0,Theorem,Theorem,yes,18.613616,Theorem,unsat,unsat,yes,unsat,yes,yes,yes,yes,yes,0.0700925,yes,yes,yes
2_1_13_RoutesInStaffLockoutLODKOverlap_group1,Theorem,Theorem,yes,18.7208022,Theorem,unsat,unsat,yes,unsat,yes,yes,yes,yes,yes,0.0935517,yes,yes,yes
2_1_13_RoutesInStaffLockoutLODKOverlap_group2,Theorem,Theorem,yes,18.4527947,Theorem,unsat,unsat,yes,unsat,yes,yes,yes,yes,yes,0.0580297,yes,yes,yes
2_1_13_RoutesInStaffLockoutLODKOverlap_group3,Theorem,Theorem,yes,18.6723132,Theorem,unsat,unsat,yes,unsat,yes,yes,yes,yes,yes,0.0658615,yes,yes,yes
2_1_13_RoutesInStaffLockoutLODKOverlap_group4,Theorem,Theorem,yes,18.4276591,Theorem,unsat,unsat,yes,unsat,yes,yes,yes,yes,yes,0.066461,yes,yes,yes
2_1_13_RoutesInStaffLockoutLODKOverlap_group5,Theorem,Theorem,yes,18.567795,Theorem,unsat,unsat,yes,unsat,yes,yes,yes,yes,yes,0.0646615,yes,yes,yes
2_1_13_RoutesInStaffLockoutLODKOverlap_group6,Theorem,Theorem,yes,18.4925655,Theorem,unsat,unsat,yes,unsat,yes,yes,yes,yes,yes,0.0703898,yes,yes,yes
2_1_16_SignalReminder_group0,Theorem,Theorem,yes,18.9545733,Theorem,unsat,unsat,yes,unsat,yes,yes,yes,yes,yes,0.0773475,yes,yes,yes
2_1_16_SignalReminder_group1,Theorem,Theorem,yes,18.8029784,Theorem,unsat,unsat,yes,unsat,yes,yes,yes,yes,yes,0.065185,yes,yes,yes
2_1_16_SignalReminder_group10,Theorem,CounterSatisfiable,no,19.1275433,CounterSatisfiable,unsat,unsat,yes,unsat,yes,yes,yes,yes,yes,0.060121,yes,yes,yes
2_1_16_SignalReminder_group11,Theorem,CounterSatisfiable,no,19.4231896,CounterSatisfiable,unsat,unsat,yes,unsat,yes,yes,yes,yes,yes,0.0677875,yes,yes,yes
2_1_16_SignalReminder_group12,Theorem,Theorem,yes,19.0561454,Theorem,unsat,unsat,yes,unsat,yes,yes,yes,yes,yes,0.0626659,yes,yes,yes
2_1_16_SignalReminder_group13,Theorem,Theorem,yes,18.8917523,Theorem,unsat,unsat,yes,unsat,yes,yes,yes,yes,yes,0.0707651,yes,yes,yes
2_1_16_SignalReminder_group14,Theorem,Theorem,yes,19.0126113,Theorem,unsat,unsat,yes,unsat,yes,yes,yes,yes,yes,0.0642094,yes,yes,yes
2_1_16_SignalReminder_group15,Theorem,Theorem,yes,18.8973016,Theorem,unsat,unsat,yes,unsat,yes,yes,yes,yes,yes,0.0641873,yes,yes,yes
2_1_16_SignalReminder_group16,Theorem,Theorem,yes,19.1741336,Theorem,unsat,unsat,yes,unsat,yes,yes,yes,yes,yes,0.0678126,yes,yes,yes
2_1_16_SignalReminder_group17,Theorem,CounterSatisfiable,no,18.9754419,CounterSatisfiable,unsat,unsat,yes,unsat,yes,yes,yes,yes,yes,0.0643235,yes,yes,yes
2_1_16_SignalReminder_group18,Theorem,Theorem,yes,18.709258,Theorem,unsat,unsat,yes,unsat,yes,yes,yes,yes,yes,0.0653177,yes,yes,yes
2_1_16_SignalReminder_group19,Theorem,Theorem,yes,18.9429755,Theorem,unsat,unsat,yes,unsat,yes,yes,yes,yes,yes,0.0663484,yes,yes,yes
2_1_16_SignalReminder_group2,Theorem,Theorem,yes,19.0665649,Theorem,unsat,unsat,yes,unsat,yes,yes,yes,yes,yes,0.0647538,yes,yes,yes
2_1_16_SignalReminder_group20,Theorem,Theorem,yes,19.1352353,Theorem,unsat,unsat,yes,unsat,yes,yes,yes,yes,yes,0.0651625,yes,yes,yes
2_1_16_SignalReminder_group21,Theorem,CounterSatisfiable,no,19.1490714,CounterSatisfiable,unsat,unsat,yes,unsat,yes,yes,yes,yes,yes,0.0637602,yes,yes,yes
2_1_16_SignalReminder_group22,Theorem,Theorem,yes,19.1830845,Theorem,unsat,unsat,yes,unsat,yes,yes,yes,yes,yes,0.0692801,yes,yes,yes
2_1_16_SignalReminder_group23,Theorem,CounterSatisfiable,no,18.9467089,CounterSatisfiable,"(error ""line 32741 column 176: unknown constant S6081_dot_QRDZ_0"")sat","(error ""line 38710 column 176: unknown constant S6081_dot_QRDZ_0"")(error ""line 38711 column 176: unknown constant S6081_dot_QRDZ_1"")sat",no,"(error ""line 1507049 column 207: unknown constant S6081_dot_QRDZ_0"")(error ""line 1507050 column 207: unknown constant S6081_dot_QRDZ_1"")(error ""line 1507051 column 207: unknown constant S6081_dot_QRDZ_2"")(error ""line 1507052 column 207: unknown constant S6081_dot_QRDZ_3"")(error ""line 1507053 column 207: unknown constant S6081_dot_QRDZ_4"")(error ""line 1507054 column 207: unknown constant S6081_dot_QRDZ_5"")(error ""line 1507055 column 207: unknown constant S6081_dot_QRDZ_6"")(error ""line 1507056 column 207: unknown constant S6081_dot_QRDZ_7"")(error ""line 1507057 column 207: unknown constant S6081_dot_QRDZ_8"")(error ""line 1507058 column 211: unknown constant S6081_dot_QRDZ_9"")(error ""line 1507059 column 213: unknown constant S6081_dot_QRDZ_10"")(error ""line 1507060 column 213: unknown constant S6081_dot_QRDZ_11"")(error ""line 1507061 column 213: unknown constant S6081_dot_QRDZ_12"")(error ""line 1507062 column 213: unknown constant S6081_dot_QRDZ_13"")(error ""line 1507063 column 213: unknown constant S6081_dot_QRDZ_14"")(error ""line 1507064 column 213: unknown constant S6081_dot_QRDZ_15"")(error ""line 1507065 column 213: unknown constant S6081_dot_QRDZ_16"")(error ""line 1507066 column 213: unknown constant S6081_dot_QRDZ_17"")(error ""line 1507067 column 213: unknown constant S6081_dot_QRDZ_18"")(error ""line 1507068 column 213: unknown constant S6081_dot_QRDZ_19"")(error ""line 1507069 column 213: unknown constant S6081_dot_QRDZ_20"")(error ""line 1507070 column 213: unknown constant S6081_dot_QRDZ_21"")(error ""line 1507071 column 213: unknown constant S6081_dot_QRDZ_22"")(error ""line 1507072 column 213: unknown constant S6081_dot_QRDZ_23"")(error ""line 1507073 column 213: unknown constant S6081_dot_QRDZ_24"")(error ""line 1507074 column 213: unknown constant S6081_dot_QRDZ_25"")(error ""line 1507075 column 213: unknown constant S6081_dot_QRDZ_26"")(error ""line 1507076 column 213: unknown constant S6081_dot_QRDZ_27"")(error ""line 1507077 column 213: unknown constant S6081_dot_QRDZ_28"")(error ""line 1507078 column 213: unknown constant S6081_dot_QRDZ_29"")(error ""line 1507079 column 213: unknown constant S6081_dot_QRDZ_30"")(error ""line 1507080 column 213: unknown constant S6081_dot_QRDZ_31"")(error ""line 1507081 column 213: unknown constant S6081_dot_QRDZ_32"")(error ""line 1507082 column 213: unknown constant S6081_dot_QRDZ_33"")(error ""line 1507083 column 213: unknown constant S6081_dot_QRDZ_34"")(error ""line 1507084 column 213: unknown constant S6081_dot_QRDZ_35"")(error ""line 1507085 column 213: unknown constant S6081_dot_QRDZ_36"")(error ""line 1507086 column 213: unknown constant S6081_dot_QRDZ_37"")(error ""line 1507087 column 213: unknown constant S6081_dot_QRDZ_38"")(error ""line 1507088 column 213: unknown constant S6081_dot_QRDZ_39"")(error ""line 1507089 column 213: unknown constant S6081_dot_QRDZ_40"")(error ""line 1507090 column 213: unknown constant S6081_dot_QRDZ_41"")(error ""line 1507091 column 213: unknown constant S6081_dot_QRDZ_42"")(error ""line 1507092 column 213: unknown constant S6081_dot_QRDZ_43"")(error ""line 1507093 column 213: unknown constant S6081_dot_QRDZ_44"")(error ""line 1507094 column 213: unknown constant S6081_dot_QRDZ_45"")(error ""line 1507095 column 213: unknown constant S6081_dot_QRDZ_46"")(error ""line 1507096 column 213: unknown constant S6081_dot_QRDZ_47"")(error ""line 1507097 column 213: unknown constant S6081_dot_QRDZ_48"")(error ""line 1507098 column 213: unknown constant S6081_dot_QRDZ_49"")(error ""line 1507099 column 213: unknown constant S6081_dot_QRDZ_50"")(error ""line 1507100 column 213: unknown constant S6081_dot_QRDZ_51"")(error ""line 1507101 column 213: unknown constant S6081_dot_QRDZ_52"")(error ""line 1507102 column 213: unknown constant S6081_dot_QRDZ_53"")(error ""line 1507103 column 213: unknown constant S6081_dot_QRDZ_54"")(error ""line 1507104 column 213: unknown constant S6081_dot_QRDZ_55"")(error ""line 1507105 column 213: unknown constant S6081_dot_QRDZ_56"")(error ""line 1507106 column 213: unknown constant S6081_dot_QRDZ_57"")(error ""line 1507107 column 213: unknown constant S6081_dot_QRDZ_58"")(error ""line 1507108 column 213: unknown constant S6081_dot_QRDZ_59"")(error ""line 1507109 column 213: unknown constant S6081_dot_QRDZ_60"")(error ""line 1507110 column 213: unknown constant S6081_dot_QRDZ_61"")(error ""line 1507111 column 213: unknown constant S6081_dot_QRDZ_62"")(error ""line 1507112 column 213: unknown constant S6081_dot_QRDZ_63"")(error ""line 1507113 column 213: unknown constant S6081_dot_QRDZ_64"")(error ""line 1507114 column 213: unknown constant S6081_dot_QRDZ_65"")(error ""line 1507115 column 213: unknown constant S6081_dot_QRDZ_66"")(error ""line 1507116 column 213: unknown constant S6081_dot_QRDZ_67"")(error ""line 1507117 column 213: unknown constant S6081_dot_QRDZ_68"")(error ""line 1507118 column 213: unknown constant S6081_dot_QRDZ_69"")(error ""line 1507119 column 213: unknown constant S6081_dot_QRDZ_70"")(error ""line 1507120 column 213: unknown constant S6081_dot_QRDZ_71"")(error ""line 1507121 column 213: unknown constant S6081_dot_QRDZ_72"")(error ""line 1507122 column 213: unknown constant S6081_dot_QRDZ_73"")(error ""line 1507123 column 213: unknown constant S6081_dot_QRDZ_74"")(error ""line 1507124 column 213: unknown constant S6081_dot_QRDZ_75"")(error ""line 1507125 column 213: unknown constant S6081_dot_QRDZ_76"")(error ""line 1507126 column 213: unknown constant S6081_dot_QRDZ_77"")(error ""line 1507127 column 213: unknown constant S6081_dot_QRDZ_78"")(error ""line 1507128 column 213: unknown constant S6081_dot_QRDZ_79"")(error ""line 1507129 column 213: unknown constant S6081_dot_QRDZ_80"")(error ""line 1507130 column 213: unknown constant S6081_dot_QRDZ_81"")(error ""line 1507131 column 213: unknown constant S6081_dot_QRDZ_82"")(error ""line 1507132 column 213: unknown constant S6081_dot_QRDZ_83"")(error ""line 1507133 column 213: unknown constant S6081_dot_QRDZ_84"")(error ""line 1507134 column 213: unknown constant S6081_dot_QRDZ_85"")(error ""line 1507135 column 213: unknown constant S6081_dot_QRDZ_86"")(error ""line 1507136 column 213: unknown constant S6081_dot_QRDZ_87"")(error ""line 1507137 column 213: unknown constant S6081_dot_QRDZ_88"")(error ""line 1507138 column 213: unknown constant S6081_dot_QRDZ_89"")(error ""line 1507139 column 213: unknown constant S6081_dot_QRDZ_90"")(error ""line 1507140 column 213: unknown constant S6081_dot_QRDZ_91"")(error ""line 1507141 column 213: unknown constant S6081_dot_QRDZ_92"")(error ""line 1507142 column 213: unknown constant S6081_dot_QRDZ_93"")(error ""line 1507143 column 213: unknown constant S6081_dot_QRDZ_94"")(error ""line 1507144 column 213: unknown constant S6081_dot_QRDZ_95"")(error ""line 1507145 column 213: unknown constant S6081_dot_QRDZ_96"")(error ""line 1507146 column 213: unknown constant S6081_dot_QRDZ_97"")(error ""line 1507147 column 213: unknown constant S6081_dot_QRDZ_98"")(error ""line 1507148 column 217: unknown constant S6081_dot_QRDZ_99"")sat",N/A => Expected predicate keys to be pre-included in a dictionary.,yes,yes,yes,yes,0.0699351,yes,yes,yes
2_1_16_SignalReminder_group24,Theorem,Theorem,yes,18.5105778,Theorem,unsat,unsat,yes,unsat,yes,yes,yes,yes,yes,0.0680518,yes,yes,yes
2_1_16_SignalReminder_group25,Theorem,Theorem,yes,18.8926384,Theorem,unsat,unsat,yes,unsat,yes,yes,yes,yes,yes,0.0678041,yes,yes,yes
2_1_16_SignalReminder_group26,Theorem,Theorem,yes,19.2155412,Theorem,unsat,unsat,yes,unsat,yes,yes,yes,yes,yes,0.0661287,yes,yes,yes
2_1_16_SignalReminder_group27,Theorem,CounterSatisfiable,no,19.0904822,CounterSatisfiable,"(error ""line 32741 column 176: unknown constant S6079_dot_QRDZ_0"")sat","(error ""line 38710 column 176: unknown constant S6079_dot_QRDZ_0"")(error ""line 38711 column 176: unknown constant S6079_dot_QRDZ_1"")sat",no,"(error ""line 1507049 column 207: unknown constant S6079_dot_QRDZ_0"")(error ""line 1507050 column 207: unknown constant S6079_dot_QRDZ_1"")(error ""line 1507051 column 207: unknown constant S6079_dot_QRDZ_2"")(error ""line 1507052 column 207: unknown constant S6079_dot_QRDZ_3"")(error ""line 1507053 column 207: unknown constant S6079_dot_QRDZ_4"")(error ""line 1507054 column 207: unknown constant S6079_dot_QRDZ_5"")(error ""line 1507055 column 207: unknown constant S6079_dot_QRDZ_6"")(error ""line 1507056 column 207: unknown constant S6079_dot_QRDZ_7"")(error ""line 1507057 column 207: unknown constant S6079_dot_QRDZ_8"")(error ""line 1507058 column 211: unknown constant S6079_dot_QRDZ_9"")(error ""line 1507059 column 213: unknown constant S6079_dot_QRDZ_10"")(error ""line 1507060 column 213: unknown constant S6079_dot_QRDZ_11"")(error ""line 1507061 column 213: unknown constant S6079_dot_QRDZ_12"")(error ""line 1507062 column 213: unknown constant S6079_dot_QRDZ_13"")(error ""line 1507063 column 213: unknown constant S6079_dot_QRDZ_14"")(error ""line 1507064 column 213: unknown constant S6079_dot_QRDZ_15"")(error ""line 1507065 column 213: unknown constant S6079_dot_QRDZ_16"")(error ""line 1507066 column 213: unknown constant S6079_dot_QRDZ_17"")(error ""line 1507067 column 213: unknown constant S6079_dot_QRDZ_18"")(error ""line 1507068 column 213: unknown constant S6079_dot_QRDZ_19"")(error ""line 1507069 column 213: unknown constant S6079_dot_QRDZ_20"")(error ""line 1507070 column 213: unknown constant S6079_dot_QRDZ_21"")(error ""line 1507071 column 213: unknown constant S6079_dot_QRDZ_22"")(error ""line 1507072 column 213: unknown constant S6079_dot_QRDZ_23"")(error ""line 1507073 column 213: unknown constant S6079_dot_QRDZ_24"")(error ""line 1507074 column 213: unknown constant S6079_dot_QRDZ_25"")(error ""line 1507075 column 213: unknown constant S6079_dot_QRDZ_26"")(error ""line 1507076 column 213: unknown constant S6079_dot_QRDZ_27"")(error ""line 1507077 column 213: unknown constant S6079_dot_QRDZ_28"")(error ""line 1507078 column 213: unknown constant S6079_dot_QRDZ_29"")(error ""line 1507079 column 213: unknown constant S6079_dot_QRDZ_30"")(error ""line 1507080 column 213: unknown constant S6079_dot_QRDZ_31"")(error ""line 1507081 column 213: unknown constant S6079_dot_QRDZ_32"")(error ""line 1507082 column 213: unknown constant S6079_dot_QRDZ_33"")(error ""line 1507083 column 213: unknown constant S6079_dot_QRDZ_34"")(error ""line 1507084 column 213: unknown constant S6079_dot_QRDZ_35"")(error ""line 1507085 column 213: unknown constant S6079_dot_QRDZ_36"")(error ""line 1507086 column 213: unknown constant S6079_dot_QRDZ_37"")(error ""line 1507087 column 213: unknown constant S6079_dot_QRDZ_38"")(error ""line 1507088 column 213: unknown constant S6079_dot_QRDZ_39"")(error ""line 1507089 column 213: unknown constant S6079_dot_QRDZ_40"")(error ""line 1507090 column 213: unknown constant S6079_dot_QRDZ_41"")(error ""line 1507091 column 213: unknown constant S6079_dot_QRDZ_42"")(error ""line 1507092 column 213: unknown constant S6079_dot_QRDZ_43"")(error ""line 1507093 column 213: unknown constant S6079_dot_QRDZ_44"")(error ""line 1507094 column 213: unknown constant S6079_dot_QRDZ_45"")(error ""line 1507095 column 213: unknown constant S6079_dot_QRDZ_46"")(error ""line 1507096 column 213: unknown constant S6079_dot_QRDZ_47"")(error ""line 1507097 column 213: unknown constant S6079_dot_QRDZ_48"")(error ""line 1507098 column 213: unknown constant S6079_dot_QRDZ_49"")(error ""line 1507099 column 213: unknown constant S6079_dot_QRDZ_50"")(error ""line 1507100 column 213: unknown constant S6079_dot_QRDZ_51"")(error ""line 1507101 column 213: unknown constant S6079_dot_QRDZ_52"")(error ""line 1507102 column 213: unknown constant S6079_dot_QRDZ_53"")(error ""line 1507103 column 213: unknown constant S6079_dot_QRDZ_54"")(error ""line 1507104 column 213: unknown constant S6079_dot_QRDZ_55"")(error ""line 1507105 column 213: unknown constant S6079_dot_QRDZ_56"")(error ""line 1507106 column 213: unknown constant S6079_dot_QRDZ_57"")(error ""line 1507107 column 213: unknown constant S6079_dot_QRDZ_58"")(error ""line 1507108 column 213: unknown constant S6079_dot_QRDZ_59"")(error ""line 1507109 column 213: unknown constant S6079_dot_QRDZ_60"")(error ""line 1507110 column 213: unknown constant S6079_dot_QRDZ_61"")(error ""line 1507111 column 213: unknown constant S6079_dot_QRDZ_62"")(error ""line 1507112 column 213: unknown constant S6079_dot_QRDZ_63"")(error ""line 1507113 column 213: unknown constant S6079_dot_QRDZ_64"")(error ""line 1507114 column 213: unknown constant S6079_dot_QRDZ_65"")(error ""line 1507115 column 213: unknown constant S6079_dot_QRDZ_66"")(error ""line 1507116 column 213: unknown constant S6079_dot_QRDZ_67"")(error ""line 1507117 column 213: unknown constant S6079_dot_QRDZ_68"")(error ""line 1507118 column 213: unknown constant S6079_dot_QRDZ_69"")(error ""line 1507119 column 213: unknown constant S6079_dot_QRDZ_70"")(error ""line 1507120 column 213: unknown constant S6079_dot_QRDZ_71"")(error ""line 1507121 column 213: unknown constant S6079_dot_QRDZ_72"")(error ""line 1507122 column 213: unknown constant S6079_dot_QRDZ_73"")(error ""line 1507123 column 213: unknown constant S6079_dot_QRDZ_74"")(error ""line 1507124 column 213: unknown constant S6079_dot_QRDZ_75"")(error ""line 1507125 column 213: unknown constant S6079_dot_QRDZ_76"")(error ""line 1507126 column 213: unknown constant S6079_dot_QRDZ_77"")(error ""line 1507127 column 213: unknown constant S6079_dot_QRDZ_78"")(error ""line 1507128 column 213: unknown constant S6079_dot_QRDZ_79"")(error ""line 1507129 column 213: unknown constant S6079_dot_QRDZ_80"")(error ""line 1507130 column 213: unknown constant S6079_dot_QRDZ_81"")(error ""line 1507131 column 213: unknown constant S6079_dot_QRDZ_82"")(error ""line 1507132 column 213: unknown constant S6079_dot_QRDZ_83"")(error ""line 1507133 column 213: unknown constant S6079_dot_QRDZ_84"")(error ""line 1507134 column 213: unknown constant S6079_dot_QRDZ_85"")(error ""line 1507135 column 213: unknown constant S6079_dot_QRDZ_86"")(error ""line 1507136 column 213: unknown constant S6079_dot_QRDZ_87"")(error ""line 1507137 column 213: unknown constant S6079_dot_QRDZ_88"")(error ""line 1507138 column 213: unknown constant S6079_dot_QRDZ_89"")(error ""line 1507139 column 213: unknown constant S6079_dot_QRDZ_90"")(error ""line 1507140 column 213: unknown constant S6079_dot_QRDZ_91"")(error ""line 1507141 column 213: unknown constant S6079_dot_QRDZ_92"")(error ""line 1507142 column 213: unknown constant S6079_dot_QRDZ_93"")(error ""line 1507143 column 213: unknown constant S6079_dot_QRDZ_94"")(error ""line 1507144 column 213: unknown constant S6079_dot_QRDZ_95"")(error ""line 1507145 column 213: unknown constant S6079_dot_QRDZ_96"")(error ""line 1507146 column 213: unknown constant S6079_dot_QRDZ_97"")(error ""line 1507147 column 213: unknown constant S6079_dot_QRDZ_98"")(error ""line 1507148 column 217: unknown constant S6079_dot_QRDZ_99"")sat",N/A => Expected predicate keys to be pre-included in a dictionary.,yes,yes,yes,yes,0.0680495,yes,yes,yes
2_1_16_SignalReminder_group3,Theorem,CounterSatisfiable,no,18.9053033,CounterSatisfiable,unsat,unsat,yes,unsat,yes,yes,yes,yes,yes,0.0663397,yes,yes,yes
2_1_16_SignalReminder_group4,Theorem,Theorem,yes,19.2146686,Theorem,unsat,unsat,yes,unsat,yes,yes,yes,yes,yes,0.0669029,yes,yes,yes
2_1_16_SignalReminder_group5,Theorem,Theorem,yes,18.8744164,Theorem,unsat,unsat,yes,unsat,yes,yes,yes,yes,yes,0.0660828,yes,yes,yes
2_1_16_SignalReminder_group6,Theorem,Theorem,yes,19.0798083,Theorem,unsat,unsat,yes,unsat,yes,yes,yes,yes,yes,0.0668385,yes,yes,yes
2_1_16_SignalReminder_group7,Theorem,CounterSatisfiable,no,18.852339,CounterSatisfiable,unsat,unsat,yes,unsat,yes,yes,yes,yes,yes,0.0647518,yes,yes,yes
2_1_16_SignalReminder_group8,Theorem,CounterSatisfiable,no,18.9186399,CounterSatisfiable,unsat,unsat,yes,unsat,yes,yes,yes,yes,yes,0.0637649,yes,yes,yes
2_1_16_SignalReminder_group9,Theorem,CounterSatisfiable,no,19.0522774,CounterSatisfiable,unsat,unsat,yes,unsat,yes,yes,yes,yes,yes,0.0579391,yes,yes,yes
2_1_17_TechniciansRouteBar_group0,Theorem,Theorem,yes,18.805681,Theorem,unsat,unsat,yes,unsat,yes,yes,yes,yes,yes,0.066234,yes,yes,yes
2_1_17_TechniciansRouteBar_group1,Theorem,Theorem,yes,18.6749962,Theorem,unsat,unsat,yes,unsat,yes,yes,yes,yes,yes,0.0675243,yes,yes,yes
2_1_17_TechniciansRouteBar_group10,Theorem,Theorem,yes,18.718418,Theorem,unsat,unsat,yes,unsat,yes,yes,yes,yes,yes,0.0652577,yes,yes,yes
2_1_17_TechniciansRouteBar_group11,Theorem,Theorem,yes,18.7921508,Theorem,unsat,unsat,yes,unsat,yes,yes,yes,yes,yes,0.0681842,yes,yes,yes
2_1_17_TechniciansRouteBar_group12,Theorem,Theorem,yes,18.901649,Theorem,unsat,unsat,yes,unsat,yes,yes,yes,yes,yes,0.0702186,yes,yes,yes
2_1_17_TechniciansRouteBar_group13,Theorem,Theorem,yes,18.7444716,Theorem,unsat,unsat,yes,unsat,yes,yes,yes,yes,yes,0.0702562,yes,yes,yes
2_1_17_TechniciansRouteBar_group14,Theorem,Theorem,yes,18.6444003,Theorem,unsat,unsat,yes,unsat,yes,yes,yes,yes,yes,0.0713718,yes,yes,yes
2_1_17_TechniciansRouteBar_group15,Theorem,Theorem,yes,18.7291839,Theorem,unsat,unsat,yes,unsat,yes,yes,yes,yes,yes,0.0687028,yes,yes,yes
2_1_17_TechniciansRouteBar_group16,Theorem,Theorem,yes,18.8380432,Theorem,unsat,unsat,yes,unsat,yes,yes,yes,yes,yes,0.0709584,yes,yes,yes
2_1_17_TechniciansRouteBar_group17,Theorem,Theorem,yes,18.7588768,Theorem,unsat,unsat,yes,unsat,yes,yes,yes,yes,yes,0.0685412,yes,yes,yes
2_1_17_TechniciansRouteBar_group18,Theorem,Theorem,yes,18.8871983,Theorem,unsat,unsat,yes,unsat,yes,yes,yes,yes,yes,0.0728498,yes,yes,yes
2_1_17_TechniciansRouteBar_group19,Theorem,Theorem,yes,18.9630664,Theorem,unsat,unsat,yes,unsat,yes,yes,yes,yes,yes,0.0667417,yes,yes,yes
2_1_17_TechniciansRouteBar_group2,Theorem,Theorem,yes,18.5773761,Theorem,unsat,unsat,yes,unsat,yes,yes,yes,yes,yes,0.0659035,yes,yes,yes
2_1_17_TechniciansRouteBar_group20,Theorem,Theorem,yes,18.7619912,Theorem,unsat,unsat,yes,unsat,yes,yes,yes,yes,yes,0.0704681,yes,yes,yes
2_1_17_TechniciansRouteBar_group21,Theorem,Theorem,yes,18.8312451,Theorem,unsat,unsat,yes,unsat,yes,yes,yes,yes,yes,0.0660969,yes,yes,yes
2_1_17_TechniciansRouteBar_group22,Theorem,Theorem,yes,18.9585161,Theorem,unsat,unsat,yes,unsat,yes,yes,yes,yes,yes,0.0659975,yes,yes,yes
2_1_17_TechniciansRouteBar_group23,Theorem,Theorem,yes,18.6618453,Theorem,unsat,unsat,yes,unsat,yes,yes,yes,yes,yes,0.0668184,yes,yes,yes
2_1_17_TechniciansRouteBar_group24,Theorem,Theorem,yes,18.645447,Theorem,unsat,unsat,yes,unsat,yes,yes,yes,yes,yes,0.063592,yes,yes,yes
2_1_17_TechniciansRouteBar_group25,Theorem,Theorem,yes,18.7413975,Theorem,unsat,unsat,yes,unsat,yes,yes,yes,yes,yes,0.0675,yes,yes,yes
2_1_17_TechniciansRouteBar_group26,Theorem,Theorem,yes,18.622715,Theorem,unsat,unsat,yes,unsat,yes,yes,yes,yes,yes,0.0618804,yes,yes,yes
2_1_17_TechniciansRouteBar_group27,Theorem,Theorem,yes,18.6166805,Theorem,unsat,unsat,yes,unsat,yes,yes,yes,yes,yes,0.0673529,yes,yes,yes
2_1_17_TechniciansRouteBar_group3,Theorem,Theorem,yes,18.7003189,Theorem,unsat,unsat,yes,unsat,yes,yes,yes,yes,yes,0.0651285,yes,yes,yes
2_1_17_TechniciansRouteBar_group4,Theorem,Theorem,yes,18.6140752,Theorem,unsat,unsat,yes,unsat,yes,yes,yes,yes,yes,0.0731662,yes,yes,yes
2_1_17_TechniciansRouteBar_group5,Theorem,Theorem,yes,18.6934698,Theorem,unsat,unsat,yes,unsat,yes,yes,yes,yes,yes,0.0619382,yes,yes,yes
2_1_17_TechniciansRouteBar_group6,Theorem,Theorem,yes,18.6833795,Theorem,unsat,unsat,yes,unsat,yes,yes,yes,yes,yes,0.0635208,yes,yes,yes
2_1_17_TechniciansRouteBar_group7,Theorem,Theorem,yes,18.6398964,Theorem,unsat,unsat,yes,unsat,yes,yes,yes,yes,yes,0.0663147,yes,yes,yes
2_1_17_TechniciansRouteBar_group8,Theorem,Theorem,yes,18.6798871,Theorem,unsat,unsat,yes,unsat,yes,yes,yes,yes,yes,0.061723,yes,yes,yes
2_1_17_TechniciansRouteBar_group9,Theorem,Theorem,yes,18.5409174,Theorem,unsat,unsat,yes,unsat,yes,yes,yes,yes,yes,0.062911,yes,yes,yes
2_1_18_SignalGroupReplacement_group0,Theorem,Theorem,yes,18.8144214,Theorem,unsat,unsat,yes,unsat,yes,yes,yes,yes,yes,0.0676965,yes,yes,yes
2_1_18_SignalGroupReplacement_group1,Theorem,Theorem,yes,18.6447375,Theorem,unsat,unsat,yes,unsat,yes,yes,yes,yes,yes,0.0645722,yes,yes,yes
2_1_18_SignalGroupReplacement_group10,Theorem,Theorem,yes,18.6235793,Theorem,unsat,unsat,yes,unsat,yes,yes,yes,yes,yes,0.0651732,yes,yes,yes
2_1_18_SignalGroupReplacement_group11,Theorem,Theorem,yes,18.9035281,Theorem,unsat,unsat,yes,unsat,yes,yes,yes,yes,yes,0.0644483,yes,yes,yes
2_1_18_SignalGroupReplacement_group12,Theorem,Theorem,yes,18.7911118,Theorem,unsat,unsat,yes,unsat,yes,yes,yes,yes,yes,0.0671703,yes,yes,yes
2_1_18_SignalGroupReplacement_group13,Theorem,Theorem,yes,18.7839385,Theorem,unsat,unsat,yes,unsat,yes,yes,yes,yes,yes,0.0682284,yes,yes,yes
2_1_18_SignalGroupReplacement_group14,Theorem,Theorem,yes,18.9314357,Theorem,unsat,unsat,yes,unsat,yes,yes,yes,yes,yes,0.0686916,yes,yes,yes
2_1_18_SignalGroupReplacement_group15,Theorem,Theorem,yes,18.929725,Theorem,unsat,unsat,yes,unsat,yes,yes,yes,yes,yes,0.0678494,yes,yes,yes
2_1_18_SignalGroupReplacement_group16,Theorem,Theorem,yes,18.7884763,Theorem,unsat,unsat,yes,unsat,yes,yes,yes,yes,yes,0.06681,yes,yes,yes
2_1_18_SignalGroupReplacement_group17,Theorem,Theorem,yes,18.8561033,Theorem,unsat,unsat,yes,unsat,yes,yes,yes,yes,yes,0.0655502,yes,yes,yes
2_1_18_SignalGroupReplacement_group18,Theorem,Theorem,yes,18.6196065,Theorem,unsat,unsat,yes,unsat,yes,yes,yes,yes,yes,0.0692577,yes,yes,yes
2_1_18_SignalGroupReplacement_group19,Theorem,Theorem,yes,18.7289659,Theorem,unsat,unsat,yes,unsat,yes,yes,yes,yes,yes,0.0666609,yes,yes,yes
2_1_18_SignalGroupReplacement_group2,Theorem,Theorem,yes,18.7507951,Theorem,unsat,unsat,yes,unsat,yes,yes,yes,yes,yes,0.0633045,yes,yes,yes
2_1_18_SignalGroupReplacement_group20,Theorem,Theorem,yes,18.977958,Theorem,unsat,unsat,yes,unsat,yes,yes,yes,yes,yes,0.0678071,yes,yes,yes
2_1_18_SignalGroupReplacement_group21,Theorem,Theorem,yes,18.6690144,Theorem,unsat,unsat,yes,unsat,yes,yes,yes,yes,yes,0.0709993,yes,yes,yes
2_1_18_SignalGroupReplacement_group22,Theorem,Theorem,yes,18.819162,Theorem,unsat,unsat,yes,unsat,yes,yes,yes,yes,yes,0.0645507,yes,yes,yes
2_1_18_SignalGroupReplacement_group23,Theorem,Theorem,yes,18.8626774,Theorem,unsat,unsat,yes,unsat,yes,yes,yes,yes,yes,0.0620006,yes,yes,yes
2_1_18_SignalGroupReplacement_group24,Theorem,Theorem,yes,18.6882333,Theorem,unsat,unsat,yes,unsat,yes,yes,yes,yes,yes,0.141545,yes,yes,yes
2_1_18_SignalGroupReplacement_group25,Theorem,Theorem,yes,18.8448801,Theorem,unsat,unsat,yes,unsat,yes,yes,yes,yes,yes,0.0659537,yes,yes,yes
2_1_18_SignalGroupReplacement_group26,Theorem,Theorem,yes,18.6062248,Theorem,unsat,unsat,yes,unsat,yes,yes,yes,yes,yes,0.0688524,yes,yes,yes
2_1_18_SignalGroupReplacement_group27,Theorem,Theorem,yes,18.7251048,Theorem,unsat,unsat,yes,unsat,yes,yes,yes,yes,yes,0.066494,yes,yes,yes
2_1_18_SignalGroupReplacement_group3,Theorem,Theorem,yes,18.7685098,Theorem,unsat,unsat,yes,unsat,yes,yes,yes,yes,yes,0.0653572,yes,yes,yes
2_1_18_SignalGroupReplacement_group4,Theorem,Theorem,yes,18.792062,Theorem,unsat,unsat,yes,unsat,yes,yes,yes,yes,yes,0.1191339,yes,yes,yes
2_1_18_SignalGroupReplacement_group5,Theorem,Theorem,yes,18.5760809,Theorem,unsat,unsat,yes,unsat,yes,yes,yes,yes,yes,0.0657023,yes,yes,yes
2_1_18_SignalGroupReplacement_group6,Theorem,Theorem,yes,18.6301677,Theorem,unsat,unsat,yes,unsat,yes,yes,yes,yes,yes,0.068936,yes,yes,yes
2_1_18_SignalGroupReplacement_group7,Theorem,Theorem,yes,18.6564855,Theorem,unsat,unsat,yes,unsat,yes,yes,yes,yes,yes,0.0726426,yes,yes,yes
2_1_18_SignalGroupReplacement_group8,Theorem,Theorem,yes,18.7286104,Theorem,unsat,unsat,yes,unsat,yes,yes,yes,yes,yes,0.066645,yes,yes,yes
2_1_18_SignalGroupReplacement_group9,Theorem,Theorem,yes,18.7394977,Theorem,unsat,unsat,yes,unsat,yes,yes,yes,yes,yes,0.0597473,yes,yes,yes
2_1_2_OpposingRoutes_group0,Theorem,CounterSatisfiable,no,18.7919087,Theorem,unsat,sat,no,unsat,yes,yes,yes,yes,yes,0.0660535,yes,yes,yes
2_1_2_OpposingRoutes_group1,Theorem,CounterSatisfiable,no,18.859714,Theorem,unsat,sat,no,unsat,yes,yes,yes,yes,yes,0.0645707,yes,yes,yes
2_1_2_OpposingRoutes_group10,Theorem,CounterSatisfiable,no,19.087608,Theorem,unsat,sat,no,unsat,yes,yes,yes,yes,yes,0.0621717,yes,yes,yes
2_1_2_OpposingRoutes_group11,Theorem,CounterSatisfiable,no,18.9633061,Theorem,unsat,sat,no,unsat,yes,yes,yes,yes,yes,0.0682194,yes,yes,yes
2_1_2_OpposingRoutes_group12,Theorem,CounterSatisfiable,no,18.9321936,Theorem,unsat,sat,no,unsat,yes,yes,yes,yes,yes,0.0670436,yes,yes,yes
2_1_2_OpposingRoutes_group13,Theorem,CounterSatisfiable,no,18.9165571,Theorem,unsat,sat,no,unsat,yes,yes,yes,yes,yes,0.0657935,yes,yes,yes
2_1_2_OpposingRoutes_group14,Theorem,CounterSatisfiable,no,18.8849819,Theorem,unsat,sat,no,unsat,yes,yes,yes,yes,yes,0.0653199,yes,yes,yes
2_1_2_OpposingRoutes_group15,Theorem,CounterSatisfiable,no,18.7808409,Theorem,unsat,sat,no,unsat,yes,yes,yes,yes,yes,0.0653709,yes,yes,yes
2_1_2_OpposingRoutes_group16,Theorem,CounterSatisfiable,no,18.8467767,Theorem,unsat,sat,no,unsat,yes,yes,yes,yes,yes,0.0667577,yes,yes,yes
2_1_2_OpposingRoutes_group17,Theorem,CounterSatisfiable,no,18.8984343,Theorem,unsat,sat,no,unsat,yes,yes,yes,yes,yes,0.065999,yes,yes,yes
2_1_2_OpposingRoutes_group18,Theorem,CounterSatisfiable,no,18.886751,Theorem,unsat,sat,no,unsat,yes,yes,yes,yes,yes,0.0656019,yes,yes,yes
2_1_2_OpposingRoutes_group19,Theorem,CounterSatisfiable,no,18.9165906,Theorem,unsat,sat,no,unsat,yes,yes,yes,yes,yes,0.0673375,yes,yes,yes
2_1_2_OpposingRoutes_group2,Theorem,CounterSatisfiable,no,18.8238121,Theorem,unsat,sat,no,unsat,yes,yes,yes,yes,yes,0.059906,yes,yes,yes
2_1_2_OpposingRoutes_group20,Theorem,CounterSatisfiable,no,18.8761738,Theorem,unsat,sat,no,unsat,yes,yes,yes,yes,yes,0.0717505,yes,yes,yes
2_1_2_OpposingRoutes_group21,Theorem,CounterSatisfiable,no,18.9532757,Theorem,unsat,sat,no,unsat,yes,yes,yes,yes,yes,0.0691298,yes,yes,yes
2_1_2_OpposingRoutes_group22,Theorem,CounterSatisfiable,no,18.8380279,Theorem,unsat,sat,no,unsat,yes,yes,yes,yes,yes,0.0635612,yes,yes,yes
2_1_2_OpposingRoutes_group23,Theorem,CounterSatisfiable,no,18.789313,Theorem,unsat,sat,no,unsat,yes,yes,yes,yes,yes,0.0663021,yes,yes,yes
2_1_2_OpposingRoutes_group24,Theorem,CounterSatisfiable,no,18.7919649,Theorem,unsat,sat,no,unsat,yes,yes,yes,yes,yes,0.0685412,yes,yes,yes
2_1_2_OpposingRoutes_group25,Theorem,CounterSatisfiable,no,18.8047175,Theorem,unsat,sat,no,unsat,yes,yes,yes,yes,yes,0.0661658,yes,yes,yes
2_1_2_OpposingRoutes_group26,Theorem,CounterSatisfiable,no,18.5558944,Theorem,unsat,sat,no,unsat,yes,yes,yes,yes,yes,0.0683562,yes,yes,yes
2_1_2_OpposingRoutes_group3,Theorem,CounterSatisfiable,no,18.7019497,Theorem,unsat,sat,no,unsat,yes,yes,yes,yes,yes,0.0639875,yes,yes,yes
2_1_2_OpposingRoutes_group4,Theorem,CounterSatisfiable,no,19.0041453,Theorem,unsat,sat,no,unsat,yes,yes,yes,yes,yes,0.0644383,yes,yes,yes
2_1_2_OpposingRoutes_group5,Theorem,CounterSatisfiable,no,18.8392021,Theorem,unsat,sat,no,unsat,yes,yes,yes,yes,yes,0.0691632,yes,yes,yes
2_1_2_OpposingRoutes_group6,Theorem,CounterSatisfiable,no,18.7316134,Theorem,unsat,sat,no,unsat,yes,yes,yes,yes,yes,0.0737967,yes,yes,yes
2_1_2_OpposingRoutes_group7,Theorem,CounterSatisfiable,no,19.4400683,Theorem,unsat,sat,no,unsat,yes,yes,yes,yes,yes,0.066269,yes,yes,yes
2_1_2_OpposingRoutes_group8,Theorem,CounterSatisfiable,no,19.2402793,Theorem,unsat,sat,no,unsat,yes,yes,yes,yes,yes,0.0731703,yes,yes,yes
2_1_2_OpposingRoutes_group9,Theorem,CounterSatisfiable,no,19.2136885,Theorem,unsat,sat,no,unsat,yes,yes,yes,yes,yes,0.0676464,yes,yes,yes
2_1_20_PermissiveRouteSettingExitSignal_group0,Theorem,Theorem,yes,18.6426924,Theorem,unsat,unsat,yes,unsat,yes,yes,yes,yes,yes,0.0642502,yes,yes,yes
2_1_20_PermissiveRouteSettingExitSignal_group1,Theorem,Theorem,yes,18.732811,Theorem,unsat,unsat,yes,unsat,yes,yes,yes,yes,yes,0.0656347,yes,yes,yes
2_1_20_PermissiveRouteSettingExitSignal_group2,Theorem,Theorem,yes,18.9346692,Theorem,unsat,unsat,yes,unsat,yes,yes,yes,yes,yes,0.0649757,yes,yes,yes
2_1_21_PermissiveRouteSettingOppMovements_group0,Theorem,CounterSatisfiable,no,18.6678361,Theorem,unsat,unsat,yes,unsat,yes,yes,yes,yes,yes,0.0646136,yes,yes,yes
2_1_21_PermissiveRouteSettingOppMovements_group1,Theorem,CounterSatisfiable,no,18.9597552,CounterSatisfiable,unsat,unsat,yes,unsat,yes,yes,yes,yes,yes,0.0705134,yes,yes,yes
2_1_21_PermissiveRouteSettingOppMovements_group2,Theorem,CounterSatisfiable,no,18.8162787,CounterSatisfiable,unsat,unsat,yes,unsat,yes,yes,yes,yes,yes,0.0664034,yes,yes,yes
2_1_22_RoutesFromPermissiveExit_group0,Theorem,CounterSatisfiable,no,18.7047313,Theorem,unsat,unsat,yes,unsat,yes,yes,yes,yes,yes,0.0669359,yes,yes,yes
2_1_22_RoutesFromPermissiveExit_group1,Theorem,CounterSatisfiable,no,18.8418944,Theorem,unsat,unsat,yes,unsat,yes,yes,yes,yes,yes,0.0652676,yes,yes,yes
2_1_22_RoutesFromPermissiveExit_group2,Theorem,CounterSatisfiable,no,18.9009119,Theorem,unsat,unsat,yes,unsat,yes,yes,yes,yes,yes,0.0652687,yes,yes,yes
2_1_22_RoutesFromPermissiveExit_group3,Theorem,CounterSatisfiable,no,18.7687762,Theorem,unsat,unsat,yes,unsat,yes,yes,yes,yes,yes,0.0663151,yes,yes,yes
2_1_22_RoutesFromPermissiveExit_group4,Theorem,CounterSatisfiable,no,18.8079758,Theorem,unsat,unsat,yes,unsat,yes,yes,yes,yes,yes,0.0675477,yes,yes,yes
2_1_23_TrackSectionsInLineOfRoute_group0,Theorem,CounterSatisfiable,no,18.8692117,CounterSatisfiable,unsat,unsat,yes,unsat,yes,yes,yes,yes,yes,0.0683103,yes,yes,yes
2_1_23_TrackSectionsInLineOfRoute_group1,Theorem,CounterSatisfiable,no,19.1235448,CounterSatisfiable,"(error ""line 32741 column 255: unknown constant NUSR_dot__op_N_cp_P1506B_1"")sat","(error ""line 38710 column 255: unknown constant NUSR_dot__op_N_cp_P1506B_1"")(error ""line 38711 column 255: unknown constant NUSR_dot__op_N_cp_P1506B_2"")sat",no,"(error ""line 1507049 column 266: unknown constant NUSR_dot__op_N_cp_P1506B_1"")(error ""line 1507050 column 266: unknown constant NUSR_dot__op_N_cp_P1506B_2"")(error ""line 1507051 column 266: unknown constant NUSR_dot__op_N_cp_P1506B_3"")(error ""line 1507052 column 266: unknown constant NUSR_dot__op_N_cp_P1506B_4"")(error ""line 1507053 column 266: unknown constant NUSR_dot__op_N_cp_P1506B_5"")(error ""line 1507054 column 266: unknown constant NUSR_dot__op_N_cp_P1506B_6"")(error ""line 1507055 column 266: unknown constant NUSR_dot__op_N_cp_P1506B_7"")(error ""line 1507056 column 266: unknown constant NUSR_dot__op_N_cp_P1506B_8"")(error ""line 1507057 column 266: unknown constant NUSR_dot__op_N_cp_P1506B_9"")(error ""line 1507058 column 271: unknown constant NUSR_dot__op_N_cp_P1506B_10"")(error ""line 1507059 column 272: unknown constant NUSR_dot__op_N_cp_P1506B_11"")(error ""line 1507060 column 272: unknown constant NUSR_dot__op_N_cp_P1506B_12"")(error ""line 1507061 column 272: unknown constant NUSR_dot__op_N_cp_P1506B_13"")(error ""line 1507062 column 272: unknown constant NUSR_dot__op_N_cp_P1506B_14"")(error ""line 1507063 column 272: unknown constant NUSR_dot__op_N_cp_P1506B_15"")(error ""line 1507064 column 272: unknown constant NUSR_dot__op_N_cp_P1506B_16"")(error ""line 1507065 column 272: unknown constant NUSR_dot__op_N_cp_P1506B_17"")(error ""line 1507066 column 272: unknown constant NUSR_dot__op_N_cp_P1506B_18"")(error ""line 1507067 column 272: unknown constant NUSR_dot__op_N_cp_P1506B_19"")(error ""line 1507068 column 272: unknown constant NUSR_dot__op_N_cp_P1506B_20"")(error ""line 1507069 column 272: unknown constant NUSR_dot__op_N_cp_P1506B_21"")(error ""line 1507070 column 272: unknown constant NUSR_dot__op_N_cp_P1506B_22"")(error ""line 1507071 column 272: unknown constant NUSR_dot__op_N_cp_P1506B_23"")(error ""line 1507072 column 272: unknown constant NUSR_dot__op_N_cp_P1506B_24"")(error ""line 1507073 column 272: unknown constant NUSR_dot__op_N_cp_P1506B_25"")(error ""line 1507074 column 272: unknown constant NUSR_dot__op_N_cp_P1506B_26"")(error ""line 1507075 column 272: unknown constant NUSR_dot__op_N_cp_P1506B_27"")(error ""line 1507076 column 272: unknown constant NUSR_dot__op_N_cp_P1506B_28"")(error ""line 1507077 column 272: unknown constant NUSR_dot__op_N_cp_P1506B_29"")(error ""line 1507078 column 272: unknown constant NUSR_dot__op_N_cp_P1506B_30"")(error ""line 1507079 column 272: unknown constant NUSR_dot__op_N_cp_P1506B_31"")(error ""line 1507080 column 272: unknown constant NUSR_dot__op_N_cp_P1506B_32"")(error ""line 1507081 column 272: unknown constant NUSR_dot__op_N_cp_P1506B_33"")(error ""line 1507082 column 272: unknown constant NUSR_dot__op_N_cp_P1506B_34"")(error ""line 1507083 column 272: unknown constant NUSR_dot__op_N_cp_P1506B_35"")(error ""line 1507084 column 272: unknown constant NUSR_dot__op_N_cp_P1506B_36"")(error ""line 1507085 column 272: unknown constant NUSR_dot__op_N_cp_P1506B_37"")(error ""line 1507086 column 272: unknown constant NUSR_dot__op_N_cp_P1506B_38"")(error ""line 1507087 column 272: unknown constant NUSR_dot__op_N_cp_P1506B_39"")(error ""line 1507088 column 272: unknown constant NUSR_dot__op_N_cp_P1506B_40"")(error ""line 1507089 column 272: unknown constant NUSR_dot__op_N_cp_P1506B_41"")(error ""line 1507090 column 272: unknown constant NUSR_dot__op_N_cp_P1506B_42"")(error ""line 1507091 column 272: unknown constant NUSR_dot__op_N_cp_P1506B_43"")(error ""line 1507092 column 272: unknown constant NUSR_dot__op_N_cp_P1506B_44"")(error ""line 1507093 column 272: unknown constant NUSR_dot__op_N_cp_P1506B_45"")(error ""line 1507094 column 272: unknown constant NUSR_dot__op_N_cp_P1506B_46"")(error ""line 1507095 column 272: unknown constant NUSR_dot__op_N_cp_P1506B_47"")(error ""line 1507096 column 272: unknown constant NUSR_dot__op_N_cp_P1506B_48"")(error ""line 1507097 column 272: unknown constant NUSR_dot__op_N_cp_P1506B_49"")(error ""line 1507098 column 272: unknown constant NUSR_dot__op_N_cp_P1506B_50"")(error ""line 1507099 column 272: unknown constant NUSR_dot__op_N_cp_P1506B_51"")(error ""line 1507100 column 272: unknown constant NUSR_dot__op_N_cp_P1506B_52"")(error ""line 1507101 column 272: unknown constant NUSR_dot__op_N_cp_P1506B_53"")(error ""line 1507102 column 272: unknown constant NUSR_dot__op_N_cp_P1506B_54"")(error ""line 1507103 column 272: unknown constant NUSR_dot__op_N_cp_P1506B_55"")(error ""line 1507104 column 272: unknown constant NUSR_dot__op_N_cp_P1506B_56"")(error ""line 1507105 column 272: unknown constant NUSR_dot__op_N_cp_P1506B_57"")(error ""line 1507106 column 272: unknown constant NUSR_dot__op_N_cp_P1506B_58"")(error ""line 1507107 column 272: unknown constant NUSR_dot__op_N_cp_P1506B_59"")(error ""line 1507108 column 272: unknown constant NUSR_dot__op_N_cp_P1506B_60"")(error ""line 1507109 column 272: unknown constant NUSR_dot__op_N_cp_P1506B_61"")(error ""line 1507110 column 272: unknown constant NUSR_dot__op_N_cp_P1506B_62"")(error ""line 1507111 column 272: unknown constant NUSR_dot__op_N_cp_P1506B_63"")(error ""line 1507112 column 272: unknown constant NUSR_dot__op_N_cp_P1506B_64"")(error ""line 1507113 column 272: unknown constant NUSR_dot__op_N_cp_P1506B_65"")(error ""line 1507114 column 272: unknown constant NUSR_dot__op_N_cp_P1506B_66"")(error ""line 1507115 column 272: unknown constant NUSR_dot__op_N_cp_P1506B_67"")(error ""line 1507116 column 272: unknown constant NUSR_dot__op_N_cp_P1506B_68"")(error ""line 1507117 column 272: unknown constant NUSR_dot__op_N_cp_P1506B_69"")(error ""line 1507118 column 272: unknown constant NUSR_dot__op_N_cp_P1506B_70"")(error ""line 1507119 column 272: unknown constant NUSR_dot__op_N_cp_P1506B_71"")(error ""line 1507120 column 272: unknown constant NUSR_dot__op_N_cp_P1506B_72"")(error ""line 1507121 column 272: unknown constant NUSR_dot__op_N_cp_P1506B_73"")(error ""line 1507122 column 272: unknown constant NUSR_dot__op_N_cp_P1506B_74"")(error ""line 1507123 column 272: unknown constant NUSR_dot__op_N_cp_P1506B_75"")(error ""line 1507124 column 272: unknown constant NUSR_dot__op_N_cp_P1506B_76"")(error ""line 1507125 column 272: unknown constant NUSR_dot__op_N_cp_P1506B_77"")(error ""line 1507126 column 272: unknown constant NUSR_dot__op_N_cp_P1506B_78"")(error ""line 1507127 column 272: unknown constant NUSR_dot__op_N_cp_P1506B_79"")(error ""line 1507128 column 272: unknown constant NUSR_dot__op_N_cp_P1506B_80"")(error ""line 1507129 column 272: unknown constant NUSR_dot__op_N_cp_P1506B_81"")(error ""line 1507130 column 272: unknown constant NUSR_dot__op_N_cp_P1506B_82"")(error ""line 1507131 column 272: unknown constant NUSR_dot__op_N_cp_P1506B_83"")(error ""line 1507132 column 272: unknown constant NUSR_dot__op_N_cp_P1506B_84"")(error ""line 1507133 column 272: unknown constant NUSR_dot__op_N_cp_P1506B_85"")(error ""line 1507134 column 272: unknown constant NUSR_dot__op_N_cp_P1506B_86"")(error ""line 1507135 column 272: unknown constant NUSR_dot__op_N_cp_P1506B_87"")(error ""line 1507136 column 272: unknown constant NUSR_dot__op_N_cp_P1506B_88"")(error ""line 1507137 column 272: unknown constant NUSR_dot__op_N_cp_P1506B_89"")(error ""line 1507138 column 272: unknown constant NUSR_dot__op_N_cp_P1506B_90"")(error ""line 1507139 column 272: unknown constant NUSR_dot__op_N_cp_P1506B_91"")(error ""line 1507140 column 272: unknown constant NUSR_dot__op_N_cp_P1506B_92"")(error ""line 1507141 column 272: unknown constant NUSR_dot__op_N_cp_P1506B_93"")(error ""line 1507142 column 272: unknown constant NUSR_dot__op_N_cp_P1506B_94"")(error ""line 1507143 column 272: unknown constant NUSR_dot__op_N_cp_P1506B_95"")(error ""line 1507144 column 272: unknown constant NUSR_dot__op_N_cp_P1506B_96"")(error ""line 1507145 column 272: unknown constant NUSR_dot__op_N_cp_P1506B_97"")(error ""line 1507146 column 272: unknown constant NUSR_dot__op_N_cp_P1506B_98"")(error ""line 1507147 column 272: unknown constant NUSR_dot__op_N_cp_P1506B_99"")(error ""line 1507148 column 277: unknown constant NUSR_dot__op_N_cp_P1506B_100"")sat",N/A => Expected predicate keys to be pre-included in a dictionary.,yes,yes,yes,N/A => Expected predicate keys to be pre-included in a dictionary.,0,yes,yes,yes
2_1_23_TrackSectionsInLineOfRoute_group10,Theorem,CounterSatisfiable,no,18.9717249,CounterSatisfiable,"(error ""line 32741 column 140: unknown constant OUSR_dot__op_N_cp_P1506B_1"")sat","(error ""line 38710 column 140: unknown constant OUSR_dot__op_N_cp_P1506B_1"")(error ""line 38711 column 140: unknown constant OUSR_dot__op_N_cp_P1506B_2"")sat",no,"(error ""line 1507049 column 151: unknown constant OUSR_dot__op_N_cp_P1506B_1"")(error ""line 1507050 column 151: unknown constant OUSR_dot__op_N_cp_P1506B_2"")(error ""line 1507051 column 151: unknown constant OUSR_dot__op_N_cp_P1506B_3"")(error ""line 1507052 column 151: unknown constant OUSR_dot__op_N_cp_P1506B_4"")(error ""line 1507053 column 151: unknown constant OUSR_dot__op_N_cp_P1506B_5"")(error ""line 1507054 column 151: unknown constant OUSR_dot__op_N_cp_P1506B_6"")(error ""line 1507055 column 151: unknown constant OUSR_dot__op_N_cp_P1506B_7"")(error ""line 1507056 column 151: unknown constant OUSR_dot__op_N_cp_P1506B_8"")(error ""line 1507057 column 151: unknown constant OUSR_dot__op_N_cp_P1506B_9"")(error ""line 1507058 column 153: unknown constant OUSR_dot__op_N_cp_P1506B_10"")(error ""line 1507059 column 154: unknown constant OUSR_dot__op_N_cp_P1506B_11"")(error ""line 1507060 column 154: unknown constant OUSR_dot__op_N_cp_P1506B_12"")(error ""line 1507061 column 154: unknown constant OUSR_dot__op_N_cp_P1506B_13"")(error ""line 1507062 column 154: unknown constant OUSR_dot__op_N_cp_P1506B_14"")(error ""line 1507063 column 154: unknown constant OUSR_dot__op_N_cp_P1506B_15"")(error ""line 1507064 column 154: unknown constant OUSR_dot__op_N_cp_P1506B_16"")(error ""line 1507065 column 154: unknown constant OUSR_dot__op_N_cp_P1506B_17"")(error ""line 1507066 column 154: unknown constant OUSR_dot__op_N_cp_P1506B_18"")(error ""line 1507067 column 154: unknown constant OUSR_dot__op_N_cp_P1506B_19"")(error ""line 1507068 column 154: unknown constant OUSR_dot__op_N_cp_P1506B_20"")(error ""line 1507069 column 154: unknown constant OUSR_dot__op_N_cp_P1506B_21"")(error ""line 1507070 column 154: unknown constant OUSR_dot__op_N_cp_P1506B_22"")(error ""line 1507071 column 154: unknown constant OUSR_dot__op_N_cp_P1506B_23"")(error ""line 1507072 column 154: unknown constant OUSR_dot__op_N_cp_P1506B_24"")(error ""line 1507073 column 154: unknown constant OUSR_dot__op_N_cp_P1506B_25"")(error ""line 1507074 column 154: unknown constant OUSR_dot__op_N_cp_P1506B_26"")(error ""line 1507075 column 154: unknown constant OUSR_dot__op_N_cp_P1506B_27"")(error ""line 1507076 column 154: unknown constant OUSR_dot__op_N_cp_P1506B_28"")(error ""line 1507077 column 154: unknown constant OUSR_dot__op_N_cp_P1506B_29"")(error ""line 1507078 column 154: unknown constant OUSR_dot__op_N_cp_P1506B_30"")(error ""line 1507079 column 154: unknown constant OUSR_dot__op_N_cp_P1506B_31"")(error ""line 1507080 column 154: unknown constant OUSR_dot__op_N_cp_P1506B_32"")(error ""line 1507081 column 154: unknown constant OUSR_dot__op_N_cp_P1506B_33"")(error ""line 1507082 column 154: unknown constant OUSR_dot__op_N_cp_P1506B_34"")(error ""line 1507083 column 154: unknown constant OUSR_dot__op_N_cp_P1506B_35"")(error ""line 1507084 column 154: unknown constant OUSR_dot__op_N_cp_P1506B_36"")(error ""line 1507085 column 154: unknown constant OUSR_dot__op_N_cp_P1506B_37"")(error ""line 1507086 column 154: unknown constant OUSR_dot__op_N_cp_P1506B_38"")(error ""line 1507087 column 154: unknown constant OUSR_dot__op_N_cp_P1506B_39"")(error ""line 1507088 column 154: unknown constant OUSR_dot__op_N_cp_P1506B_40"")(error ""line 1507089 column 154: unknown constant OUSR_dot__op_N_cp_P1506B_41"")(error ""line 1507090 column 154: unknown constant OUSR_dot__op_N_cp_P1506B_42"")(error ""line 1507091 column 154: unknown constant OUSR_dot__op_N_cp_P1506B_43"")(error ""line 1507092 column 154: unknown constant OUSR_dot__op_N_cp_P1506B_44"")(error ""line 1507093 column 154: unknown constant OUSR_dot__op_N_cp_P1506B_45"")(error ""line 1507094 column 154: unknown constant OUSR_dot__op_N_cp_P1506B_46"")(error ""line 1507095 column 154: unknown constant OUSR_dot__op_N_cp_P1506B_47"")(error ""line 1507096 column 154: unknown constant OUSR_dot__op_N_cp_P1506B_48"")(error ""line 1507097 column 154: unknown constant OUSR_dot__op_N_cp_P1506B_49"")(error ""line 1507098 column 154: unknown constant OUSR_dot__op_N_cp_P1506B_50"")(error ""line 1507099 column 154: unknown constant OUSR_dot__op_N_cp_P1506B_51"")(error ""line 1507100 column 154: unknown constant OUSR_dot__op_N_cp_P1506B_52"")(error ""line 1507101 column 154: unknown constant OUSR_dot__op_N_cp_P1506B_53"")(error ""line 1507102 column 154: unknown constant OUSR_dot__op_N_cp_P1506B_54"")(error ""line 1507103 column 154: unknown constant OUSR_dot__op_N_cp_P1506B_55"")(error ""line 1507104 column 154: unknown constant OUSR_dot__op_N_cp_P1506B_56"")(error ""line 1507105 column 154: unknown constant OUSR_dot__op_N_cp_P1506B_57"")(error ""line 1507106 column 154: unknown constant OUSR_dot__op_N_cp_P1506B_58"")(error ""line 1507107 column 154: unknown constant OUSR_dot__op_N_cp_P1506B_59"")(error ""line 1507108 column 154: unknown constant OUSR_dot__op_N_cp_P1506B_60"")(error ""line 1507109 column 154: unknown constant OUSR_dot__op_N_cp_P1506B_61"")(error ""line 1507110 column 154: unknown constant OUSR_dot__op_N_cp_P1506B_62"")(error ""line 1507111 column 154: unknown constant OUSR_dot__op_N_cp_P1506B_63"")(error ""line 1507112 column 154: unknown constant OUSR_dot__op_N_cp_P1506B_64"")(error ""line 1507113 column 154: unknown constant OUSR_dot__op_N_cp_P1506B_65"")(error ""line 1507114 column 154: unknown constant OUSR_dot__op_N_cp_P1506B_66"")(error ""line 1507115 column 154: unknown constant OUSR_dot__op_N_cp_P1506B_67"")(error ""line 1507116 column 154: unknown constant OUSR_dot__op_N_cp_P1506B_68"")(error ""line 1507117 column 154: unknown constant OUSR_dot__op_N_cp_P1506B_69"")(error ""line 1507118 column 154: unknown constant OUSR_dot__op_N_cp_P1506B_70"")(error ""line 1507119 column 154: unknown constant OUSR_dot__op_N_cp_P1506B_71"")(error ""line 1507120 column 154: unknown constant OUSR_dot__op_N_cp_P1506B_72"")(error ""line 1507121 column 154: unknown constant OUSR_dot__op_N_cp_P1506B_73"")(error ""line 1507122 column 154: unknown constant OUSR_dot__op_N_cp_P1506B_74"")(error ""line 1507123 column 154: unknown constant OUSR_dot__op_N_cp_P1506B_75"")(error ""line 1507124 column 154: unknown constant OUSR_dot__op_N_cp_P1506B_76"")(error ""line 1507125 column 154: unknown constant OUSR_dot__op_N_cp_P1506B_77"")(error ""line 1507126 column 154: unknown constant OUSR_dot__op_N_cp_P1506B_78"")(error ""line 1507127 column 154: unknown constant OUSR_dot__op_N_cp_P1506B_79"")(error ""line 1507128 column 154: unknown constant OUSR_dot__op_N_cp_P1506B_80"")(error ""line 1507129 column 154: unknown constant OUSR_dot__op_N_cp_P1506B_81"")(error ""line 1507130 column 154: unknown constant OUSR_dot__op_N_cp_P1506B_82"")(error ""line 1507131 column 154: unknown constant OUSR_dot__op_N_cp_P1506B_83"")(error ""line 1507132 column 154: unknown constant OUSR_dot__op_N_cp_P1506B_84"")(error ""line 1507133 column 154: unknown constant OUSR_dot__op_N_cp_P1506B_85"")(error ""line 1507134 column 154: unknown constant OUSR_dot__op_N_cp_P1506B_86"")(error ""line 1507135 column 154: unknown constant OUSR_dot__op_N_cp_P1506B_87"")(error ""line 1507136 column 154: unknown constant OUSR_dot__op_N_cp_P1506B_88"")(error ""line 1507137 column 154: unknown constant OUSR_dot__op_N_cp_P1506B_89"")(error ""line 1507138 column 154: unknown constant OUSR_dot__op_N_cp_P1506B_90"")(error ""line 1507139 column 154: unknown constant OUSR_dot__op_N_cp_P1506B_91"")(error ""line 1507140 column 154: unknown constant OUSR_dot__op_N_cp_P1506B_92"")(error ""line 1507141 column 154: unknown constant OUSR_dot__op_N_cp_P1506B_93"")(error ""line 1507142 column 154: unknown constant OUSR_dot__op_N_cp_P1506B_94"")(error ""line 1507143 column 154: unknown constant OUSR_dot__op_N_cp_P1506B_95"")(error ""line 1507144 column 154: unknown constant OUSR_dot__op_N_cp_P1506B_96"")(error ""line 1507145 column 154: unknown constant OUSR_dot__op_N_cp_P1506B_97"")(error ""line 1507146 column 154: unknown constant OUSR_dot__op_N_cp_P1506B_98"")(error ""line 1507147 column 154: unknown constant OUSR_dot__op_N_cp_P1506B_99"")(error ""line 1507148 column 156: unknown constant OUSR_dot__op_N_cp_P1506B_100"")sat",N/A => Expected predicate keys to be pre-included in a dictionary.,yes,yes,yes,N/A => Expected predicate keys to be pre-included in a dictionary.,0,yes,yes,yes
2_1_23_TrackSectionsInLineOfRoute_group11,Theorem,CounterSatisfiable,no,18.8824309,CounterSatisfiable,"(error ""line 32741 column 140: unknown constant OUSR_dot__op_N_cp_P1506B_1"")sat","(error ""line 38710 column 140: unknown constant OUSR_dot__op_N_cp_P1506B_1"")(error ""line 38711 column 140: unknown constant OUSR_dot__op_N_cp_P1506B_2"")sat",no,"(error ""line 1507049 column 151: unknown constant OUSR_dot__op_N_cp_P1506B_1"")(error ""line 1507050 column 151: unknown constant OUSR_dot__op_N_cp_P1506B_2"")(error ""line 1507051 column 151: unknown constant OUSR_dot__op_N_cp_P1506B_3"")(error ""line 1507052 column 151: unknown constant OUSR_dot__op_N_cp_P1506B_4"")(error ""line 1507053 column 151: unknown constant OUSR_dot__op_N_cp_P1506B_5"")(error ""line 1507054 column 151: unknown constant OUSR_dot__op_N_cp_P1506B_6"")(error ""line 1507055 column 151: unknown constant OUSR_dot__op_N_cp_P1506B_7"")(error ""line 1507056 column 151: unknown constant OUSR_dot__op_N_cp_P1506B_8"")(error ""line 1507057 column 151: unknown constant OUSR_dot__op_N_cp_P1506B_9"")(error ""line 1507058 column 153: unknown constant OUSR_dot__op_N_cp_P1506B_10"")(error ""line 1507059 column 154: unknown constant OUSR_dot__op_N_cp_P1506B_11"")(error ""line 1507060 column 154: unknown constant OUSR_dot__op_N_cp_P1506B_12"")(error ""line 1507061 column 154: unknown constant OUSR_dot__op_N_cp_P1506B_13"")(error ""line 1507062 column 154: unknown constant OUSR_dot__op_N_cp_P1506B_14"")(error ""line 1507063 column 154: unknown constant OUSR_dot__op_N_cp_P1506B_15"")(error ""line 1507064 column 154: unknown constant OUSR_dot__op_N_cp_P1506B_16"")(error ""line 1507065 column 154: unknown constant OUSR_dot__op_N_cp_P1506B_17"")(error ""line 1507066 column 154: unknown constant OUSR_dot__op_N_cp_P1506B_18"")(error ""line 1507067 column 154: unknown constant OUSR_dot__op_N_cp_P1506B_19"")(error ""line 1507068 column 154: unknown constant OUSR_dot__op_N_cp_P1506B_20"")(error ""line 1507069 column 154: unknown constant OUSR_dot__op_N_cp_P1506B_21"")(error ""line 1507070 column 154: unknown constant OUSR_dot__op_N_cp_P1506B_22"")(error ""line 1507071 column 154: unknown constant OUSR_dot__op_N_cp_P1506B_23"")(error ""line 1507072 column 154: unknown constant OUSR_dot__op_N_cp_P1506B_24"")(error ""line 1507073 column 154: unknown constant OUSR_dot__op_N_cp_P1506B_25"")(error ""line 1507074 column 154: unknown constant OUSR_dot__op_N_cp_P1506B_26"")(error ""line 1507075 column 154: unknown constant OUSR_dot__op_N_cp_P1506B_27"")(error ""line 1507076 column 154: unknown constant OUSR_dot__op_N_cp_P1506B_28"")(error ""line 1507077 column 154: unknown constant OUSR_dot__op_N_cp_P1506B_29"")(error ""line 1507078 column 154: unknown constant OUSR_dot__op_N_cp_P1506B_30"")(error ""line 1507079 column 154: unknown constant OUSR_dot__op_N_cp_P1506B_31"")(error ""line 1507080 column 154: unknown constant OUSR_dot__op_N_cp_P1506B_32"")(error ""line 1507081 column 154: unknown constant OUSR_dot__op_N_cp_P1506B_33"")(error ""line 1507082 column 154: unknown constant OUSR_dot__op_N_cp_P1506B_34"")(error ""line 1507083 column 154: unknown constant OUSR_dot__op_N_cp_P1506B_35"")(error ""line 1507084 column 154: unknown constant OUSR_dot__op_N_cp_P1506B_36"")(error ""line 1507085 column 154: unknown constant OUSR_dot__op_N_cp_P1506B_37"")(error ""line 1507086 column 154: unknown constant OUSR_dot__op_N_cp_P1506B_38"")(error ""line 1507087 column 154: unknown constant OUSR_dot__op_N_cp_P1506B_39"")(error ""line 1507088 column 154: unknown constant OUSR_dot__op_N_cp_P1506B_40"")(error ""line 1507089 column 154: unknown constant OUSR_dot__op_N_cp_P1506B_41"")(error ""line 1507090 column 154: unknown constant OUSR_dot__op_N_cp_P1506B_42"")(error ""line 1507091 column 154: unknown constant OUSR_dot__op_N_cp_P1506B_43"")(error ""line 1507092 column 154: unknown constant OUSR_dot__op_N_cp_P1506B_44"")(error ""line 1507093 column 154: unknown constant OUSR_dot__op_N_cp_P1506B_45"")(error ""line 1507094 column 154: unknown constant OUSR_dot__op_N_cp_P1506B_46"")(error ""line 1507095 column 154: unknown constant OUSR_dot__op_N_cp_P1506B_47"")(error ""line 1507096 column 154: unknown constant OUSR_dot__op_N_cp_P1506B_48"")(error ""line 1507097 column 154: unknown constant OUSR_dot__op_N_cp_P1506B_49"")(error ""line 1507098 column 154: unknown constant OUSR_dot__op_N_cp_P1506B_50"")(error ""line 1507099 column 154: unknown constant OUSR_dot__op_N_cp_P1506B_51"")(error ""line 1507100 column 154: unknown constant OUSR_dot__op_N_cp_P1506B_52"")(error ""line 1507101 column 154: unknown constant OUSR_dot__op_N_cp_P1506B_53"")(error ""line 1507102 column 154: unknown constant OUSR_dot__op_N_cp_P1506B_54"")(error ""line 1507103 column 154: unknown constant OUSR_dot__op_N_cp_P1506B_55"")(error ""line 1507104 column 154: unknown constant OUSR_dot__op_N_cp_P1506B_56"")(error ""line 1507105 column 154: unknown constant OUSR_dot__op_N_cp_P1506B_57"")(error ""line 1507106 column 154: unknown constant OUSR_dot__op_N_cp_P1506B_58"")(error ""line 1507107 column 154: unknown constant OUSR_dot__op_N_cp_P1506B_59"")(error ""line 1507108 column 154: unknown constant OUSR_dot__op_N_cp_P1506B_60"")(error ""line 1507109 column 154: unknown constant OUSR_dot__op_N_cp_P1506B_61"")(error ""line 1507110 column 154: unknown constant OUSR_dot__op_N_cp_P1506B_62"")(error ""line 1507111 column 154: unknown constant OUSR_dot__op_N_cp_P1506B_63"")(error ""line 1507112 column 154: unknown constant OUSR_dot__op_N_cp_P1506B_64"")(error ""line 1507113 column 154: unknown constant OUSR_dot__op_N_cp_P1506B_65"")(error ""line 1507114 column 154: unknown constant OUSR_dot__op_N_cp_P1506B_66"")(error ""line 1507115 column 154: unknown constant OUSR_dot__op_N_cp_P1506B_67"")(error ""line 1507116 column 154: unknown constant OUSR_dot__op_N_cp_P1506B_68"")(error ""line 1507117 column 154: unknown constant OUSR_dot__op_N_cp_P1506B_69"")(error ""line 1507118 column 154: unknown constant OUSR_dot__op_N_cp_P1506B_70"")(error ""line 1507119 column 154: unknown constant OUSR_dot__op_N_cp_P1506B_71"")(error ""line 1507120 column 154: unknown constant OUSR_dot__op_N_cp_P1506B_72"")(error ""line 1507121 column 154: unknown constant OUSR_dot__op_N_cp_P1506B_73"")(error ""line 1507122 column 154: unknown constant OUSR_dot__op_N_cp_P1506B_74"")(error ""line 1507123 column 154: unknown constant OUSR_dot__op_N_cp_P1506B_75"")(error ""line 1507124 column 154: unknown constant OUSR_dot__op_N_cp_P1506B_76"")(error ""line 1507125 column 154: unknown constant OUSR_dot__op_N_cp_P1506B_77"")(error ""line 1507126 column 154: unknown constant OUSR_dot__op_N_cp_P1506B_78"")(error ""line 1507127 column 154: unknown constant OUSR_dot__op_N_cp_P1506B_79"")(error ""line 1507128 column 154: unknown constant OUSR_dot__op_N_cp_P1506B_80"")(error ""line 1507129 column 154: unknown constant OUSR_dot__op_N_cp_P1506B_81"")(error ""line 1507130 column 154: unknown constant OUSR_dot__op_N_cp_P1506B_82"")(error ""line 1507131 column 154: unknown constant OUSR_dot__op_N_cp_P1506B_83"")(error ""line 1507132 column 154: unknown constant OUSR_dot__op_N_cp_P1506B_84"")(error ""line 1507133 column 154: unknown constant OUSR_dot__op_N_cp_P1506B_85"")(error ""line 1507134 column 154: unknown constant OUSR_dot__op_N_cp_P1506B_86"")(error ""line 1507135 column 154: unknown constant OUSR_dot__op_N_cp_P1506B_87"")(error ""line 1507136 column 154: unknown constant OUSR_dot__op_N_cp_P1506B_88"")(error ""line 1507137 column 154: unknown constant OUSR_dot__op_N_cp_P1506B_89"")(error ""line 1507138 column 154: unknown constant OUSR_dot__op_N_cp_P1506B_90"")(error ""line 1507139 column 154: unknown constant OUSR_dot__op_N_cp_P1506B_91"")(error ""line 1507140 column 154: unknown constant OUSR_dot__op_N_cp_P1506B_92"")(error ""line 1507141 column 154: unknown constant OUSR_dot__op_N_cp_P1506B_93"")(error ""line 1507142 column 154: unknown constant OUSR_dot__op_N_cp_P1506B_94"")(error ""line 1507143 column 154: unknown constant OUSR_dot__op_N_cp_P1506B_95"")(error ""line 1507144 column 154: unknown constant OUSR_dot__op_N_cp_P1506B_96"")(error ""line 1507145 column 154: unknown constant OUSR_dot__op_N_cp_P1506B_97"")(error ""line 1507146 column 154: unknown constant OUSR_dot__op_N_cp_P1506B_98"")(error ""line 1507147 column 154: unknown constant OUSR_dot__op_N_cp_P1506B_99"")(error ""line 1507148 column 156: unknown constant OUSR_dot__op_N_cp_P1506B_100"")sat",N/A => Expected predicate keys to be pre-included in a dictionary.,yes,yes,yes,N/A => Expected predicate keys to be pre-included in a dictionary.,0,yes,yes,yes
2_1_23_TrackSectionsInLineOfRoute_group12,Theorem,Theorem,yes,18.8085369,Theorem,unsat,unsat,yes,unsat,yes,yes,yes,yes,yes,0.0660922,yes,yes,yes
2_1_23_TrackSectionsInLineOfRoute_group13,Theorem,CounterSatisfiable,no,18.8115295,CounterSatisfiable,unsat,unsat,yes,unsat,yes,yes,yes,yes,yes,0.0669815,yes,yes,yes
2_1_23_TrackSectionsInLineOfRoute_group14,Theorem,Theorem,yes,18.7342927,Theorem,unsat,unsat,yes,unsat,yes,yes,yes,yes,yes,0.0681033,yes,yes,yes
2_1_23_TrackSectionsInLineOfRoute_group15,Theorem,Theorem,yes,18.7548347,Theorem,unsat,unsat,yes,unsat,yes,yes,yes,yes,yes,0.0665252,yes,yes,yes
2_1_23_TrackSectionsInLineOfRoute_group16,Theorem,CounterSatisfiable,no,19.2916517,CounterSatisfiable,unsat,unsat,yes,unsat,yes,yes,yes,yes,yes,0.0651119,yes,yes,yes
2_1_23_TrackSectionsInLineOfRoute_group17,Theorem,CounterSatisfiable,no,18.9758149,CounterSatisfiable,unsat,unsat,yes,unsat,yes,yes,yes,yes,yes,0.063681,yes,yes,yes
2_1_23_TrackSectionsInLineOfRoute_group18,Theorem,CounterSatisfiable,no,18.8588785,CounterSatisfiable,"(error ""line 32741 column 134: unknown constant OUSR_dot__op_N_cp_P1508A_1"")sat","(error ""line 38710 column 134: unknown constant OUSR_dot__op_N_cp_P1508A_1"")(error ""line 38711 column 134: unknown constant OUSR_dot__op_N_cp_P1508A_2"")sat",no,"(error ""line 1507049 column 145: unknown constant OUSR_dot__op_N_cp_P1508A_1"")(error ""line 1507050 column 145: unknown constant OUSR_dot__op_N_cp_P1508A_2"")(error ""line 1507051 column 145: unknown constant OUSR_dot__op_N_cp_P1508A_3"")(error ""line 1507052 column 145: unknown constant OUSR_dot__op_N_cp_P1508A_4"")(error ""line 1507053 column 145: unknown constant OUSR_dot__op_N_cp_P1508A_5"")(error ""line 1507054 column 145: unknown constant OUSR_dot__op_N_cp_P1508A_6"")(error ""line 1507055 column 145: unknown constant OUSR_dot__op_N_cp_P1508A_7"")(error ""line 1507056 column 145: unknown constant OUSR_dot__op_N_cp_P1508A_8"")(error ""line 1507057 column 145: unknown constant OUSR_dot__op_N_cp_P1508A_9"")(error ""line 1507058 column 147: unknown constant OUSR_dot__op_N_cp_P1508A_10"")(error ""line 1507059 column 148: unknown constant OUSR_dot__op_N_cp_P1508A_11"")(error ""line 1507060 column 148: unknown constant OUSR_dot__op_N_cp_P1508A_12"")(error ""line 1507061 column 148: unknown constant OUSR_dot__op_N_cp_P1508A_13"")(error ""line 1507062 column 148: unknown constant OUSR_dot__op_N_cp_P1508A_14"")(error ""line 1507063 column 148: unknown constant OUSR_dot__op_N_cp_P1508A_15"")(error ""line 1507064 column 148: unknown constant OUSR_dot__op_N_cp_P1508A_16"")(error ""line 1507065 column 148: unknown constant OUSR_dot__op_N_cp_P1508A_17"")(error ""line 1507066 column 148: unknown constant OUSR_dot__op_N_cp_P1508A_18"")(error ""line 1507067 column 148: unknown constant OUSR_dot__op_N_cp_P1508A_19"")(error ""line 1507068 column 148: unknown constant OUSR_dot__op_N_cp_P1508A_20"")(error ""line 1507069 column 148: unknown constant OUSR_dot__op_N_cp_P1508A_21"")(error ""line 1507070 column 148: unknown constant OUSR_dot__op_N_cp_P1508A_22"")(error ""line 1507071 column 148: unknown constant OUSR_dot__op_N_cp_P1508A_23"")(error ""line 1507072 column 148: unknown constant OUSR_dot__op_N_cp_P1508A_24"")(error ""line 1507073 column 148: unknown constant OUSR_dot__op_N_cp_P1508A_25"")(error ""line 1507074 column 148: unknown constant OUSR_dot__op_N_cp_P1508A_26"")(error ""line 1507075 column 148: unknown constant OUSR_dot__op_N_cp_P1508A_27"")(error ""line 1507076 column 148: unknown constant OUSR_dot__op_N_cp_P1508A_28"")(error ""line 1507077 column 148: unknown constant OUSR_dot__op_N_cp_P1508A_29"")(error ""line 1507078 column 148: unknown constant OUSR_dot__op_N_cp_P1508A_30"")(error ""line 1507079 column 148: unknown constant OUSR_dot__op_N_cp_P1508A_31"")(error ""line 1507080 column 148: unknown constant OUSR_dot__op_N_cp_P1508A_32"")(error ""line 1507081 column 148: unknown constant OUSR_dot__op_N_cp_P1508A_33"")(error ""line 1507082 column 148: unknown constant OUSR_dot__op_N_cp_P1508A_34"")(error ""line 1507083 column 148: unknown constant OUSR_dot__op_N_cp_P1508A_35"")(error ""line 1507084 column 148: unknown constant OUSR_dot__op_N_cp_P1508A_36"")(error ""line 1507085 column 148: unknown constant OUSR_dot__op_N_cp_P1508A_37"")(error ""line 1507086 column 148: unknown constant OUSR_dot__op_N_cp_P1508A_38"")(error ""line 1507087 column 148: unknown constant OUSR_dot__op_N_cp_P1508A_39"")(error ""line 1507088 column 148: unknown constant OUSR_dot__op_N_cp_P1508A_40"")(error ""line 1507089 column 148: unknown constant OUSR_dot__op_N_cp_P1508A_41"")(error ""line 1507090 column 148: unknown constant OUSR_dot__op_N_cp_P1508A_42"")(error ""line 1507091 column 148: unknown constant OUSR_dot__op_N_cp_P1508A_43"")(error ""line 1507092 column 148: unknown constant OUSR_dot__op_N_cp_P1508A_44"")(error ""line 1507093 column 148: unknown constant OUSR_dot__op_N_cp_P1508A_45"")(error ""line 1507094 column 148: unknown constant OUSR_dot__op_N_cp_P1508A_46"")(error ""line 1507095 column 148: unknown constant OUSR_dot__op_N_cp_P1508A_47"")(error ""line 1507096 column 148: unknown constant OUSR_dot__op_N_cp_P1508A_48"")(error ""line 1507097 column 148: unknown constant OUSR_dot__op_N_cp_P1508A_49"")(error ""line 1507098 column 148: unknown constant OUSR_dot__op_N_cp_P1508A_50"")(error ""line 1507099 column 148: unknown constant OUSR_dot__op_N_cp_P1508A_51"")(error ""line 1507100 column 148: unknown constant OUSR_dot__op_N_cp_P1508A_52"")(error ""line 1507101 column 148: unknown constant OUSR_dot__op_N_cp_P1508A_53"")(error ""line 1507102 column 148: unknown constant OUSR_dot__op_N_cp_P1508A_54"")(error ""line 1507103 column 148: unknown constant OUSR_dot__op_N_cp_P1508A_55"")(error ""line 1507104 column 148: unknown constant OUSR_dot__op_N_cp_P1508A_56"")(error ""line 1507105 column 148: unknown constant OUSR_dot__op_N_cp_P1508A_57"")(error ""line 1507106 column 148: unknown constant OUSR_dot__op_N_cp_P1508A_58"")(error ""line 1507107 column 148: unknown constant OUSR_dot__op_N_cp_P1508A_59"")(error ""line 1507108 column 148: unknown constant OUSR_dot__op_N_cp_P1508A_60"")(error ""line 1507109 column 148: unknown constant OUSR_dot__op_N_cp_P1508A_61"")(error ""line 1507110 column 148: unknown constant OUSR_dot__op_N_cp_P1508A_62"")(error ""line 1507111 column 148: unknown constant OUSR_dot__op_N_cp_P1508A_63"")(error ""line 1507112 column 148: unknown constant OUSR_dot__op_N_cp_P1508A_64"")(error ""line 1507113 column 148: unknown constant OUSR_dot__op_N_cp_P1508A_65"")(error ""line 1507114 column 148: unknown constant OUSR_dot__op_N_cp_P1508A_66"")(error ""line 1507115 column 148: unknown constant OUSR_dot__op_N_cp_P1508A_67"")(error ""line 1507116 column 148: unknown constant OUSR_dot__op_N_cp_P1508A_68"")(error ""line 1507117 column 148: unknown constant OUSR_dot__op_N_cp_P1508A_69"")(error ""line 1507118 column 148: unknown constant OUSR_dot__op_N_cp_P1508A_70"")(error ""line 1507119 column 148: unknown constant OUSR_dot__op_N_cp_P1508A_71"")(error ""line 1507120 column 148: unknown constant OUSR_dot__op_N_cp_P1508A_72"")(error ""line 1507121 column 148: unknown constant OUSR_dot__op_N_cp_P1508A_73"")(error ""line 1507122 column 148: unknown constant OUSR_dot__op_N_cp_P1508A_74"")(error ""line 1507123 column 148: unknown constant OUSR_dot__op_N_cp_P1508A_75"")(error ""line 1507124 column 148: unknown constant OUSR_dot__op_N_cp_P1508A_76"")(error ""line 1507125 column 148: unknown constant OUSR_dot__op_N_cp_P1508A_77"")(error ""line 1507126 column 148: unknown constant OUSR_dot__op_N_cp_P1508A_78"")(error ""line 1507127 column 148: unknown constant OUSR_dot__op_N_cp_P1508A_79"")(error ""line 1507128 column 148: unknown constant OUSR_dot__op_N_cp_P1508A_80"")(error ""line 1507129 column 148: unknown constant OUSR_dot__op_N_cp_P1508A_81"")(error ""line 1507130 column 148: unknown constant OUSR_dot__op_N_cp_P1508A_82"")(error ""line 1507131 column 148: unknown constant OUSR_dot__op_N_cp_P1508A_83"")(error ""line 1507132 column 148: unknown constant OUSR_dot__op_N_cp_P1508A_84"")(error ""line 1507133 column 148: unknown constant OUSR_dot__op_N_cp_P1508A_85"")(error ""line 1507134 column 148: unknown constant OUSR_dot__op_N_cp_P1508A_86"")(error ""line 1507135 column 148: unknown constant OUSR_dot__op_N_cp_P1508A_87"")(error ""line 1507136 column 148: unknown constant OUSR_dot__op_N_cp_P1508A_88"")(error ""line 1507137 column 148: unknown constant OUSR_dot__op_N_cp_P1508A_89"")(error ""line 1507138 column 148: unknown constant OUSR_dot__op_N_cp_P1508A_90"")(error ""line 1507139 column 148: unknown constant OUSR_dot__op_N_cp_P1508A_91"")(error ""line 1507140 column 148: unknown constant OUSR_dot__op_N_cp_P1508A_92"")(error ""line 1507141 column 148: unknown constant OUSR_dot__op_N_cp_P1508A_93"")(error ""line 1507142 column 148: unknown constant OUSR_dot__op_N_cp_P1508A_94"")(error ""line 1507143 column 148: unknown constant OUSR_dot__op_N_cp_P1508A_95"")(error ""line 1507144 column 148: unknown constant OUSR_dot__op_N_cp_P1508A_96"")(error ""line 1507145 column 148: unknown constant OUSR_dot__op_N_cp_P1508A_97"")(error ""line 1507146 column 148: unknown constant OUSR_dot__op_N_cp_P1508A_98"")(error ""line 1507147 column 148: unknown constant OUSR_dot__op_N_cp_P1508A_99"")(error ""line 1507148 column 150: unknown constant OUSR_dot__op_N_cp_P1508A_100"")sat",N/A => Expected predicate keys to be pre-included in a dictionary.,yes,yes,yes,N/A => Expected predicate keys to be pre-included in a dictionary.,0,yes,yes,yes
2_1_23_TrackSectionsInLineOfRoute_group19,Theorem,Theorem,yes,18.8019392,Theorem,unsat,unsat,yes,unsat,yes,yes,yes,yes,yes,0.0681381,yes,yes,yes
2_1_23_TrackSectionsInLineOfRoute_group2,Theorem,Theorem,yes,18.879395,Theorem,unsat,unsat,yes,unsat,yes,yes,yes,yes,yes,0.0671997,yes,yes,yes
2_1_23_TrackSectionsInLineOfRoute_group20,Theorem,CounterSatisfiable,no,18.7766836,CounterSatisfiable,"(error ""line 32741 column 207: unknown constant OUSR_dot__op_N_cp_P1508A_1"")sat","(error ""line 38710 column 207: unknown constant OUSR_dot__op_N_cp_P1508A_1"")(error ""line 38711 column 207: unknown constant OUSR_dot__op_N_cp_P1508A_2"")sat",no,"(error ""line 1507049 column 218: unknown constant OUSR_dot__op_N_cp_P1508A_1"")(error ""line 1507050 column 218: unknown constant OUSR_dot__op_N_cp_P1508A_2"")(error ""line 1507051 column 218: unknown constant OUSR_dot__op_N_cp_P1508A_3"")(error ""line 1507052 column 218: unknown constant OUSR_dot__op_N_cp_P1508A_4"")(error ""line 1507053 column 218: unknown constant OUSR_dot__op_N_cp_P1508A_5"")(error ""line 1507054 column 218: unknown constant OUSR_dot__op_N_cp_P1508A_6"")(error ""line 1507055 column 218: unknown constant OUSR_dot__op_N_cp_P1508A_7"")(error ""line 1507056 column 218: unknown constant OUSR_dot__op_N_cp_P1508A_8"")(error ""line 1507057 column 218: unknown constant OUSR_dot__op_N_cp_P1508A_9"")(error ""line 1507058 column 222: unknown constant OUSR_dot__op_N_cp_P1508A_10"")(error ""line 1507059 column 223: unknown constant OUSR_dot__op_N_cp_P1508A_11"")(error ""line 1507060 column 223: unknown constant OUSR_dot__op_N_cp_P1508A_12"")(error ""line 1507061 column 223: unknown constant OUSR_dot__op_N_cp_P1508A_13"")(error ""line 1507062 column 223: unknown constant OUSR_dot__op_N_cp_P1508A_14"")(error ""line 1507063 column 223: unknown constant OUSR_dot__op_N_cp_P1508A_15"")(error ""line 1507064 column 223: unknown constant OUSR_dot__op_N_cp_P1508A_16"")(error ""line 1507065 column 223: unknown constant OUSR_dot__op_N_cp_P1508A_17"")(error ""line 1507066 column 223: unknown constant OUSR_dot__op_N_cp_P1508A_18"")(error ""line 1507067 column 223: unknown constant OUSR_dot__op_N_cp_P1508A_19"")(error ""line 1507068 column 223: unknown constant OUSR_dot__op_N_cp_P1508A_20"")(error ""line 1507069 column 223: unknown constant OUSR_dot__op_N_cp_P1508A_21"")(error ""line 1507070 column 223: unknown constant OUSR_dot__op_N_cp_P1508A_22"")(error ""line 1507071 column 223: unknown constant OUSR_dot__op_N_cp_P1508A_23"")(error ""line 1507072 column 223: unknown constant OUSR_dot__op_N_cp_P1508A_24"")(error ""line 1507073 column 223: unknown constant OUSR_dot__op_N_cp_P1508A_25"")(error ""line 1507074 column 223: unknown constant OUSR_dot__op_N_cp_P1508A_26"")(error ""line 1507075 column 223: unknown constant OUSR_dot__op_N_cp_P1508A_27"")(error ""line 1507076 column 223: unknown constant OUSR_dot__op_N_cp_P1508A_28"")(error ""line 1507077 column 223: unknown constant OUSR_dot__op_N_cp_P1508A_29"")(error ""line 1507078 column 223: unknown constant OUSR_dot__op_N_cp_P1508A_30"")(error ""line 1507079 column 223: unknown constant OUSR_dot__op_N_cp_P1508A_31"")(error ""line 1507080 column 223: unknown constant OUSR_dot__op_N_cp_P1508A_32"")(error ""line 1507081 column 223: unknown constant OUSR_dot__op_N_cp_P1508A_33"")(error ""line 1507082 column 223: unknown constant OUSR_dot__op_N_cp_P1508A_34"")(error ""line 1507083 column 223: unknown constant OUSR_dot__op_N_cp_P1508A_35"")(error ""line 1507084 column 223: unknown constant OUSR_dot__op_N_cp_P1508A_36"")(error ""line 1507085 column 223: unknown constant OUSR_dot__op_N_cp_P1508A_37"")(error ""line 1507086 column 223: unknown constant OUSR_dot__op_N_cp_P1508A_38"")(error ""line 1507087 column 223: unknown constant OUSR_dot__op_N_cp_P1508A_39"")(error ""line 1507088 column 223: unknown constant OUSR_dot__op_N_cp_P1508A_40"")(error ""line 1507089 column 223: unknown constant OUSR_dot__op_N_cp_P1508A_41"")(error ""line 1507090 column 223: unknown constant OUSR_dot__op_N_cp_P1508A_42"")(error ""line 1507091 column 223: unknown constant OUSR_dot__op_N_cp_P1508A_43"")(error ""line 1507092 column 223: unknown constant OUSR_dot__op_N_cp_P1508A_44"")(error ""line 1507093 column 223: unknown constant OUSR_dot__op_N_cp_P1508A_45"")(error ""line 1507094 column 223: unknown constant OUSR_dot__op_N_cp_P1508A_46"")(error ""line 1507095 column 223: unknown constant OUSR_dot__op_N_cp_P1508A_47"")(error ""line 1507096 column 223: unknown constant OUSR_dot__op_N_cp_P1508A_48"")(error ""line 1507097 column 223: unknown constant OUSR_dot__op_N_cp_P1508A_49"")(error ""line 1507098 column 223: unknown constant OUSR_dot__op_N_cp_P1508A_50"")(error ""line 1507099 column 223: unknown constant OUSR_dot__op_N_cp_P1508A_51"")(error ""line 1507100 column 223: unknown constant OUSR_dot__op_N_cp_P1508A_52"")(error ""line 1507101 column 223: unknown constant OUSR_dot__op_N_cp_P1508A_53"")(error ""line 1507102 column 223: unknown constant OUSR_dot__op_N_cp_P1508A_54"")(error ""line 1507103 column 223: unknown constant OUSR_dot__op_N_cp_P1508A_55"")(error ""line 1507104 column 223: unknown constant OUSR_dot__op_N_cp_P1508A_56"")(error ""line 1507105 column 223: unknown constant OUSR_dot__op_N_cp_P1508A_57"")(error ""line 1507106 column 223: unknown constant OUSR_dot__op_N_cp_P1508A_58"")(error ""line 1507107 column 223: unknown constant OUSR_dot__op_N_cp_P1508A_59"")(error ""line 1507108 column 223: unknown constant OUSR_dot__op_N_cp_P1508A_60"")(error ""line 1507109 column 223: unknown constant OUSR_dot__op_N_cp_P1508A_61"")(error ""line 1507110 column 223: unknown constant OUSR_dot__op_N_cp_P1508A_62"")(error ""line 1507111 column 223: unknown constant OUSR_dot__op_N_cp_P1508A_63"")(error ""line 1507112 column 223: unknown constant OUSR_dot__op_N_cp_P1508A_64"")(error ""line 1507113 column 223: unknown constant OUSR_dot__op_N_cp_P1508A_65"")(error ""line 1507114 column 223: unknown constant OUSR_dot__op_N_cp_P1508A_66"")(error ""line 1507115 column 223: unknown constant OUSR_dot__op_N_cp_P1508A_67"")(error ""line 1507116 column 223: unknown constant OUSR_dot__op_N_cp_P1508A_68"")(error ""line 1507117 column 223: unknown constant OUSR_dot__op_N_cp_P1508A_69"")(error ""line 1507118 column 223: unknown constant OUSR_dot__op_N_cp_P1508A_70"")(error ""line 1507119 column 223: unknown constant OUSR_dot__op_N_cp_P1508A_71"")(error ""line 1507120 column 223: unknown constant OUSR_dot__op_N_cp_P1508A_72"")(error ""line 1507121 column 223: unknown constant OUSR_dot__op_N_cp_P1508A_73"")(error ""line 1507122 column 223: unknown constant OUSR_dot__op_N_cp_P1508A_74"")(error ""line 1507123 column 223: unknown constant OUSR_dot__op_N_cp_P1508A_75"")(error ""line 1507124 column 223: unknown constant OUSR_dot__op_N_cp_P1508A_76"")(error ""line 1507125 column 223: unknown constant OUSR_dot__op_N_cp_P1508A_77"")(error ""line 1507126 column 223: unknown constant OUSR_dot__op_N_cp_P1508A_78"")(error ""line 1507127 column 223: unknown constant OUSR_dot__op_N_cp_P1508A_79"")(error ""line 1507128 column 223: unknown constant OUSR_dot__op_N_cp_P1508A_80"")(error ""line 1507129 column 223: unknown constant OUSR_dot__op_N_cp_P1508A_81"")(error ""line 1507130 column 223: unknown constant OUSR_dot__op_N_cp_P1508A_82"")(error ""line 1507131 column 223: unknown constant OUSR_dot__op_N_cp_P1508A_83"")(error ""line 1507132 column 223: unknown constant OUSR_dot__op_N_cp_P1508A_84"")(error ""line 1507133 column 223: unknown constant OUSR_dot__op_N_cp_P1508A_85"")(error ""line 1507134 column 223: unknown constant OUSR_dot__op_N_cp_P1508A_86"")(error ""line 1507135 column 223: unknown constant OUSR_dot__op_N_cp_P1508A_87"")(error ""line 1507136 column 223: unknown constant OUSR_dot__op_N_cp_P1508A_88"")(error ""line 1507137 column 223: unknown constant OUSR_dot__op_N_cp_P1508A_89"")(error ""line 1507138 column 223: unknown constant OUSR_dot__op_N_cp_P1508A_90"")(error ""line 1507139 column 223: unknown constant OUSR_dot__op_N_cp_P1508A_91"")(error ""line 1507140 column 223: unknown constant OUSR_dot__op_N_cp_P1508A_92"")(error ""line 1507141 column 223: unknown constant OUSR_dot__op_N_cp_P1508A_93"")(error ""line 1507142 column 223: unknown constant OUSR_dot__op_N_cp_P1508A_94"")(error ""line 1507143 column 223: unknown constant OUSR_dot__op_N_cp_P1508A_95"")(error ""line 1507144 column 223: unknown constant OUSR_dot__op_N_cp_P1508A_96"")(error ""line 1507145 column 223: unknown constant OUSR_dot__op_N_cp_P1508A_97"")(error ""line 1507146 column 223: unknown constant OUSR_dot__op_N_cp_P1508A_98"")(error ""line 1507147 column 223: unknown constant OUSR_dot__op_N_cp_P1508A_99"")(error ""line 1507148 column 227: unknown constant OUSR_dot__op_N_cp_P1508A_100"")sat",N/A => Expected predicate keys to be pre-included in a dictionary.,yes,yes,yes,N/A => Expected predicate keys to be pre-included in a dictionary.,0,yes,yes,yes
2_1_23_TrackSectionsInLineOfRoute_group21,Theorem,CounterSatisfiable,no,18.7315956,CounterSatisfiable,unsat,unsat,yes,unsat,yes,yes,yes,yes,yes,0.0651706,yes,yes,yes
2_1_23_TrackSectionsInLineOfRoute_group22,Theorem,Theorem,yes,18.7518498,Theorem,unsat,unsat,yes,unsat,yes,yes,yes,yes,yes,0.0639965,yes,yes,yes
2_1_23_TrackSectionsInLineOfRoute_group23,Theorem,CounterSatisfiable,no,18.8489803,CounterSatisfiable,"(error ""line 32741 column 249: unknown constant NUSR_dot_TPYM_1"")sat","(error ""line 38710 column 249: unknown constant NUSR_dot_TPYM_1"")(error ""line 38711 column 249: unknown constant NUSR_dot_TPYM_2"")sat",no,"(error ""line 1507049 column 260: unknown constant NUSR_dot_TPYM_1"")(error ""line 1507050 column 260: unknown constant NUSR_dot_TPYM_2"")(error ""line 1507051 column 260: unknown constant NUSR_dot_TPYM_3"")(error ""line 1507052 column 260: unknown constant NUSR_dot_TPYM_4"")(error ""line 1507053 column 260: unknown constant NUSR_dot_TPYM_5"")(error ""line 1507054 column 260: unknown constant NUSR_dot_TPYM_6"")(error ""line 1507055 column 260: unknown constant NUSR_dot_TPYM_7"")(error ""line 1507056 column 260: unknown constant NUSR_dot_TPYM_8"")(error ""line 1507057 column 260: unknown constant NUSR_dot_TPYM_9"")(error ""line 1507058 column 267: unknown constant NUSR_dot_TPYM_10"")(error ""line 1507059 column 268: unknown constant NUSR_dot_TPYM_11"")(error ""line 1507060 column 268: unknown constant NUSR_dot_TPYM_12"")(error ""line 1507061 column 268: unknown constant NUSR_dot_TPYM_13"")(error ""line 1507062 column 268: unknown constant NUSR_dot_TPYM_14"")(error ""line 1507063 column 268: unknown constant NUSR_dot_TPYM_15"")(error ""line 1507064 column 268: unknown constant NUSR_dot_TPYM_16"")(error ""line 1507065 column 268: unknown constant NUSR_dot_TPYM_17"")(error ""line 1507066 column 268: unknown constant NUSR_dot_TPYM_18"")(error ""line 1507067 column 268: unknown constant NUSR_dot_TPYM_19"")(error ""line 1507068 column 268: unknown constant NUSR_dot_TPYM_20"")(error ""line 1507069 column 268: unknown constant NUSR_dot_TPYM_21"")(error ""line 1507070 column 268: unknown constant NUSR_dot_TPYM_22"")(error ""line 1507071 column 268: unknown constant NUSR_dot_TPYM_23"")(error ""line 1507072 column 268: unknown constant NUSR_dot_TPYM_24"")(error ""line 1507073 column 268: unknown constant NUSR_dot_TPYM_25"")(error ""line 1507074 column 268: unknown constant NUSR_dot_TPYM_26"")(error ""line 1507075 column 268: unknown constant NUSR_dot_TPYM_27"")(error ""line 1507076 column 268: unknown constant NUSR_dot_TPYM_28"")(error ""line 1507077 column 268: unknown constant NUSR_dot_TPYM_29"")(error ""line 1507078 column 268: unknown constant NUSR_dot_TPYM_30"")(error ""line 1507079 column 268: unknown constant NUSR_dot_TPYM_31"")(error ""line 1507080 column 268: unknown constant NUSR_dot_TPYM_32"")(error ""line 1507081 column 268: unknown constant NUSR_dot_TPYM_33"")(error ""line 1507082 column 268: unknown constant NUSR_dot_TPYM_34"")(error ""line 1507083 column 268: unknown constant NUSR_dot_TPYM_35"")(error ""line 1507084 column 268: unknown constant NUSR_dot_TPYM_36"")(error ""line 1507085 column 268: unknown constant NUSR_dot_TPYM_37"")(error ""line 1507086 column 268: unknown constant NUSR_dot_TPYM_38"")(error ""line 1507087 column 268: unknown constant NUSR_dot_TPYM_39"")(error ""line 1507088 column 268: unknown constant NUSR_dot_TPYM_40"")(error ""line 1507089 column 268: unknown constant NUSR_dot_TPYM_41"")(error ""line 1507090 column 268: unknown constant NUSR_dot_TPYM_42"")(error ""line 1507091 column 268: unknown constant NUSR_dot_TPYM_43"")(error ""line 1507092 column 268: unknown constant NUSR_dot_TPYM_44"")(error ""line 1507093 column 268: unknown constant NUSR_dot_TPYM_45"")(error ""line 1507094 column 268: unknown constant NUSR_dot_TPYM_46"")(error ""line 1507095 column 268: unknown constant NUSR_dot_TPYM_47"")(error ""line 1507096 column 268: unknown constant NUSR_dot_TPYM_48"")(error ""line 1507097 column 268: unknown constant NUSR_dot_TPYM_49"")(error ""line 1507098 column 268: unknown constant NUSR_dot_TPYM_50"")(error ""line 1507099 column 268: unknown constant NUSR_dot_TPYM_51"")(error ""line 1507100 column 268: unknown constant NUSR_dot_TPYM_52"")(error ""line 1507101 column 268: unknown constant NUSR_dot_TPYM_53"")(error ""line 1507102 column 268: unknown constant NUSR_dot_TPYM_54"")(error ""line 1507103 column 268: unknown constant NUSR_dot_TPYM_55"")(error ""line 1507104 column 268: unknown constant NUSR_dot_TPYM_56"")(error ""line 1507105 column 268: unknown constant NUSR_dot_TPYM_57"")(error ""line 1507106 column 268: unknown constant NUSR_dot_TPYM_58"")(error ""line 1507107 column 268: unknown constant NUSR_dot_TPYM_59"")(error ""line 1507108 column 268: unknown constant NUSR_dot_TPYM_60"")(error ""line 1507109 column 268: unknown constant NUSR_dot_TPYM_61"")(error ""line 1507110 column 268: unknown constant NUSR_dot_TPYM_62"")(error ""line 1507111 column 268: unknown constant NUSR_dot_TPYM_63"")(error ""line 1507112 column 268: unknown constant NUSR_dot_TPYM_64"")(error ""line 1507113 column 268: unknown constant NUSR_dot_TPYM_65"")(error ""line 1507114 column 268: unknown constant NUSR_dot_TPYM_66"")(error ""line 1507115 column 268: unknown constant NUSR_dot_TPYM_67"")(error ""line 1507116 column 268: unknown constant NUSR_dot_TPYM_68"")(error ""line 1507117 column 268: unknown constant NUSR_dot_TPYM_69"")(error ""line 1507118 column 268: unknown constant NUSR_dot_TPYM_70"")(error ""line 1507119 column 268: unknown constant NUSR_dot_TPYM_71"")(error ""line 1507120 column 268: unknown constant NUSR_dot_TPYM_72"")(error ""line 1507121 column 268: unknown constant NUSR_dot_TPYM_73"")(error ""line 1507122 column 268: unknown constant NUSR_dot_TPYM_74"")(error ""line 1507123 column 268: unknown constant NUSR_dot_TPYM_75"")(error ""line 1507124 column 268: unknown constant NUSR_dot_TPYM_76"")(error ""line 1507125 column 268: unknown constant NUSR_dot_TPYM_77"")(error ""line 1507126 column 268: unknown constant NUSR_dot_TPYM_78"")(error ""line 1507127 column 268: unknown constant NUSR_dot_TPYM_79"")(error ""line 1507128 column 268: unknown constant NUSR_dot_TPYM_80"")(error ""line 1507129 column 268: unknown constant NUSR_dot_TPYM_81"")(error ""line 1507130 column 268: unknown constant NUSR_dot_TPYM_82"")(error ""line 1507131 column 268: unknown constant NUSR_dot_TPYM_83"")(error ""line 1507132 column 268: unknown constant NUSR_dot_TPYM_84"")(error ""line 1507133 column 268: unknown constant NUSR_dot_TPYM_85"")(error ""line 1507134 column 268: unknown constant NUSR_dot_TPYM_86"")(error ""line 1507135 column 268: unknown constant NUSR_dot_TPYM_87"")(error ""line 1507136 column 268: unknown constant NUSR_dot_TPYM_88"")(error ""line 1507137 column 268: unknown constant NUSR_dot_TPYM_89"")(error ""line 1507138 column 268: unknown constant NUSR_dot_TPYM_90"")(error ""line 1507139 column 268: unknown constant NUSR_dot_TPYM_91"")(error ""line 1507140 column 268: unknown constant NUSR_dot_TPYM_92"")(error ""line 1507141 column 268: unknown constant NUSR_dot_TPYM_93"")(error ""line 1507142 column 268: unknown constant NUSR_dot_TPYM_94"")(error ""line 1507143 column 268: unknown constant NUSR_dot_TPYM_95"")(error ""line 1507144 column 268: unknown constant NUSR_dot_TPYM_96"")(error ""line 1507145 column 268: unknown constant NUSR_dot_TPYM_97"")(error ""line 1507146 column 268: unknown constant NUSR_dot_TPYM_98"")(error ""line 1507147 column 268: unknown constant NUSR_dot_TPYM_99"")(error ""line 1507148 column 275: unknown constant NUSR_dot_TPYM_100"")sat",N/A => Expected predicate keys to be pre-included in a dictionary.,yes,yes,yes,N/A => Expected predicate keys to be pre-included in a dictionary.,0,yes,yes,yes
2_1_23_TrackSectionsInLineOfRoute_group24,Theorem,Theorem,yes,18.6109174,Theorem,unsat,unsat,yes,unsat,yes,yes,yes,yes,yes,0.0577669,yes,yes,yes
2_1_23_TrackSectionsInLineOfRoute_group25,Theorem,Theorem,yes,18.6982722,Theorem,unsat,unsat,yes,unsat,yes,yes,yes,yes,yes,0.063571,yes,yes,yes
2_1_23_TrackSectionsInLineOfRoute_group26,Theorem,Theorem,yes,18.5477268,Theorem,unsat,unsat,yes,unsat,yes,yes,yes,yes,yes,0.0724266,yes,yes,yes
2_1_23_TrackSectionsInLineOfRoute_group27,Theorem,Theorem,yes,18.5587633,Theorem,unsat,unsat,yes,unsat,yes,yes,yes,yes,yes,0.067263,yes,yes,yes
2_1_23_TrackSectionsInLineOfRoute_group3,Theorem,Theorem,yes,18.6898445,Theorem,unsat,unsat,yes,unsat,yes,yes,yes,yes,yes,0.0633836,yes,yes,yes
2_1_23_TrackSectionsInLineOfRoute_group4,Theorem,CounterSatisfiable,no,18.8680032,CounterSatisfiable,"(error ""line 32741 column 260: unknown constant NUSR_dot__op_N_cp_P1506B_1"")sat","(error ""line 38710 column 260: unknown constant NUSR_dot__op_N_cp_P1506B_1"")(error ""line 38711 column 260: unknown constant NUSR_dot__op_N_cp_P1506B_2"")sat",no,"(error ""line 1507049 column 271: unknown constant NUSR_dot__op_N_cp_P1506B_1"")(error ""line 1507050 column 271: unknown constant NUSR_dot__op_N_cp_P1506B_2"")(error ""line 1507051 column 271: unknown constant NUSR_dot__op_N_cp_P1506B_3"")(error ""line 1507052 column 271: unknown constant NUSR_dot__op_N_cp_P1506B_4"")(error ""line 1507053 column 271: unknown constant NUSR_dot__op_N_cp_P1506B_5"")(error ""line 1507054 column 271: unknown constant NUSR_dot__op_N_cp_P1506B_6"")(error ""line 1507055 column 271: unknown constant NUSR_dot__op_N_cp_P1506B_7"")(error ""line 1507056 column 271: unknown constant NUSR_dot__op_N_cp_P1506B_8"")(error ""line 1507057 column 271: unknown constant NUSR_dot__op_N_cp_P1506B_9"")(error ""line 1507058 column 276: unknown constant NUSR_dot__op_N_cp_P1506B_10"")(error ""line 1507059 column 277: unknown constant NUSR_dot__op_N_cp_P1506B_11"")(error ""line 1507060 column 277: unknown constant NUSR_dot__op_N_cp_P1506B_12"")(error ""line 1507061 column 277: unknown constant NUSR_dot__op_N_cp_P1506B_13"")(error ""line 1507062 column 277: unknown constant NUSR_dot__op_N_cp_P1506B_14"")(error ""line 1507063 column 277: unknown constant NUSR_dot__op_N_cp_P1506B_15"")(error ""line 1507064 column 277: unknown constant NUSR_dot__op_N_cp_P1506B_16"")(error ""line 1507065 column 277: unknown constant NUSR_dot__op_N_cp_P1506B_17"")(error ""line 1507066 column 277: unknown constant NUSR_dot__op_N_cp_P1506B_18"")(error ""line 1507067 column 277: unknown constant NUSR_dot__op_N_cp_P1506B_19"")(error ""line 1507068 column 277: unknown constant NUSR_dot__op_N_cp_P1506B_20"")(error ""line 1507069 column 277: unknown constant NUSR_dot__op_N_cp_P1506B_21"")(error ""line 1507070 column 277: unknown constant NUSR_dot__op_N_cp_P1506B_22"")(error ""line 1507071 column 277: unknown constant NUSR_dot__op_N_cp_P1506B_23"")(error ""line 1507072 column 277: unknown constant NUSR_dot__op_N_cp_P1506B_24"")(error ""line 1507073 column 277: unknown constant NUSR_dot__op_N_cp_P1506B_25"")(error ""line 1507074 column 277: unknown constant NUSR_dot__op_N_cp_P1506B_26"")(error ""line 1507075 column 277: unknown constant NUSR_dot__op_N_cp_P1506B_27"")(error ""line 1507076 column 277: unknown constant NUSR_dot__op_N_cp_P1506B_28"")(error ""line 1507077 column 277: unknown constant NUSR_dot__op_N_cp_P1506B_29"")(error ""line 1507078 column 277: unknown constant NUSR_dot__op_N_cp_P1506B_30"")(error ""line 1507079 column 277: unknown constant NUSR_dot__op_N_cp_P1506B_31"")(error ""line 1507080 column 277: unknown constant NUSR_dot__op_N_cp_P1506B_32"")(error ""line 1507081 column 277: unknown constant NUSR_dot__op_N_cp_P1506B_33"")(error ""line 1507082 column 277: unknown constant NUSR_dot__op_N_cp_P1506B_34"")(error ""line 1507083 column 277: unknown constant NUSR_dot__op_N_cp_P1506B_35"")(error ""line 1507084 column 277: unknown constant NUSR_dot__op_N_cp_P1506B_36"")(error ""line 1507085 column 277: unknown constant NUSR_dot__op_N_cp_P1506B_37"")(error ""line 1507086 column 277: unknown constant NUSR_dot__op_N_cp_P1506B_38"")(error ""line 1507087 column 277: unknown constant NUSR_dot__op_N_cp_P1506B_39"")(error ""line 1507088 column 277: unknown constant NUSR_dot__op_N_cp_P1506B_40"")(error ""line 1507089 column 277: unknown constant NUSR_dot__op_N_cp_P1506B_41"")(error ""line 1507090 column 277: unknown constant NUSR_dot__op_N_cp_P1506B_42"")(error ""line 1507091 column 277: unknown constant NUSR_dot__op_N_cp_P1506B_43"")(error ""line 1507092 column 277: unknown constant NUSR_dot__op_N_cp_P1506B_44"")(error ""line 1507093 column 277: unknown constant NUSR_dot__op_N_cp_P1506B_45"")(error ""line 1507094 column 277: unknown constant NUSR_dot__op_N_cp_P1506B_46"")(error ""line 1507095 column 277: unknown constant NUSR_dot__op_N_cp_P1506B_47"")(error ""line 1507096 column 277: unknown constant NUSR_dot__op_N_cp_P1506B_48"")(error ""line 1507097 column 277: unknown constant NUSR_dot__op_N_cp_P1506B_49"")(error ""line 1507098 column 277: unknown constant NUSR_dot__op_N_cp_P1506B_50"")(error ""line 1507099 column 277: unknown constant NUSR_dot__op_N_cp_P1506B_51"")(error ""line 1507100 column 277: unknown constant NUSR_dot__op_N_cp_P1506B_52"")(error ""line 1507101 column 277: unknown constant NUSR_dot__op_N_cp_P1506B_53"")(error ""line 1507102 column 277: unknown constant NUSR_dot__op_N_cp_P1506B_54"")(error ""line 1507103 column 277: unknown constant NUSR_dot__op_N_cp_P1506B_55"")(error ""line 1507104 column 277: unknown constant NUSR_dot__op_N_cp_P1506B_56"")(error ""line 1507105 column 277: unknown constant NUSR_dot__op_N_cp_P1506B_57"")(error ""line 1507106 column 277: unknown constant NUSR_dot__op_N_cp_P1506B_58"")(error ""line 1507107 column 277: unknown constant NUSR_dot__op_N_cp_P1506B_59"")(error ""line 1507108 column 277: unknown constant NUSR_dot__op_N_cp_P1506B_60"")(error ""line 1507109 column 277: unknown constant NUSR_dot__op_N_cp_P1506B_61"")(error ""line 1507110 column 277: unknown constant NUSR_dot__op_N_cp_P1506B_62"")(error ""line 1507111 column 277: unknown constant NUSR_dot__op_N_cp_P1506B_63"")(error ""line 1507112 column 277: unknown constant NUSR_dot__op_N_cp_P1506B_64"")(error ""line 1507113 column 277: unknown constant NUSR_dot__op_N_cp_P1506B_65"")(error ""line 1507114 column 277: unknown constant NUSR_dot__op_N_cp_P1506B_66"")(error ""line 1507115 column 277: unknown constant NUSR_dot__op_N_cp_P1506B_67"")(error ""line 1507116 column 277: unknown constant NUSR_dot__op_N_cp_P1506B_68"")(error ""line 1507117 column 277: unknown constant NUSR_dot__op_N_cp_P1506B_69"")(error ""line 1507118 column 277: unknown constant NUSR_dot__op_N_cp_P1506B_70"")(error ""line 1507119 column 277: unknown constant NUSR_dot__op_N_cp_P1506B_71"")(error ""line 1507120 column 277: unknown constant NUSR_dot__op_N_cp_P1506B_72"")(error ""line 1507121 column 277: unknown constant NUSR_dot__op_N_cp_P1506B_73"")(error ""line 1507122 column 277: unknown constant NUSR_dot__op_N_cp_P1506B_74"")(error ""line 1507123 column 277: unknown constant NUSR_dot__op_N_cp_P1506B_75"")(error ""line 1507124 column 277: unknown constant NUSR_dot__op_N_cp_P1506B_76"")(error ""line 1507125 column 277: unknown constant NUSR_dot__op_N_cp_P1506B_77"")(error ""line 1507126 column 277: unknown constant NUSR_dot__op_N_cp_P1506B_78"")(error ""line 1507127 column 277: unknown constant NUSR_dot__op_N_cp_P1506B_79"")(error ""line 1507128 column 277: unknown constant NUSR_dot__op_N_cp_P1506B_80"")(error ""line 1507129 column 277: unknown constant NUSR_dot__op_N_cp_P1506B_81"")(error ""line 1507130 column 277: unknown constant NUSR_dot__op_N_cp_P1506B_82"")(error ""line 1507131 column 277: unknown constant NUSR_dot__op_N_cp_P1506B_83"")(error ""line 1507132 column 277: unknown constant NUSR_dot__op_N_cp_P1506B_84"")(error ""line 1507133 column 277: unknown constant NUSR_dot__op_N_cp_P1506B_85"")(error ""line 1507134 column 277: unknown constant NUSR_dot__op_N_cp_P1506B_86"")(error ""line 1507135 column 277: unknown constant NUSR_dot__op_N_cp_P1506B_87"")(error ""line 1507136 column 277: unknown constant NUSR_dot__op_N_cp_P1506B_88"")(error ""line 1507137 column 277: unknown constant NUSR_dot__op_N_cp_P1506B_89"")(error ""line 1507138 column 277: unknown constant NUSR_dot__op_N_cp_P1506B_90"")(error ""line 1507139 column 277: unknown constant NUSR_dot__op_N_cp_P1506B_91"")(error ""line 1507140 column 277: unknown constant NUSR_dot__op_N_cp_P1506B_92"")(error ""line 1507141 column 277: unknown constant NUSR_dot__op_N_cp_P1506B_93"")(error ""line 1507142 column 277: unknown constant NUSR_dot__op_N_cp_P1506B_94"")(error ""line 1507143 column 277: unknown constant NUSR_dot__op_N_cp_P1506B_95"")(error ""line 1507144 column 277: unknown constant NUSR_dot__op_N_cp_P1506B_96"")(error ""line 1507145 column 277: unknown constant NUSR_dot__op_N_cp_P1506B_97"")(error ""line 1507146 column 277: unknown constant NUSR_dot__op_N_cp_P1506B_98"")(error ""line 1507147 column 277: unknown constant NUSR_dot__op_N_cp_P1506B_99"")(error ""line 1507148 column 282: unknown constant NUSR_dot__op_N_cp_P1506B_100"")sat",N/A => Expected predicate keys to be pre-included in a dictionary.,yes,yes,yes,N/A => Expected predicate keys to be pre-included in a dictionary.,0,yes,yes,yes
2_1_23_TrackSectionsInLineOfRoute_group5,Theorem,CounterSatisfiable,no,18.8006119,CounterSatisfiable,"(error ""line 32741 column 255: unknown constant NUSR_dot__op_N_cp_P1506B_1"")sat","(error ""line 38710 column 255: unknown constant NUSR_dot__op_N_cp_P1506B_1"")(error ""line 38711 column 255: unknown constant NUSR_dot__op_N_cp_P1506B_2"")sat",no,"(error ""line 1507049 column 266: unknown constant NUSR_dot__op_N_cp_P1506B_1"")(error ""line 1507050 column 266: unknown constant NUSR_dot__op_N_cp_P1506B_2"")(error ""line 1507051 column 266: unknown constant NUSR_dot__op_N_cp_P1506B_3"")(error ""line 1507052 column 266: unknown constant NUSR_dot__op_N_cp_P1506B_4"")(error ""line 1507053 column 266: unknown constant NUSR_dot__op_N_cp_P1506B_5"")(error ""line 1507054 column 266: unknown constant NUSR_dot__op_N_cp_P1506B_6"")(error ""line 1507055 column 266: unknown constant NUSR_dot__op_N_cp_P1506B_7"")(error ""line 1507056 column 266: unknown constant NUSR_dot__op_N_cp_P1506B_8"")(error ""line 1507057 column 266: unknown constant NUSR_dot__op_N_cp_P1506B_9"")(error ""line 1507058 column 271: unknown constant NUSR_dot__op_N_cp_P1506B_10"")(error ""line 1507059 column 272: unknown constant NUSR_dot__op_N_cp_P1506B_11"")(error ""line 1507060 column 272: unknown constant NUSR_dot__op_N_cp_P1506B_12"")(error ""line 1507061 column 272: unknown constant NUSR_dot__op_N_cp_P1506B_13"")(error ""line 1507062 column 272: unknown constant NUSR_dot__op_N_cp_P1506B_14"")(error ""line 1507063 column 272: unknown constant NUSR_dot__op_N_cp_P1506B_15"")(error ""line 1507064 column 272: unknown constant NUSR_dot__op_N_cp_P1506B_16"")(error ""line 1507065 column 272: unknown constant NUSR_dot__op_N_cp_P1506B_17"")(error ""line 1507066 column 272: unknown constant NUSR_dot__op_N_cp_P1506B_18"")(error ""line 1507067 column 272: unknown constant NUSR_dot__op_N_cp_P1506B_19"")(error ""line 1507068 column 272: unknown constant NUSR_dot__op_N_cp_P1506B_20"")(error ""line 1507069 column 272: unknown constant NUSR_dot__op_N_cp_P1506B_21"")(error ""line 1507070 column 272: unknown constant NUSR_dot__op_N_cp_P1506B_22"")(error ""line 1507071 column 272: unknown constant NUSR_dot__op_N_cp_P1506B_23"")(error ""line 1507072 column 272: unknown constant NUSR_dot__op_N_cp_P1506B_24"")(error ""line 1507073 column 272: unknown constant NUSR_dot__op_N_cp_P1506B_25"")(error ""line 1507074 column 272: unknown constant NUSR_dot__op_N_cp_P1506B_26"")(error ""line 1507075 column 272: unknown constant NUSR_dot__op_N_cp_P1506B_27"")(error ""line 1507076 column 272: unknown constant NUSR_dot__op_N_cp_P1506B_28"")(error ""line 1507077 column 272: unknown constant NUSR_dot__op_N_cp_P1506B_29"")(error ""line 1507078 column 272: unknown constant NUSR_dot__op_N_cp_P1506B_30"")(error ""line 1507079 column 272: unknown constant NUSR_dot__op_N_cp_P1506B_31"")(error ""line 1507080 column 272: unknown constant NUSR_dot__op_N_cp_P1506B_32"")(error ""line 1507081 column 272: unknown constant NUSR_dot__op_N_cp_P1506B_33"")(error ""line 1507082 column 272: unknown constant NUSR_dot__op_N_cp_P1506B_34"")(error ""line 1507083 column 272: unknown constant NUSR_dot__op_N_cp_P1506B_35"")(error ""line 1507084 column 272: unknown constant NUSR_dot__op_N_cp_P1506B_36"")(error ""line 1507085 column 272: unknown constant NUSR_dot__op_N_cp_P1506B_37"")(error ""line 1507086 column 272: unknown constant NUSR_dot__op_N_cp_P1506B_38"")(error ""line 1507087 column 272: unknown constant NUSR_dot__op_N_cp_P1506B_39"")(error ""line 1507088 column 272: unknown constant NUSR_dot__op_N_cp_P1506B_40"")(error ""line 1507089 column 272: unknown constant NUSR_dot__op_N_cp_P1506B_41"")(error ""line 1507090 column 272: unknown constant NUSR_dot__op_N_cp_P1506B_42"")(error ""line 1507091 column 272: unknown constant NUSR_dot__op_N_cp_P1506B_43"")(error ""line 1507092 column 272: unknown constant NUSR_dot__op_N_cp_P1506B_44"")(error ""line 1507093 column 272: unknown constant NUSR_dot__op_N_cp_P1506B_45"")(error ""line 1507094 column 272: unknown constant NUSR_dot__op_N_cp_P1506B_46"")(error ""line 1507095 column 272: unknown constant NUSR_dot__op_N_cp_P1506B_47"")(error ""line 1507096 column 272: unknown constant NUSR_dot__op_N_cp_P1506B_48"")(error ""line 1507097 column 272: unknown constant NUSR_dot__op_N_cp_P1506B_49"")(error ""line 1507098 column 272: unknown constant NUSR_dot__op_N_cp_P1506B_50"")(error ""line 1507099 column 272: unknown constant NUSR_dot__op_N_cp_P1506B_51"")(error ""line 1507100 column 272: unknown constant NUSR_dot__op_N_cp_P1506B_52"")(error ""line 1507101 column 272: unknown constant NUSR_dot__op_N_cp_P1506B_53"")(error ""line 1507102 column 272: unknown constant NUSR_dot__op_N_cp_P1506B_54"")(error ""line 1507103 column 272: unknown constant NUSR_dot__op_N_cp_P1506B_55"")(error ""line 1507104 column 272: unknown constant NUSR_dot__op_N_cp_P1506B_56"")(error ""line 1507105 column 272: unknown constant NUSR_dot__op_N_cp_P1506B_57"")(error ""line 1507106 column 272: unknown constant NUSR_dot__op_N_cp_P1506B_58"")(error ""line 1507107 column 272: unknown constant NUSR_dot__op_N_cp_P1506B_59"")(error ""line 1507108 column 272: unknown constant NUSR_dot__op_N_cp_P1506B_60"")(error ""line 1507109 column 272: unknown constant NUSR_dot__op_N_cp_P1506B_61"")(error ""line 1507110 column 272: unknown constant NUSR_dot__op_N_cp_P1506B_62"")(error ""line 1507111 column 272: unknown constant NUSR_dot__op_N_cp_P1506B_63"")(error ""line 1507112 column 272: unknown constant NUSR_dot__op_N_cp_P1506B_64"")(error ""line 1507113 column 272: unknown constant NUSR_dot__op_N_cp_P1506B_65"")(error ""line 1507114 column 272: unknown constant NUSR_dot__op_N_cp_P1506B_66"")(error ""line 1507115 column 272: unknown constant NUSR_dot__op_N_cp_P1506B_67"")(error ""line 1507116 column 272: unknown constant NUSR_dot__op_N_cp_P1506B_68"")(error ""line 1507117 column 272: unknown constant NUSR_dot__op_N_cp_P1506B_69"")(error ""line 1507118 column 272: unknown constant NUSR_dot__op_N_cp_P1506B_70"")(error ""line 1507119 column 272: unknown constant NUSR_dot__op_N_cp_P1506B_71"")(error ""line 1507120 column 272: unknown constant NUSR_dot__op_N_cp_P1506B_72"")(error ""line 1507121 column 272: unknown constant NUSR_dot__op_N_cp_P1506B_73"")(error ""line 1507122 column 272: unknown constant NUSR_dot__op_N_cp_P1506B_74"")(error ""line 1507123 column 272: unknown constant NUSR_dot__op_N_cp_P1506B_75"")(error ""line 1507124 column 272: unknown constant NUSR_dot__op_N_cp_P1506B_76"")(error ""line 1507125 column 272: unknown constant NUSR_dot__op_N_cp_P1506B_77"")(error ""line 1507126 column 272: unknown constant NUSR_dot__op_N_cp_P1506B_78"")(error ""line 1507127 column 272: unknown constant NUSR_dot__op_N_cp_P1506B_79"")(error ""line 1507128 column 272: unknown constant NUSR_dot__op_N_cp_P1506B_80"")(error ""line 1507129 column 272: unknown constant NUSR_dot__op_N_cp_P1506B_81"")(error ""line 1507130 column 272: unknown constant NUSR_dot__op_N_cp_P1506B_82"")(error ""line 1507131 column 272: unknown constant NUSR_dot__op_N_cp_P1506B_83"")(error ""line 1507132 column 272: unknown constant NUSR_dot__op_N_cp_P1506B_84"")(error ""line 1507133 column 272: unknown constant NUSR_dot__op_N_cp_P1506B_85"")(error ""line 1507134 column 272: unknown constant NUSR_dot__op_N_cp_P1506B_86"")(error ""line 1507135 column 272: unknown constant NUSR_dot__op_N_cp_P1506B_87"")(error ""line 1507136 column 272: unknown constant NUSR_dot__op_N_cp_P1506B_88"")(error ""line 1507137 column 272: unknown constant NUSR_dot__op_N_cp_P1506B_89"")(error ""line 1507138 column 272: unknown constant NUSR_dot__op_N_cp_P1506B_90"")(error ""line 1507139 column 272: unknown constant NUSR_dot__op_N_cp_P1506B_91"")(error ""line 1507140 column 272: unknown constant NUSR_dot__op_N_cp_P1506B_92"")(error ""line 1507141 column 272: unknown constant NUSR_dot__op_N_cp_P1506B_93"")(error ""line 1507142 column 272: unknown constant NUSR_dot__op_N_cp_P1506B_94"")(error ""line 1507143 column 272: unknown constant NUSR_dot__op_N_cp_P1506B_95"")(error ""line 1507144 column 272: unknown constant NUSR_dot__op_N_cp_P1506B_96"")(error ""line 1507145 column 272: unknown constant NUSR_dot__op_N_cp_P1506B_97"")(error ""line 1507146 column 272: unknown constant NUSR_dot__op_N_cp_P1506B_98"")(error ""line 1507147 column 272: unknown constant NUSR_dot__op_N_cp_P1506B_99"")(error ""line 1507148 column 277: unknown constant NUSR_dot__op_N_cp_P1506B_100"")sat",N/A => Expected predicate keys to be pre-included in a dictionary.,yes,yes,yes,N/A => Expected predicate keys to be pre-included in a dictionary.,0,yes,yes,yes
2_1_23_TrackSectionsInLineOfRoute_group6,Theorem,CounterSatisfiable,no,19.0007721,CounterSatisfiable,unsat,unsat,yes,unsat,yes,yes,yes,yes,yes,0.0640415,yes,yes,yes
2_1_23_TrackSectionsInLineOfRoute_group7,Theorem,CounterSatisfiable,no,18.8880191,CounterSatisfiable,unsat,unsat,yes,unsat,yes,yes,yes,yes,yes,0.0676953,yes,yes,yes
2_1_23_TrackSectionsInLineOfRoute_group8,Theorem,CounterSatisfiable,no,18.7721214,CounterSatisfiable,unsat,unsat,yes,unsat,yes,yes,yes,yes,yes,0.0674439,yes,yes,yes
2_1_23_TrackSectionsInLineOfRoute_group9,Theorem,CounterSatisfiable,no,18.8262912,CounterSatisfiable,unsat,unsat,yes,unsat,yes,yes,yes,yes,yes,0.0648818,yes,yes,yes
2_1_24_OverlapSectionsInLineOfRoute_group0,Theorem,Theorem,yes,18.7819129,Theorem,unsat,unsat,yes,unsat,yes,yes,yes,yes,yes,0.0690257,yes,yes,yes
2_1_24_OverlapSectionsInLineOfRoute_group1,Theorem,Theorem,yes,18.8081675,Theorem,unsat,unsat,yes,unsat,yes,yes,yes,yes,yes,0.064874,yes,yes,yes
2_1_24_OverlapSectionsInLineOfRoute_group10,Theorem,Theorem,yes,18.675224,Theorem,unsat,unsat,yes,unsat,yes,yes,yes,yes,yes,0.0684248,yes,yes,yes
2_1_24_OverlapSectionsInLineOfRoute_group11,Theorem,Theorem,yes,18.7135333,Theorem,unsat,unsat,yes,unsat,yes,yes,yes,yes,yes,0.0674142,yes,yes,yes
2_1_24_OverlapSectionsInLineOfRoute_group12,Theorem,Theorem,yes,18.5983946,Theorem,unsat,unsat,yes,unsat,yes,yes,yes,yes,yes,0.0672439,yes,yes,yes
2_1_24_OverlapSectionsInLineOfRoute_group13,Theorem,Theorem,yes,18.7114588,Theorem,unsat,unsat,yes,unsat,yes,yes,yes,yes,yes,0.0649976,yes,yes,yes
2_1_24_OverlapSectionsInLineOfRoute_group2,Theorem,Theorem,yes,18.8975957,Theorem,unsat,unsat,yes,unsat,yes,yes,yes,yes,yes,0.0689258,yes,yes,yes
2_1_24_OverlapSectionsInLineOfRoute_group3,Theorem,Theorem,yes,18.6689794,Theorem,unsat,unsat,yes,unsat,yes,yes,yes,yes,yes,0.0678254,yes,yes,yes
2_1_24_OverlapSectionsInLineOfRoute_group4,Theorem,Theorem,yes,18.7664789,Theorem,unsat,unsat,yes,unsat,yes,yes,yes,yes,yes,0.0645969,yes,yes,yes
2_1_24_OverlapSectionsInLineOfRoute_group5,Theorem,Theorem,yes,18.7407573,Theorem,unsat,unsat,yes,unsat,yes,yes,yes,yes,yes,0.0661057,yes,yes,yes
2_1_24_OverlapSectionsInLineOfRoute_group6,Theorem,Theorem,yes,18.9989454,Theorem,unsat,unsat,yes,unsat,yes,yes,yes,yes,yes,0.0647611,yes,yes,yes
2_1_24_OverlapSectionsInLineOfRoute_group7,Theorem,Theorem,yes,18.7875259,Theorem,unsat,unsat,yes,unsat,yes,yes,yes,yes,yes,0.0725725,yes,yes,yes
2_1_24_OverlapSectionsInLineOfRoute_group8,Theorem,CounterSatisfiable,no,19.0322331,CounterSatisfiable,"(error ""line 32741 column 168: unknown constant OUSROL_dot__op_N_cp_P1505A_1"")sat","(error ""line 38710 column 168: unknown constant OUSROL_dot__op_N_cp_P1505A_1"")(error ""line 38711 column 168: unknown constant OUSROL_dot__op_N_cp_P1505A_2"")sat",no,"(error ""line 1507049 column 179: unknown constant OUSROL_dot__op_N_cp_P1505A_1"")(error ""line 1507050 column 179: unknown constant OUSROL_dot__op_N_cp_P1505A_2"")(error ""line 1507051 column 179: unknown constant OUSROL_dot__op_N_cp_P1505A_3"")(error ""line 1507052 column 179: unknown constant OUSROL_dot__op_N_cp_P1505A_4"")(error ""line 1507053 column 179: unknown constant OUSROL_dot__op_N_cp_P1505A_5"")(error ""line 1507054 column 179: unknown constant OUSROL_dot__op_N_cp_P1505A_6"")(error ""line 1507055 column 179: unknown constant OUSROL_dot__op_N_cp_P1505A_7"")(error ""line 1507056 column 179: unknown constant OUSROL_dot__op_N_cp_P1505A_8"")(error ""line 1507057 column 179: unknown constant OUSROL_dot__op_N_cp_P1505A_9"")(error ""line 1507058 column 182: unknown constant OUSROL_dot__op_N_cp_P1505A_10"")(error ""line 1507059 column 183: unknown constant OUSROL_dot__op_N_cp_P1505A_11"")(error ""line 1507060 column 183: unknown constant OUSROL_dot__op_N_cp_P1505A_12"")(error ""line 1507061 column 183: unknown constant OUSROL_dot__op_N_cp_P1505A_13"")(error ""line 1507062 column 183: unknown constant OUSROL_dot__op_N_cp_P1505A_14"")(error ""line 1507063 column 183: unknown constant OUSROL_dot__op_N_cp_P1505A_15"")(error ""line 1507064 column 183: unknown constant OUSROL_dot__op_N_cp_P1505A_16"")(error ""line 1507065 column 183: unknown constant OUSROL_dot__op_N_cp_P1505A_17"")(error ""line 1507066 column 183: unknown constant OUSROL_dot__op_N_cp_P1505A_18"")(error ""line 1507067 column 183: unknown constant OUSROL_dot__op_N_cp_P1505A_19"")(error ""line 1507068 column 183: unknown constant OUSROL_dot__op_N_cp_P1505A_20"")(error ""line 1507069 column 183: unknown constant OUSROL_dot__op_N_cp_P1505A_21"")(error ""line 1507070 column 183: unknown constant OUSROL_dot__op_N_cp_P1505A_22"")(error ""line 1507071 column 183: unknown constant OUSROL_dot__op_N_cp_P1505A_23"")(error ""line 1507072 column 183: unknown constant OUSROL_dot__op_N_cp_P1505A_24"")(error ""line 1507073 column 183: unknown constant OUSROL_dot__op_N_cp_P1505A_25"")(error ""line 1507074 column 183: unknown constant OUSROL_dot__op_N_cp_P1505A_26"")(error ""line 1507075 column 183: unknown constant OUSROL_dot__op_N_cp_P1505A_27"")(error ""line 1507076 column 183: unknown constant OUSROL_dot__op_N_cp_P1505A_28"")(error ""line 1507077 column 183: unknown constant OUSROL_dot__op_N_cp_P1505A_29"")(error ""line 1507078 column 183: unknown constant OUSROL_dot__op_N_cp_P1505A_30"")(error ""line 1507079 column 183: unknown constant OUSROL_dot__op_N_cp_P1505A_31"")(error ""line 1507080 column 183: unknown constant OUSROL_dot__op_N_cp_P1505A_32"")(error ""line 1507081 column 183: unknown constant OUSROL_dot__op_N_cp_P1505A_33"")(error ""line 1507082 column 183: unknown constant OUSROL_dot__op_N_cp_P1505A_34"")(error ""line 1507083 column 183: unknown constant OUSROL_dot__op_N_cp_P1505A_35"")(error ""line 1507084 column 183: unknown constant OUSROL_dot__op_N_cp_P1505A_36"")(error ""line 1507085 column 183: unknown constant OUSROL_dot__op_N_cp_P1505A_37"")(error ""line 1507086 column 183: unknown constant OUSROL_dot__op_N_cp_P1505A_38"")(error ""line 1507087 column 183: unknown constant OUSROL_dot__op_N_cp_P1505A_39"")(error ""line 1507088 column 183: unknown constant OUSROL_dot__op_N_cp_P1505A_40"")(error ""line 1507089 column 183: unknown constant OUSROL_dot__op_N_cp_P1505A_41"")(error ""line 1507090 column 183: unknown constant OUSROL_dot__op_N_cp_P1505A_42"")(error ""line 1507091 column 183: unknown constant OUSROL_dot__op_N_cp_P1505A_43"")(error ""line 1507092 column 183: unknown constant OUSROL_dot__op_N_cp_P1505A_44"")(error ""line 1507093 column 183: unknown constant OUSROL_dot__op_N_cp_P1505A_45"")(error ""line 1507094 column 183: unknown constant OUSROL_dot__op_N_cp_P1505A_46"")(error ""line 1507095 column 183: unknown constant OUSROL_dot__op_N_cp_P1505A_47"")(error ""line 1507096 column 183: unknown constant OUSROL_dot__op_N_cp_P1505A_48"")(error ""line 1507097 column 183: unknown constant OUSROL_dot__op_N_cp_P1505A_49"")(error ""line 1507098 column 183: unknown constant OUSROL_dot__op_N_cp_P1505A_50"")(error ""line 1507099 column 183: unknown constant OUSROL_dot__op_N_cp_P1505A_51"")(error ""line 1507100 column 183: unknown constant OUSROL_dot__op_N_cp_P1505A_52"")(error ""line 1507101 column 183: unknown constant OUSROL_dot__op_N_cp_P1505A_53"")(error ""line 1507102 column 183: unknown constant OUSROL_dot__op_N_cp_P1505A_54"")(error ""line 1507103 column 183: unknown constant OUSROL_dot__op_N_cp_P1505A_55"")(error ""line 1507104 column 183: unknown constant OUSROL_dot__op_N_cp_P1505A_56"")(error ""line 1507105 column 183: unknown constant OUSROL_dot__op_N_cp_P1505A_57"")(error ""line 1507106 column 183: unknown constant OUSROL_dot__op_N_cp_P1505A_58"")(error ""line 1507107 column 183: unknown constant OUSROL_dot__op_N_cp_P1505A_59"")(error ""line 1507108 column 183: unknown constant OUSROL_dot__op_N_cp_P1505A_60"")(error ""line 1507109 column 183: unknown constant OUSROL_dot__op_N_cp_P1505A_61"")(error ""line 1507110 column 183: unknown constant OUSROL_dot__op_N_cp_P1505A_62"")(error ""line 1507111 column 183: unknown constant OUSROL_dot__op_N_cp_P1505A_63"")(error ""line 1507112 column 183: unknown constant OUSROL_dot__op_N_cp_P1505A_64"")(error ""line 1507113 column 183: unknown constant OUSROL_dot__op_N_cp_P1505A_65"")(error ""line 1507114 column 183: unknown constant OUSROL_dot__op_N_cp_P1505A_66"")(error ""line 1507115 column 183: unknown constant OUSROL_dot__op_N_cp_P1505A_67"")(error ""line 1507116 column 183: unknown constant OUSROL_dot__op_N_cp_P1505A_68"")(error ""line 1507117 column 183: unknown constant OUSROL_dot__op_N_cp_P1505A_69"")(error ""line 1507118 column 183: unknown constant OUSROL_dot__op_N_cp_P1505A_70"")(error ""line 1507119 column 183: unknown constant OUSROL_dot__op_N_cp_P1505A_71"")(error ""line 1507120 column 183: unknown constant OUSROL_dot__op_N_cp_P1505A_72"")(error ""line 1507121 column 183: unknown constant OUSROL_dot__op_N_cp_P1505A_73"")(error ""line 1507122 column 183: unknown constant OUSROL_dot__op_N_cp_P1505A_74"")(error ""line 1507123 column 183: unknown constant OUSROL_dot__op_N_cp_P1505A_75"")(error ""line 1507124 column 183: unknown constant OUSROL_dot__op_N_cp_P1505A_76"")(error ""line 1507125 column 183: unknown constant OUSROL_dot__op_N_cp_P1505A_77"")(error ""line 1507126 column 183: unknown constant OUSROL_dot__op_N_cp_P1505A_78"")(error ""line 1507127 column 183: unknown constant OUSROL_dot__op_N_cp_P1505A_79"")(error ""line 1507128 column 183: unknown constant OUSROL_dot__op_N_cp_P1505A_80"")(error ""line 1507129 column 183: unknown constant OUSROL_dot__op_N_cp_P1505A_81"")(error ""line 1507130 column 183: unknown constant OUSROL_dot__op_N_cp_P1505A_82"")(error ""line 1507131 column 183: unknown constant OUSROL_dot__op_N_cp_P1505A_83"")(error ""line 1507132 column 183: unknown constant OUSROL_dot__op_N_cp_P1505A_84"")(error ""line 1507133 column 183: unknown constant OUSROL_dot__op_N_cp_P1505A_85"")(error ""line 1507134 column 183: unknown constant OUSROL_dot__op_N_cp_P1505A_86"")(error ""line 1507135 column 183: unknown constant OUSROL_dot__op_N_cp_P1505A_87"")(error ""line 1507136 column 183: unknown constant OUSROL_dot__op_N_cp_P1505A_88"")(error ""line 1507137 column 183: unknown constant OUSROL_dot__op_N_cp_P1505A_89"")(error ""line 1507138 column 183: unknown constant OUSROL_dot__op_N_cp_P1505A_90"")(error ""line 1507139 column 183: unknown constant OUSROL_dot__op_N_cp_P1505A_91"")(error ""line 1507140 column 183: unknown constant OUSROL_dot__op_N_cp_P1505A_92"")(error ""line 1507141 column 183: unknown constant OUSROL_dot__op_N_cp_P1505A_93"")(error ""line 1507142 column 183: unknown constant OUSROL_dot__op_N_cp_P1505A_94"")(error ""line 1507143 column 183: unknown constant OUSROL_dot__op_N_cp_P1505A_95"")(error ""line 1507144 column 183: unknown constant OUSROL_dot__op_N_cp_P1505A_96"")(error ""line 1507145 column 183: unknown constant OUSROL_dot__op_N_cp_P1505A_97"")(error ""line 1507146 column 183: unknown constant OUSROL_dot__op_N_cp_P1505A_98"")(error ""line 1507147 column 183: unknown constant OUSROL_dot__op_N_cp_P1505A_99"")(error ""line 1507148 column 186: unknown constant OUSROL_dot__op_N_cp_P1505A_100"")sat",N/A => Expected predicate keys to be pre-included in a dictionary.,yes,yes,yes,N/A => Expected predicate keys to be pre-included in a dictionary.,0,yes,yes,yes
2_1_24_OverlapSectionsInLineOfRoute_group9,Theorem,CounterSatisfiable,no,19.0185834,CounterSatisfiable,"(error ""line 32741 column 168: unknown constant OUSROL_dot__op_N_cp_P1505A_1"")sat","(error ""line 38710 column 168: unknown constant OUSROL_dot__op_N_cp_P1505A_1"")(error ""line 38711 column 168: unknown constant OUSROL_dot__op_N_cp_P1505A_2"")sat",no,"(error ""line 1507049 column 179: unknown constant OUSROL_dot__op_N_cp_P1505A_1"")(error ""line 1507050 column 179: unknown constant OUSROL_dot__op_N_cp_P1505A_2"")(error ""line 1507051 column 179: unknown constant OUSROL_dot__op_N_cp_P1505A_3"")(error ""line 1507052 column 179: unknown constant OUSROL_dot__op_N_cp_P1505A_4"")(error ""line 1507053 column 179: unknown constant OUSROL_dot__op_N_cp_P1505A_5"")(error ""line 1507054 column 179: unknown constant OUSROL_dot__op_N_cp_P1505A_6"")(error ""line 1507055 column 179: unknown constant OUSROL_dot__op_N_cp_P1505A_7"")(error ""line 1507056 column 179: unknown constant OUSROL_dot__op_N_cp_P1505A_8"")(error ""line 1507057 column 179: unknown constant OUSROL_dot__op_N_cp_P1505A_9"")(error ""line 1507058 column 182: unknown constant OUSROL_dot__op_N_cp_P1505A_10"")(error ""line 1507059 column 183: unknown constant OUSROL_dot__op_N_cp_P1505A_11"")(error ""line 1507060 column 183: unknown constant OUSROL_dot__op_N_cp_P1505A_12"")(error ""line 1507061 column 183: unknown constant OUSROL_dot__op_N_cp_P1505A_13"")(error ""line 1507062 column 183: unknown constant OUSROL_dot__op_N_cp_P1505A_14"")(error ""line 1507063 column 183: unknown constant OUSROL_dot__op_N_cp_P1505A_15"")(error ""line 1507064 column 183: unknown constant OUSROL_dot__op_N_cp_P1505A_16"")(error ""line 1507065 column 183: unknown constant OUSROL_dot__op_N_cp_P1505A_17"")(error ""line 1507066 column 183: unknown constant OUSROL_dot__op_N_cp_P1505A_18"")(error ""line 1507067 column 183: unknown constant OUSROL_dot__op_N_cp_P1505A_19"")(error ""line 1507068 column 183: unknown constant OUSROL_dot__op_N_cp_P1505A_20"")(error ""line 1507069 column 183: unknown constant OUSROL_dot__op_N_cp_P1505A_21"")(error ""line 1507070 column 183: unknown constant OUSROL_dot__op_N_cp_P1505A_22"")(error ""line 1507071 column 183: unknown constant OUSROL_dot__op_N_cp_P1505A_23"")(error ""line 1507072 column 183: unknown constant OUSROL_dot__op_N_cp_P1505A_24"")(error ""line 1507073 column 183: unknown constant OUSROL_dot__op_N_cp_P1505A_25"")(error ""line 1507074 column 183: unknown constant OUSROL_dot__op_N_cp_P1505A_26"")(error ""line 1507075 column 183: unknown constant OUSROL_dot__op_N_cp_P1505A_27"")(error ""line 1507076 column 183: unknown constant OUSROL_dot__op_N_cp_P1505A_28"")(error ""line 1507077 column 183: unknown constant OUSROL_dot__op_N_cp_P1505A_29"")(error ""line 1507078 column 183: unknown constant OUSROL_dot__op_N_cp_P1505A_30"")(error ""line 1507079 column 183: unknown constant OUSROL_dot__op_N_cp_P1505A_31"")(error ""line 1507080 column 183: unknown constant OUSROL_dot__op_N_cp_P1505A_32"")(error ""line 1507081 column 183: unknown constant OUSROL_dot__op_N_cp_P1505A_33"")(error ""line 1507082 column 183: unknown constant OUSROL_dot__op_N_cp_P1505A_34"")(error ""line 1507083 column 183: unknown constant OUSROL_dot__op_N_cp_P1505A_35"")(error ""line 1507084 column 183: unknown constant OUSROL_dot__op_N_cp_P1505A_36"")(error ""line 1507085 column 183: unknown constant OUSROL_dot__op_N_cp_P1505A_37"")(error ""line 1507086 column 183: unknown constant OUSROL_dot__op_N_cp_P1505A_38"")(error ""line 1507087 column 183: unknown constant OUSROL_dot__op_N_cp_P1505A_39"")(error ""line 1507088 column 183: unknown constant OUSROL_dot__op_N_cp_P1505A_40"")(error ""line 1507089 column 183: unknown constant OUSROL_dot__op_N_cp_P1505A_41"")(error ""line 1507090 column 183: unknown constant OUSROL_dot__op_N_cp_P1505A_42"")(error ""line 1507091 column 183: unknown constant OUSROL_dot__op_N_cp_P1505A_43"")(error ""line 1507092 column 183: unknown constant OUSROL_dot__op_N_cp_P1505A_44"")(error ""line 1507093 column 183: unknown constant OUSROL_dot__op_N_cp_P1505A_45"")(error ""line 1507094 column 183: unknown constant OUSROL_dot__op_N_cp_P1505A_46"")(error ""line 1507095 column 183: unknown constant OUSROL_dot__op_N_cp_P1505A_47"")(error ""line 1507096 column 183: unknown constant OUSROL_dot__op_N_cp_P1505A_48"")(error ""line 1507097 column 183: unknown constant OUSROL_dot__op_N_cp_P1505A_49"")(error ""line 1507098 column 183: unknown constant OUSROL_dot__op_N_cp_P1505A_50"")(error ""line 1507099 column 183: unknown constant OUSROL_dot__op_N_cp_P1505A_51"")(error ""line 1507100 column 183: unknown constant OUSROL_dot__op_N_cp_P1505A_52"")(error ""line 1507101 column 183: unknown constant OUSROL_dot__op_N_cp_P1505A_53"")(error ""line 1507102 column 183: unknown constant OUSROL_dot__op_N_cp_P1505A_54"")(error ""line 1507103 column 183: unknown constant OUSROL_dot__op_N_cp_P1505A_55"")(error ""line 1507104 column 183: unknown constant OUSROL_dot__op_N_cp_P1505A_56"")(error ""line 1507105 column 183: unknown constant OUSROL_dot__op_N_cp_P1505A_57"")(error ""line 1507106 column 183: unknown constant OUSROL_dot__op_N_cp_P1505A_58"")(error ""line 1507107 column 183: unknown constant OUSROL_dot__op_N_cp_P1505A_59"")(error ""line 1507108 column 183: unknown constant OUSROL_dot__op_N_cp_P1505A_60"")(error ""line 1507109 column 183: unknown constant OUSROL_dot__op_N_cp_P1505A_61"")(error ""line 1507110 column 183: unknown constant OUSROL_dot__op_N_cp_P1505A_62"")(error ""line 1507111 column 183: unknown constant OUSROL_dot__op_N_cp_P1505A_63"")(error ""line 1507112 column 183: unknown constant OUSROL_dot__op_N_cp_P1505A_64"")(error ""line 1507113 column 183: unknown constant OUSROL_dot__op_N_cp_P1505A_65"")(error ""line 1507114 column 183: unknown constant OUSROL_dot__op_N_cp_P1505A_66"")(error ""line 1507115 column 183: unknown constant OUSROL_dot__op_N_cp_P1505A_67"")(error ""line 1507116 column 183: unknown constant OUSROL_dot__op_N_cp_P1505A_68"")(error ""line 1507117 column 183: unknown constant OUSROL_dot__op_N_cp_P1505A_69"")(error ""line 1507118 column 183: unknown constant OUSROL_dot__op_N_cp_P1505A_70"")(error ""line 1507119 column 183: unknown constant OUSROL_dot__op_N_cp_P1505A_71"")(error ""line 1507120 column 183: unknown constant OUSROL_dot__op_N_cp_P1505A_72"")(error ""line 1507121 column 183: unknown constant OUSROL_dot__op_N_cp_P1505A_73"")(error ""line 1507122 column 183: unknown constant OUSROL_dot__op_N_cp_P1505A_74"")(error ""line 1507123 column 183: unknown constant OUSROL_dot__op_N_cp_P1505A_75"")(error ""line 1507124 column 183: unknown constant OUSROL_dot__op_N_cp_P1505A_76"")(error ""line 1507125 column 183: unknown constant OUSROL_dot__op_N_cp_P1505A_77"")(error ""line 1507126 column 183: unknown constant OUSROL_dot__op_N_cp_P1505A_78"")(error ""line 1507127 column 183: unknown constant OUSROL_dot__op_N_cp_P1505A_79"")(error ""line 1507128 column 183: unknown constant OUSROL_dot__op_N_cp_P1505A_80"")(error ""line 1507129 column 183: unknown constant OUSROL_dot__op_N_cp_P1505A_81"")(error ""line 1507130 column 183: unknown constant OUSROL_dot__op_N_cp_P1505A_82"")(error ""line 1507131 column 183: unknown constant OUSROL_dot__op_N_cp_P1505A_83"")(error ""line 1507132 column 183: unknown constant OUSROL_dot__op_N_cp_P1505A_84"")(error ""line 1507133 column 183: unknown constant OUSROL_dot__op_N_cp_P1505A_85"")(error ""line 1507134 column 183: unknown constant OUSROL_dot__op_N_cp_P1505A_86"")(error ""line 1507135 column 183: unknown constant OUSROL_dot__op_N_cp_P1505A_87"")(error ""line 1507136 column 183: unknown constant OUSROL_dot__op_N_cp_P1505A_88"")(error ""line 1507137 column 183: unknown constant OUSROL_dot__op_N_cp_P1505A_89"")(error ""line 1507138 column 183: unknown constant OUSROL_dot__op_N_cp_P1505A_90"")(error ""line 1507139 column 183: unknown constant OUSROL_dot__op_N_cp_P1505A_91"")(error ""line 1507140 column 183: unknown constant OUSROL_dot__op_N_cp_P1505A_92"")(error ""line 1507141 column 183: unknown constant OUSROL_dot__op_N_cp_P1505A_93"")(error ""line 1507142 column 183: unknown constant OUSROL_dot__op_N_cp_P1505A_94"")(error ""line 1507143 column 183: unknown constant OUSROL_dot__op_N_cp_P1505A_95"")(error ""line 1507144 column 183: unknown constant OUSROL_dot__op_N_cp_P1505A_96"")(error ""line 1507145 column 183: unknown constant OUSROL_dot__op_N_cp_P1505A_97"")(error ""line 1507146 column 183: unknown constant OUSROL_dot__op_N_cp_P1505A_98"")(error ""line 1507147 column 183: unknown constant OUSROL_dot__op_N_cp_P1505A_99"")(error ""line 1507148 column 186: unknown constant OUSROL_dot__op_N_cp_P1505A_100"")sat",N/A => Expected predicate keys to be pre-included in a dictionary.,yes,yes,yes,N/A => Expected predicate keys to be pre-included in a dictionary.,0,yes,yes,yes
2_1_3_ConflictingRoutes_group0,Theorem,CounterSatisfiable,no,18.8665495,Theorem,unsat,sat,no,unsat,yes,yes,yes,yes,yes,0.0620956,yes,yes,yes
2_1_3_ConflictingRoutes_group1,Theorem,CounterSatisfiable,no,19.1432703,Theorem,unsat,sat,no,unsat,yes,yes,yes,yes,yes,0.067362,yes,yes,yes
2_1_3_ConflictingRoutes_group10,Theorem,CounterSatisfiable,no,18.839629,Theorem,unsat,sat,no,unsat,yes,yes,yes,yes,yes,0.0715465,yes,yes,yes
2_1_3_ConflictingRoutes_group11,Theorem,CounterSatisfiable,no,19.1798751,Theorem,unsat,sat,no,unsat,yes,yes,yes,yes,yes,0.0639552,yes,yes,yes
2_1_3_ConflictingRoutes_group12,Theorem,CounterSatisfiable,no,19.2350431,Theorem,unsat,sat,no,unsat,yes,yes,yes,yes,yes,0.0664472,yes,yes,yes
2_1_3_ConflictingRoutes_group13,Theorem,CounterSatisfiable,no,18.7872197,Theorem,unsat,sat,no,unsat,yes,yes,yes,yes,yes,0.0647453,yes,yes,yes
2_1_3_ConflictingRoutes_group14,Theorem,CounterSatisfiable,no,18.8770169,Theorem,unsat,sat,no,unsat,yes,yes,yes,yes,yes,0.0643329,yes,yes,yes
2_1_3_ConflictingRoutes_group15,Theorem,CounterSatisfiable,no,18.8877728,Theorem,unsat,sat,no,unsat,yes,yes,yes,yes,yes,0.0679201,yes,yes,yes
2_1_3_ConflictingRoutes_group16,Theorem,CounterSatisfiable,no,18.8710939,Theorem,unsat,sat,no,unsat,yes,yes,yes,yes,yes,0.0711236,yes,yes,yes
2_1_3_ConflictingRoutes_group17,Theorem,CounterSatisfiable,no,18.9071408,Theorem,unsat,sat,no,unsat,yes,yes,yes,yes,yes,0.0618937,yes,yes,yes
2_1_3_ConflictingRoutes_group18,Theorem,CounterSatisfiable,no,18.7300832,Theorem,unsat,sat,no,unsat,yes,yes,yes,yes,yes,0.0653637,yes,yes,yes
2_1_3_ConflictingRoutes_group19,Theorem,CounterSatisfiable,no,18.8403611,Theorem,unsat,sat,no,unsat,yes,yes,yes,yes,yes,0.066462,yes,yes,yes
2_1_3_ConflictingRoutes_group2,Theorem,CounterSatisfiable,no,18.8429295,Theorem,unsat,sat,no,unsat,yes,yes,yes,yes,yes,0.0678422,yes,yes,yes
2_1_3_ConflictingRoutes_group20,Theorem,CounterSatisfiable,no,18.8028625,Theorem,unsat,sat,no,unsat,yes,yes,yes,yes,yes,0.0663668,yes,yes,yes
2_1_3_ConflictingRoutes_group21,Theorem,CounterSatisfiable,no,18.7197407,Theorem,unsat,sat,no,unsat,yes,yes,yes,yes,yes,0.0682606,yes,yes,yes
2_1_3_ConflictingRoutes_group3,Theorem,CounterSatisfiable,no,18.9307739,Theorem,unsat,sat,no,unsat,yes,yes,yes,yes,yes,0.0632646,yes,yes,yes
2_1_3_ConflictingRoutes_group4,Theorem,CounterSatisfiable,no,18.9406405,Theorem,unsat,sat,no,unsat,yes,yes,yes,yes,yes,0.0663878,yes,yes,yes
2_1_3_ConflictingRoutes_group5,Theorem,CounterSatisfiable,no,18.8284067,Theorem,unsat,sat,no,unsat,yes,yes,yes,yes,yes,0.0668568,yes,yes,yes
2_1_3_ConflictingRoutes_group6,Theorem,CounterSatisfiable,no,18.9219215,Theorem,unsat,sat,no,unsat,yes,yes,yes,yes,yes,0.0664177,yes,yes,yes
2_1_3_ConflictingRoutes_group7,Theorem,CounterSatisfiable,no,19.0946575,Theorem,unsat,sat,no,unsat,yes,yes,yes,yes,yes,0.0657769,yes,yes,yes
2_1_3_ConflictingRoutes_group8,Theorem,CounterSatisfiable,no,19.0354696,Theorem,unsat,sat,no,unsat,yes,yes,yes,yes,yes,0.072253,yes,yes,yes
2_1_3_ConflictingRoutes_group9,Theorem,CounterSatisfiable,no,18.8306378,Theorem,unsat,sat,no,unsat,yes,yes,yes,yes,yes,0.0642025,yes,yes,yes
2_1_4_LastOpposingRouteSection_group0,Theorem,CounterSatisfiable,no,18.9467076,CounterSatisfiable,unsat,unsat,yes,unsat,yes,yes,yes,yes,yes,0.0677165,yes,yes,yes
2_1_4_LastOpposingRouteSection_group1,Theorem,CounterSatisfiable,no,18.8847062,CounterSatisfiable,"(error ""line 32741 column 139: unknown constant OUSR_dot__op_N_cp_P1506B_1"")sat","(error ""line 38710 column 139: unknown constant OUSR_dot__op_N_cp_P1506B_1"")(error ""line 38711 column 139: unknown constant OUSR_dot__op_N_cp_P1506B_2"")sat",no,"(error ""line 1507049 column 150: unknown constant OUSR_dot__op_N_cp_P1506B_1"")(error ""line 1507050 column 150: unknown constant OUSR_dot__op_N_cp_P1506B_2"")(error ""line 1507051 column 150: unknown constant OUSR_dot__op_N_cp_P1506B_3"")(error ""line 1507052 column 150: unknown constant OUSR_dot__op_N_cp_P1506B_4"")(error ""line 1507053 column 150: unknown constant OUSR_dot__op_N_cp_P1506B_5"")(error ""line 1507054 column 150: unknown constant OUSR_dot__op_N_cp_P1506B_6"")(error ""line 1507055 column 150: unknown constant OUSR_dot__op_N_cp_P1506B_7"")(error ""line 1507056 column 150: unknown constant OUSR_dot__op_N_cp_P1506B_8"")(error ""line 1507057 column 150: unknown constant OUSR_dot__op_N_cp_P1506B_9"")(error ""line 1507058 column 152: unknown constant OUSR_dot__op_N_cp_P1506B_10"")(error ""line 1507059 column 153: unknown constant OUSR_dot__op_N_cp_P1506B_11"")(error ""line 1507060 column 153: unknown constant OUSR_dot__op_N_cp_P1506B_12"")(error ""line 1507061 column 153: unknown constant OUSR_dot__op_N_cp_P1506B_13"")(error ""line 1507062 column 153: unknown constant OUSR_dot__op_N_cp_P1506B_14"")(error ""line 1507063 column 153: unknown constant OUSR_dot__op_N_cp_P1506B_15"")(error ""line 1507064 column 153: unknown constant OUSR_dot__op_N_cp_P1506B_16"")(error ""line 1507065 column 153: unknown constant OUSR_dot__op_N_cp_P1506B_17"")(error ""line 1507066 column 153: unknown constant OUSR_dot__op_N_cp_P1506B_18"")(error ""line 1507067 column 153: unknown constant OUSR_dot__op_N_cp_P1506B_19"")(error ""line 1507068 column 153: unknown constant OUSR_dot__op_N_cp_P1506B_20"")(error ""line 1507069 column 153: unknown constant OUSR_dot__op_N_cp_P1506B_21"")(error ""line 1507070 column 153: unknown constant OUSR_dot__op_N_cp_P1506B_22"")(error ""line 1507071 column 153: unknown constant OUSR_dot__op_N_cp_P1506B_23"")(error ""line 1507072 column 153: unknown constant OUSR_dot__op_N_cp_P1506B_24"")(error ""line 1507073 column 153: unknown constant OUSR_dot__op_N_cp_P1506B_25"")(error ""line 1507074 column 153: unknown constant OUSR_dot__op_N_cp_P1506B_26"")(error ""line 1507075 column 153: unknown constant OUSR_dot__op_N_cp_P1506B_27"")(error ""line 1507076 column 153: unknown constant OUSR_dot__op_N_cp_P1506B_28"")(error ""line 1507077 column 153: unknown constant OUSR_dot__op_N_cp_P1506B_29"")(error ""line 1507078 column 153: unknown constant OUSR_dot__op_N_cp_P1506B_30"")(error ""line 1507079 column 153: unknown constant OUSR_dot__op_N_cp_P1506B_31"")(error ""line 1507080 column 153: unknown constant OUSR_dot__op_N_cp_P1506B_32"")(error ""line 1507081 column 153: unknown constant OUSR_dot__op_N_cp_P1506B_33"")(error ""line 1507082 column 153: unknown constant OUSR_dot__op_N_cp_P1506B_34"")(error ""line 1507083 column 153: unknown constant OUSR_dot__op_N_cp_P1506B_35"")(error ""line 1507084 column 153: unknown constant OUSR_dot__op_N_cp_P1506B_36"")(error ""line 1507085 column 153: unknown constant OUSR_dot__op_N_cp_P1506B_37"")(error ""line 1507086 column 153: unknown constant OUSR_dot__op_N_cp_P1506B_38"")(error ""line 1507087 column 153: unknown constant OUSR_dot__op_N_cp_P1506B_39"")(error ""line 1507088 column 153: unknown constant OUSR_dot__op_N_cp_P1506B_40"")(error ""line 1507089 column 153: unknown constant OUSR_dot__op_N_cp_P1506B_41"")(error ""line 1507090 column 153: unknown constant OUSR_dot__op_N_cp_P1506B_42"")(error ""line 1507091 column 153: unknown constant OUSR_dot__op_N_cp_P1506B_43"")(error ""line 1507092 column 153: unknown constant OUSR_dot__op_N_cp_P1506B_44"")(error ""line 1507093 column 153: unknown constant OUSR_dot__op_N_cp_P1506B_45"")(error ""line 1507094 column 153: unknown constant OUSR_dot__op_N_cp_P1506B_46"")(error ""line 1507095 column 153: unknown constant OUSR_dot__op_N_cp_P1506B_47"")(error ""line 1507096 column 153: unknown constant OUSR_dot__op_N_cp_P1506B_48"")(error ""line 1507097 column 153: unknown constant OUSR_dot__op_N_cp_P1506B_49"")(error ""line 1507098 column 153: unknown constant OUSR_dot__op_N_cp_P1506B_50"")(error ""line 1507099 column 153: unknown constant OUSR_dot__op_N_cp_P1506B_51"")(error ""line 1507100 column 153: unknown constant OUSR_dot__op_N_cp_P1506B_52"")(error ""line 1507101 column 153: unknown constant OUSR_dot__op_N_cp_P1506B_53"")(error ""line 1507102 column 153: unknown constant OUSR_dot__op_N_cp_P1506B_54"")(error ""line 1507103 column 153: unknown constant OUSR_dot__op_N_cp_P1506B_55"")(error ""line 1507104 column 153: unknown constant OUSR_dot__op_N_cp_P1506B_56"")(error ""line 1507105 column 153: unknown constant OUSR_dot__op_N_cp_P1506B_57"")(error ""line 1507106 column 153: unknown constant OUSR_dot__op_N_cp_P1506B_58"")(error ""line 1507107 column 153: unknown constant OUSR_dot__op_N_cp_P1506B_59"")(error ""line 1507108 column 153: unknown constant OUSR_dot__op_N_cp_P1506B_60"")(error ""line 1507109 column 153: unknown constant OUSR_dot__op_N_cp_P1506B_61"")(error ""line 1507110 column 153: unknown constant OUSR_dot__op_N_cp_P1506B_62"")(error ""line 1507111 column 153: unknown constant OUSR_dot__op_N_cp_P1506B_63"")(error ""line 1507112 column 153: unknown constant OUSR_dot__op_N_cp_P1506B_64"")(error ""line 1507113 column 153: unknown constant OUSR_dot__op_N_cp_P1506B_65"")(error ""line 1507114 column 153: unknown constant OUSR_dot__op_N_cp_P1506B_66"")(error ""line 1507115 column 153: unknown constant OUSR_dot__op_N_cp_P1506B_67"")(error ""line 1507116 column 153: unknown constant OUSR_dot__op_N_cp_P1506B_68"")(error ""line 1507117 column 153: unknown constant OUSR_dot__op_N_cp_P1506B_69"")(error ""line 1507118 column 153: unknown constant OUSR_dot__op_N_cp_P1506B_70"")(error ""line 1507119 column 153: unknown constant OUSR_dot__op_N_cp_P1506B_71"")(error ""line 1507120 column 153: unknown constant OUSR_dot__op_N_cp_P1506B_72"")(error ""line 1507121 column 153: unknown constant OUSR_dot__op_N_cp_P1506B_73"")(error ""line 1507122 column 153: unknown constant OUSR_dot__op_N_cp_P1506B_74"")(error ""line 1507123 column 153: unknown constant OUSR_dot__op_N_cp_P1506B_75"")(error ""line 1507124 column 153: unknown constant OUSR_dot__op_N_cp_P1506B_76"")(error ""line 1507125 column 153: unknown constant OUSR_dot__op_N_cp_P1506B_77"")(error ""line 1507126 column 153: unknown constant OUSR_dot__op_N_cp_P1506B_78"")(error ""line 1507127 column 153: unknown constant OUSR_dot__op_N_cp_P1506B_79"")(error ""line 1507128 column 153: unknown constant OUSR_dot__op_N_cp_P1506B_80"")(error ""line 1507129 column 153: unknown constant OUSR_dot__op_N_cp_P1506B_81"")(error ""line 1507130 column 153: unknown constant OUSR_dot__op_N_cp_P1506B_82"")(error ""line 1507131 column 153: unknown constant OUSR_dot__op_N_cp_P1506B_83"")(error ""line 1507132 column 153: unknown constant OUSR_dot__op_N_cp_P1506B_84"")(error ""line 1507133 column 153: unknown constant OUSR_dot__op_N_cp_P1506B_85"")(error ""line 1507134 column 153: unknown constant OUSR_dot__op_N_cp_P1506B_86"")(error ""line 1507135 column 153: unknown constant OUSR_dot__op_N_cp_P1506B_87"")(error ""line 1507136 column 153: unknown constant OUSR_dot__op_N_cp_P1506B_88"")(error ""line 1507137 column 153: unknown constant OUSR_dot__op_N_cp_P1506B_89"")(error ""line 1507138 column 153: unknown constant OUSR_dot__op_N_cp_P1506B_90"")(error ""line 1507139 column 153: unknown constant OUSR_dot__op_N_cp_P1506B_91"")(error ""line 1507140 column 153: unknown constant OUSR_dot__op_N_cp_P1506B_92"")(error ""line 1507141 column 153: unknown constant OUSR_dot__op_N_cp_P1506B_93"")(error ""line 1507142 column 153: unknown constant OUSR_dot__op_N_cp_P1506B_94"")(error ""line 1507143 column 153: unknown constant OUSR_dot__op_N_cp_P1506B_95"")(error ""line 1507144 column 153: unknown constant OUSR_dot__op_N_cp_P1506B_96"")(error ""line 1507145 column 153: unknown constant OUSR_dot__op_N_cp_P1506B_97"")(error ""line 1507146 column 153: unknown constant OUSR_dot__op_N_cp_P1506B_98"")(error ""line 1507147 column 153: unknown constant OUSR_dot__op_N_cp_P1506B_99"")(error ""line 1507148 column 155: unknown constant OUSR_dot__op_N_cp_P1506B_100"")sat",N/A => Expected predicate keys to be pre-included in a dictionary.,yes,yes,yes,N/A => Expected predicate keys to be pre-included in a dictionary.,0,yes,yes,yes
2_1_4_LastOpposingRouteSection_group10,Theorem,Theorem,yes,18.7469643,Theorem,unsat,unsat,yes,unsat,yes,yes,yes,yes,yes,0.0644706,yes,yes,yes
2_1_4_LastOpposingRouteSection_group11,Theorem,CounterSatisfiable,no,18.9270278,CounterSatisfiable,unsat,unsat,yes,unsat,yes,yes,yes,yes,yes,0.0694799,yes,yes,yes
2_1_4_LastOpposingRouteSection_group12,Theorem,Theorem,yes,18.7216145,Theorem,unsat,unsat,yes,unsat,yes,yes,yes,yes,yes,0.0636903,yes,yes,yes
2_1_4_LastOpposingRouteSection_group13,Theorem,Theorem,yes,18.9158848,Theorem,unsat,unsat,yes,unsat,yes,yes,yes,yes,yes,0.066764,yes,yes,yes
2_1_4_LastOpposingRouteSection_group14,Theorem,CounterSatisfiable,no,18.8997778,CounterSatisfiable,unsat,unsat,yes,unsat,yes,yes,yes,yes,yes,0.0690387,yes,yes,yes
2_1_4_LastOpposingRouteSection_group15,Theorem,CounterSatisfiable,no,18.8495724,CounterSatisfiable,"(error ""line 32741 column 140: unknown constant NUSR_dot__op_N_cp_P1508A_1"")sat","(error ""line 38710 column 140: unknown constant NUSR_dot__op_N_cp_P1508A_1"")(error ""line 38711 column 140: unknown constant NUSR_dot__op_N_cp_P1508A_2"")sat",no,"(error ""line 1507049 column 151: unknown constant NUSR_dot__op_N_cp_P1508A_1"")(error ""line 1507050 column 151: unknown constant NUSR_dot__op_N_cp_P1508A_2"")(error ""line 1507051 column 151: unknown constant NUSR_dot__op_N_cp_P1508A_3"")(error ""line 1507052 column 151: unknown constant NUSR_dot__op_N_cp_P1508A_4"")(error ""line 1507053 column 151: unknown constant NUSR_dot__op_N_cp_P1508A_5"")(error ""line 1507054 column 151: unknown constant NUSR_dot__op_N_cp_P1508A_6"")(error ""line 1507055 column 151: unknown constant NUSR_dot__op_N_cp_P1508A_7"")(error ""line 1507056 column 151: unknown constant NUSR_dot__op_N_cp_P1508A_8"")(error ""line 1507057 column 151: unknown constant NUSR_dot__op_N_cp_P1508A_9"")(error ""line 1507058 column 154: unknown constant NUSR_dot__op_N_cp_P1508A_10"")(error ""line 1507059 column 155: unknown constant NUSR_dot__op_N_cp_P1508A_11"")(error ""line 1507060 column 155: unknown constant NUSR_dot__op_N_cp_P1508A_12"")(error ""line 1507061 column 155: unknown constant NUSR_dot__op_N_cp_P1508A_13"")(error ""line 1507062 column 155: unknown constant NUSR_dot__op_N_cp_P1508A_14"")(error ""line 1507063 column 155: unknown constant NUSR_dot__op_N_cp_P1508A_15"")(error ""line 1507064 column 155: unknown constant NUSR_dot__op_N_cp_P1508A_16"")(error ""line 1507065 column 155: unknown constant NUSR_dot__op_N_cp_P1508A_17"")(error ""line 1507066 column 155: unknown constant NUSR_dot__op_N_cp_P1508A_18"")(error ""line 1507067 column 155: unknown constant NUSR_dot__op_N_cp_P1508A_19"")(error ""line 1507068 column 155: unknown constant NUSR_dot__op_N_cp_P1508A_20"")(error ""line 1507069 column 155: unknown constant NUSR_dot__op_N_cp_P1508A_21"")(error ""line 1507070 column 155: unknown constant NUSR_dot__op_N_cp_P1508A_22"")(error ""line 1507071 column 155: unknown constant NUSR_dot__op_N_cp_P1508A_23"")(error ""line 1507072 column 155: unknown constant NUSR_dot__op_N_cp_P1508A_24"")(error ""line 1507073 column 155: unknown constant NUSR_dot__op_N_cp_P1508A_25"")(error ""line 1507074 column 155: unknown constant NUSR_dot__op_N_cp_P1508A_26"")(error ""line 1507075 column 155: unknown constant NUSR_dot__op_N_cp_P1508A_27"")(error ""line 1507076 column 155: unknown constant NUSR_dot__op_N_cp_P1508A_28"")(error ""line 1507077 column 155: unknown constant NUSR_dot__op_N_cp_P1508A_29"")(error ""line 1507078 column 155: unknown constant NUSR_dot__op_N_cp_P1508A_30"")(error ""line 1507079 column 155: unknown constant NUSR_dot__op_N_cp_P1508A_31"")(error ""line 1507080 column 155: unknown constant NUSR_dot__op_N_cp_P1508A_32"")(error ""line 1507081 column 155: unknown constant NUSR_dot__op_N_cp_P1508A_33"")(error ""line 1507082 column 155: unknown constant NUSR_dot__op_N_cp_P1508A_34"")(error ""line 1507083 column 155: unknown constant NUSR_dot__op_N_cp_P1508A_35"")(error ""line 1507084 column 155: unknown constant NUSR_dot__op_N_cp_P1508A_36"")(error ""line 1507085 column 155: unknown constant NUSR_dot__op_N_cp_P1508A_37"")(error ""line 1507086 column 155: unknown constant NUSR_dot__op_N_cp_P1508A_38"")(error ""line 1507087 column 155: unknown constant NUSR_dot__op_N_cp_P1508A_39"")(error ""line 1507088 column 155: unknown constant NUSR_dot__op_N_cp_P1508A_40"")(error ""line 1507089 column 155: unknown constant NUSR_dot__op_N_cp_P1508A_41"")(error ""line 1507090 column 155: unknown constant NUSR_dot__op_N_cp_P1508A_42"")(error ""line 1507091 column 155: unknown constant NUSR_dot__op_N_cp_P1508A_43"")(error ""line 1507092 column 155: unknown constant NUSR_dot__op_N_cp_P1508A_44"")(error ""line 1507093 column 155: unknown constant NUSR_dot__op_N_cp_P1508A_45"")(error ""line 1507094 column 155: unknown constant NUSR_dot__op_N_cp_P1508A_46"")(error ""line 1507095 column 155: unknown constant NUSR_dot__op_N_cp_P1508A_47"")(error ""line 1507096 column 155: unknown constant NUSR_dot__op_N_cp_P1508A_48"")(error ""line 1507097 column 155: unknown constant NUSR_dot__op_N_cp_P1508A_49"")(error ""line 1507098 column 155: unknown constant NUSR_dot__op_N_cp_P1508A_50"")(error ""line 1507099 column 155: unknown constant NUSR_dot__op_N_cp_P1508A_51"")(error ""line 1507100 column 155: unknown constant NUSR_dot__op_N_cp_P1508A_52"")(error ""line 1507101 column 155: unknown constant NUSR_dot__op_N_cp_P1508A_53"")(error ""line 1507102 column 155: unknown constant NUSR_dot__op_N_cp_P1508A_54"")(error ""line 1507103 column 155: unknown constant NUSR_dot__op_N_cp_P1508A_55"")(error ""line 1507104 column 155: unknown constant NUSR_dot__op_N_cp_P1508A_56"")(error ""line 1507105 column 155: unknown constant NUSR_dot__op_N_cp_P1508A_57"")(error ""line 1507106 column 155: unknown constant NUSR_dot__op_N_cp_P1508A_58"")(error ""line 1507107 column 155: unknown constant NUSR_dot__op_N_cp_P1508A_59"")(error ""line 1507108 column 155: unknown constant NUSR_dot__op_N_cp_P1508A_60"")(error ""line 1507109 column 155: unknown constant NUSR_dot__op_N_cp_P1508A_61"")(error ""line 1507110 column 155: unknown constant NUSR_dot__op_N_cp_P1508A_62"")(error ""line 1507111 column 155: unknown constant NUSR_dot__op_N_cp_P1508A_63"")(error ""line 1507112 column 155: unknown constant NUSR_dot__op_N_cp_P1508A_64"")(error ""line 1507113 column 155: unknown constant NUSR_dot__op_N_cp_P1508A_65"")(error ""line 1507114 column 155: unknown constant NUSR_dot__op_N_cp_P1508A_66"")(error ""line 1507115 column 155: unknown constant NUSR_dot__op_N_cp_P1508A_67"")(error ""line 1507116 column 155: unknown constant NUSR_dot__op_N_cp_P1508A_68"")(error ""line 1507117 column 155: unknown constant NUSR_dot__op_N_cp_P1508A_69"")(error ""line 1507118 column 155: unknown constant NUSR_dot__op_N_cp_P1508A_70"")(error ""line 1507119 column 155: unknown constant NUSR_dot__op_N_cp_P1508A_71"")(error ""line 1507120 column 155: unknown constant NUSR_dot__op_N_cp_P1508A_72"")(error ""line 1507121 column 155: unknown constant NUSR_dot__op_N_cp_P1508A_73"")(error ""line 1507122 column 155: unknown constant NUSR_dot__op_N_cp_P1508A_74"")(error ""line 1507123 column 155: unknown constant NUSR_dot__op_N_cp_P1508A_75"")(error ""line 1507124 column 155: unknown constant NUSR_dot__op_N_cp_P1508A_76"")(error ""line 1507125 column 155: unknown constant NUSR_dot__op_N_cp_P1508A_77"")(error ""line 1507126 column 155: unknown constant NUSR_dot__op_N_cp_P1508A_78"")(error ""line 1507127 column 155: unknown constant NUSR_dot__op_N_cp_P1508A_79"")(error ""line 1507128 column 155: unknown constant NUSR_dot__op_N_cp_P1508A_80"")(error ""line 1507129 column 155: unknown constant NUSR_dot__op_N_cp_P1508A_81"")(error ""line 1507130 column 155: unknown constant NUSR_dot__op_N_cp_P1508A_82"")(error ""line 1507131 column 155: unknown constant NUSR_dot__op_N_cp_P1508A_83"")(error ""line 1507132 column 155: unknown constant NUSR_dot__op_N_cp_P1508A_84"")(error ""line 1507133 column 155: unknown constant NUSR_dot__op_N_cp_P1508A_85"")(error ""line 1507134 column 155: unknown constant NUSR_dot__op_N_cp_P1508A_86"")(error ""line 1507135 column 155: unknown constant NUSR_dot__op_N_cp_P1508A_87"")(error ""line 1507136 column 155: unknown constant NUSR_dot__op_N_cp_P1508A_88"")(error ""line 1507137 column 155: unknown constant NUSR_dot__op_N_cp_P1508A_89"")(error ""line 1507138 column 155: unknown constant NUSR_dot__op_N_cp_P1508A_90"")(error ""line 1507139 column 155: unknown constant NUSR_dot__op_N_cp_P1508A_91"")(error ""line 1507140 column 155: unknown constant NUSR_dot__op_N_cp_P1508A_92"")(error ""line 1507141 column 155: unknown constant NUSR_dot__op_N_cp_P1508A_93"")(error ""line 1507142 column 155: unknown constant NUSR_dot__op_N_cp_P1508A_94"")(error ""line 1507143 column 155: unknown constant NUSR_dot__op_N_cp_P1508A_95"")(error ""line 1507144 column 155: unknown constant NUSR_dot__op_N_cp_P1508A_96"")(error ""line 1507145 column 155: unknown constant NUSR_dot__op_N_cp_P1508A_97"")(error ""line 1507146 column 155: unknown constant NUSR_dot__op_N_cp_P1508A_98"")(error ""line 1507147 column 155: unknown constant NUSR_dot__op_N_cp_P1508A_99"")(error ""line 1507148 column 158: unknown constant NUSR_dot__op_N_cp_P1508A_100"")sat",N/A => Expected predicate keys to be pre-included in a dictionary.,yes,yes,yes,N/A => Expected predicate keys to be pre-included in a dictionary.,0,yes,yes,yes
2_1_4_LastOpposingRouteSection_group16,Theorem,CounterSatisfiable,no,18.8742507,Theorem,unsat,unsat,yes,unsat,yes,yes,yes,yes,yes,0.0631974,yes,yes,yes
2_1_4_LastOpposingRouteSection_group17,Theorem,CounterSatisfiable,no,18.8732835,CounterSatisfiable,"(error ""line 32741 column 135: unknown constant NUSR_dot__op_N_cp_P1508A_1"")sat","(error ""line 38710 column 135: unknown constant NUSR_dot__op_N_cp_P1508A_1"")(error ""line 38711 column 135: unknown constant NUSR_dot__op_N_cp_P1508A_2"")sat",no,"(error ""line 1507049 column 146: unknown constant NUSR_dot__op_N_cp_P1508A_1"")(error ""line 1507050 column 146: unknown constant NUSR_dot__op_N_cp_P1508A_2"")(error ""line 1507051 column 146: unknown constant NUSR_dot__op_N_cp_P1508A_3"")(error ""line 1507052 column 146: unknown constant NUSR_dot__op_N_cp_P1508A_4"")(error ""line 1507053 column 146: unknown constant NUSR_dot__op_N_cp_P1508A_5"")(error ""line 1507054 column 146: unknown constant NUSR_dot__op_N_cp_P1508A_6"")(error ""line 1507055 column 146: unknown constant NUSR_dot__op_N_cp_P1508A_7"")(error ""line 1507056 column 146: unknown constant NUSR_dot__op_N_cp_P1508A_8"")(error ""line 1507057 column 146: unknown constant NUSR_dot__op_N_cp_P1508A_9"")(error ""line 1507058 column 149: unknown constant NUSR_dot__op_N_cp_P1508A_10"")(error ""line 1507059 column 150: unknown constant NUSR_dot__op_N_cp_P1508A_11"")(error ""line 1507060 column 150: unknown constant NUSR_dot__op_N_cp_P1508A_12"")(error ""line 1507061 column 150: unknown constant NUSR_dot__op_N_cp_P1508A_13"")(error ""line 1507062 column 150: unknown constant NUSR_dot__op_N_cp_P1508A_14"")(error ""line 1507063 column 150: unknown constant NUSR_dot__op_N_cp_P1508A_15"")(error ""line 1507064 column 150: unknown constant NUSR_dot__op_N_cp_P1508A_16"")(error ""line 1507065 column 150: unknown constant NUSR_dot__op_N_cp_P1508A_17"")(error ""line 1507066 column 150: unknown constant NUSR_dot__op_N_cp_P1508A_18"")(error ""line 1507067 column 150: unknown constant NUSR_dot__op_N_cp_P1508A_19"")(error ""line 1507068 column 150: unknown constant NUSR_dot__op_N_cp_P1508A_20"")(error ""line 1507069 column 150: unknown constant NUSR_dot__op_N_cp_P1508A_21"")(error ""line 1507070 column 150: unknown constant NUSR_dot__op_N_cp_P1508A_22"")(error ""line 1507071 column 150: unknown constant NUSR_dot__op_N_cp_P1508A_23"")(error ""line 1507072 column 150: unknown constant NUSR_dot__op_N_cp_P1508A_24"")(error ""line 1507073 column 150: unknown constant NUSR_dot__op_N_cp_P1508A_25"")(error ""line 1507074 column 150: unknown constant NUSR_dot__op_N_cp_P1508A_26"")(error ""line 1507075 column 150: unknown constant NUSR_dot__op_N_cp_P1508A_27"")(error ""line 1507076 column 150: unknown constant NUSR_dot__op_N_cp_P1508A_28"")(error ""line 1507077 column 150: unknown constant NUSR_dot__op_N_cp_P1508A_29"")(error ""line 1507078 column 150: unknown constant NUSR_dot__op_N_cp_P1508A_30"")(error ""line 1507079 column 150: unknown constant NUSR_dot__op_N_cp_P1508A_31"")(error ""line 1507080 column 150: unknown constant NUSR_dot__op_N_cp_P1508A_32"")(error ""line 1507081 column 150: unknown constant NUSR_dot__op_N_cp_P1508A_33"")(error ""line 1507082 column 150: unknown constant NUSR_dot__op_N_cp_P1508A_34"")(error ""line 1507083 column 150: unknown constant NUSR_dot__op_N_cp_P1508A_35"")(error ""line 1507084 column 150: unknown constant NUSR_dot__op_N_cp_P1508A_36"")(error ""line 1507085 column 150: unknown constant NUSR_dot__op_N_cp_P1508A_37"")(error ""line 1507086 column 150: unknown constant NUSR_dot__op_N_cp_P1508A_38"")(error ""line 1507087 column 150: unknown constant NUSR_dot__op_N_cp_P1508A_39"")(error ""line 1507088 column 150: unknown constant NUSR_dot__op_N_cp_P1508A_40"")(error ""line 1507089 column 150: unknown constant NUSR_dot__op_N_cp_P1508A_41"")(error ""line 1507090 column 150: unknown constant NUSR_dot__op_N_cp_P1508A_42"")(error ""line 1507091 column 150: unknown constant NUSR_dot__op_N_cp_P1508A_43"")(error ""line 1507092 column 150: unknown constant NUSR_dot__op_N_cp_P1508A_44"")(error ""line 1507093 column 150: unknown constant NUSR_dot__op_N_cp_P1508A_45"")(error ""line 1507094 column 150: unknown constant NUSR_dot__op_N_cp_P1508A_46"")(error ""line 1507095 column 150: unknown constant NUSR_dot__op_N_cp_P1508A_47"")(error ""line 1507096 column 150: unknown constant NUSR_dot__op_N_cp_P1508A_48"")(error ""line 1507097 column 150: unknown constant NUSR_dot__op_N_cp_P1508A_49"")(error ""line 1507098 column 150: unknown constant NUSR_dot__op_N_cp_P1508A_50"")(error ""line 1507099 column 150: unknown constant NUSR_dot__op_N_cp_P1508A_51"")(error ""line 1507100 column 150: unknown constant NUSR_dot__op_N_cp_P1508A_52"")(error ""line 1507101 column 150: unknown constant NUSR_dot__op_N_cp_P1508A_53"")(error ""line 1507102 column 150: unknown constant NUSR_dot__op_N_cp_P1508A_54"")(error ""line 1507103 column 150: unknown constant NUSR_dot__op_N_cp_P1508A_55"")(error ""line 1507104 column 150: unknown constant NUSR_dot__op_N_cp_P1508A_56"")(error ""line 1507105 column 150: unknown constant NUSR_dot__op_N_cp_P1508A_57"")(error ""line 1507106 column 150: unknown constant NUSR_dot__op_N_cp_P1508A_58"")(error ""line 1507107 column 150: unknown constant NUSR_dot__op_N_cp_P1508A_59"")(error ""line 1507108 column 150: unknown constant NUSR_dot__op_N_cp_P1508A_60"")(error ""line 1507109 column 150: unknown constant NUSR_dot__op_N_cp_P1508A_61"")(error ""line 1507110 column 150: unknown constant NUSR_dot__op_N_cp_P1508A_62"")(error ""line 1507111 column 150: unknown constant NUSR_dot__op_N_cp_P1508A_63"")(error ""line 1507112 column 150: unknown constant NUSR_dot__op_N_cp_P1508A_64"")(error ""line 1507113 column 150: unknown constant NUSR_dot__op_N_cp_P1508A_65"")(error ""line 1507114 column 150: unknown constant NUSR_dot__op_N_cp_P1508A_66"")(error ""line 1507115 column 150: unknown constant NUSR_dot__op_N_cp_P1508A_67"")(error ""line 1507116 column 150: unknown constant NUSR_dot__op_N_cp_P1508A_68"")(error ""line 1507117 column 150: unknown constant NUSR_dot__op_N_cp_P1508A_69"")(error ""line 1507118 column 150: unknown constant NUSR_dot__op_N_cp_P1508A_70"")(error ""line 1507119 column 150: unknown constant NUSR_dot__op_N_cp_P1508A_71"")(error ""line 1507120 column 150: unknown constant NUSR_dot__op_N_cp_P1508A_72"")(error ""line 1507121 column 150: unknown constant NUSR_dot__op_N_cp_P1508A_73"")(error ""line 1507122 column 150: unknown constant NUSR_dot__op_N_cp_P1508A_74"")(error ""line 1507123 column 150: unknown constant NUSR_dot__op_N_cp_P1508A_75"")(error ""line 1507124 column 150: unknown constant NUSR_dot__op_N_cp_P1508A_76"")(error ""line 1507125 column 150: unknown constant NUSR_dot__op_N_cp_P1508A_77"")(error ""line 1507126 column 150: unknown constant NUSR_dot__op_N_cp_P1508A_78"")(error ""line 1507127 column 150: unknown constant NUSR_dot__op_N_cp_P1508A_79"")(error ""line 1507128 column 150: unknown constant NUSR_dot__op_N_cp_P1508A_80"")(error ""line 1507129 column 150: unknown constant NUSR_dot__op_N_cp_P1508A_81"")(error ""line 1507130 column 150: unknown constant NUSR_dot__op_N_cp_P1508A_82"")(error ""line 1507131 column 150: unknown constant NUSR_dot__op_N_cp_P1508A_83"")(error ""line 1507132 column 150: unknown constant NUSR_dot__op_N_cp_P1508A_84"")(error ""line 1507133 column 150: unknown constant NUSR_dot__op_N_cp_P1508A_85"")(error ""line 1507134 column 150: unknown constant NUSR_dot__op_N_cp_P1508A_86"")(error ""line 1507135 column 150: unknown constant NUSR_dot__op_N_cp_P1508A_87"")(error ""line 1507136 column 150: unknown constant NUSR_dot__op_N_cp_P1508A_88"")(error ""line 1507137 column 150: unknown constant NUSR_dot__op_N_cp_P1508A_89"")(error ""line 1507138 column 150: unknown constant NUSR_dot__op_N_cp_P1508A_90"")(error ""line 1507139 column 150: unknown constant NUSR_dot__op_N_cp_P1508A_91"")(error ""line 1507140 column 150: unknown constant NUSR_dot__op_N_cp_P1508A_92"")(error ""line 1507141 column 150: unknown constant NUSR_dot__op_N_cp_P1508A_93"")(error ""line 1507142 column 150: unknown constant NUSR_dot__op_N_cp_P1508A_94"")(error ""line 1507143 column 150: unknown constant NUSR_dot__op_N_cp_P1508A_95"")(error ""line 1507144 column 150: unknown constant NUSR_dot__op_N_cp_P1508A_96"")(error ""line 1507145 column 150: unknown constant NUSR_dot__op_N_cp_P1508A_97"")(error ""line 1507146 column 150: unknown constant NUSR_dot__op_N_cp_P1508A_98"")(error ""line 1507147 column 150: unknown constant NUSR_dot__op_N_cp_P1508A_99"")(error ""line 1507148 column 153: unknown constant NUSR_dot__op_N_cp_P1508A_100"")sat",N/A => Expected predicate keys to be pre-included in a dictionary.,yes,yes,yes,N/A => Expected predicate keys to be pre-included in a dictionary.,0,yes,yes,yes
2_1_4_LastOpposingRouteSection_group18,Theorem,CounterSatisfiable,no,18.939132,CounterSatisfiable,unsat,unsat,yes,unsat,yes,yes,yes,yes,yes,0.0621517,yes,yes,yes
2_1_4_LastOpposingRouteSection_group19,Theorem,Theorem,yes,18.8430189,Theorem,unsat,unsat,yes,unsat,yes,yes,yes,yes,yes,0.0657388,yes,yes,yes
2_1_4_LastOpposingRouteSection_group2,Theorem,CounterSatisfiable,no,18.9053308,Theorem,unsat,unsat,yes,unsat,yes,yes,yes,yes,yes,0.0681498,yes,yes,yes
2_1_4_LastOpposingRouteSection_group20,Theorem,Theorem,yes,18.8597638,Theorem,unsat,unsat,yes,unsat,yes,yes,yes,yes,yes,0.0807583,yes,yes,yes
2_1_4_LastOpposingRouteSection_group21,Theorem,CounterSatisfiable,no,18.7792115,Theorem,unsat,unsat,yes,unsat,yes,yes,yes,yes,yes,0.0724929,yes,yes,yes
2_1_4_LastOpposingRouteSection_group22,Theorem,CounterSatisfiable,no,18.949107,Theorem,unsat,unsat,yes,unsat,yes,yes,yes,yes,yes,0.0665014,yes,yes,yes
2_1_4_LastOpposingRouteSection_group23,Theorem,Theorem,yes,18.7624318,Theorem,unsat,unsat,yes,unsat,yes,yes,yes,yes,yes,0.0667007,yes,yes,yes
2_1_4_LastOpposingRouteSection_group3,Theorem,CounterSatisfiable,no,18.8632627,CounterSatisfiable,"(error ""line 32741 column 144: unknown constant OUSR_dot__op_N_cp_P1506B_1"")sat","(error ""line 38710 column 144: unknown constant OUSR_dot__op_N_cp_P1506B_1"")(error ""line 38711 column 144: unknown constant OUSR_dot__op_N_cp_P1506B_2"")sat",no,"(error ""line 1507049 column 155: unknown constant OUSR_dot__op_N_cp_P1506B_1"")(error ""line 1507050 column 155: unknown constant OUSR_dot__op_N_cp_P1506B_2"")(error ""line 1507051 column 155: unknown constant OUSR_dot__op_N_cp_P1506B_3"")(error ""line 1507052 column 155: unknown constant OUSR_dot__op_N_cp_P1506B_4"")(error ""line 1507053 column 155: unknown constant OUSR_dot__op_N_cp_P1506B_5"")(error ""line 1507054 column 155: unknown constant OUSR_dot__op_N_cp_P1506B_6"")(error ""line 1507055 column 155: unknown constant OUSR_dot__op_N_cp_P1506B_7"")(error ""line 1507056 column 155: unknown constant OUSR_dot__op_N_cp_P1506B_8"")(error ""line 1507057 column 155: unknown constant OUSR_dot__op_N_cp_P1506B_9"")(error ""line 1507058 column 157: unknown constant OUSR_dot__op_N_cp_P1506B_10"")(error ""line 1507059 column 158: unknown constant OUSR_dot__op_N_cp_P1506B_11"")(error ""line 1507060 column 158: unknown constant OUSR_dot__op_N_cp_P1506B_12"")(error ""line 1507061 column 158: unknown constant OUSR_dot__op_N_cp_P1506B_13"")(error ""line 1507062 column 158: unknown constant OUSR_dot__op_N_cp_P1506B_14"")(error ""line 1507063 column 158: unknown constant OUSR_dot__op_N_cp_P1506B_15"")(error ""line 1507064 column 158: unknown constant OUSR_dot__op_N_cp_P1506B_16"")(error ""line 1507065 column 158: unknown constant OUSR_dot__op_N_cp_P1506B_17"")(error ""line 1507066 column 158: unknown constant OUSR_dot__op_N_cp_P1506B_18"")(error ""line 1507067 column 158: unknown constant OUSR_dot__op_N_cp_P1506B_19"")(error ""line 1507068 column 158: unknown constant OUSR_dot__op_N_cp_P1506B_20"")(error ""line 1507069 column 158: unknown constant OUSR_dot__op_N_cp_P1506B_21"")(error ""line 1507070 column 158: unknown constant OUSR_dot__op_N_cp_P1506B_22"")(error ""line 1507071 column 158: unknown constant OUSR_dot__op_N_cp_P1506B_23"")(error ""line 1507072 column 158: unknown constant OUSR_dot__op_N_cp_P1506B_24"")(error ""line 1507073 column 158: unknown constant OUSR_dot__op_N_cp_P1506B_25"")(error ""line 1507074 column 158: unknown constant OUSR_dot__op_N_cp_P1506B_26"")(error ""line 1507075 column 158: unknown constant OUSR_dot__op_N_cp_P1506B_27"")(error ""line 1507076 column 158: unknown constant OUSR_dot__op_N_cp_P1506B_28"")(error ""line 1507077 column 158: unknown constant OUSR_dot__op_N_cp_P1506B_29"")(error ""line 1507078 column 158: unknown constant OUSR_dot__op_N_cp_P1506B_30"")(error ""line 1507079 column 158: unknown constant OUSR_dot__op_N_cp_P1506B_31"")(error ""line 1507080 column 158: unknown constant OUSR_dot__op_N_cp_P1506B_32"")(error ""line 1507081 column 158: unknown constant OUSR_dot__op_N_cp_P1506B_33"")(error ""line 1507082 column 158: unknown constant OUSR_dot__op_N_cp_P1506B_34"")(error ""line 1507083 column 158: unknown constant OUSR_dot__op_N_cp_P1506B_35"")(error ""line 1507084 column 158: unknown constant OUSR_dot__op_N_cp_P1506B_36"")(error ""line 1507085 column 158: unknown constant OUSR_dot__op_N_cp_P1506B_37"")(error ""line 1507086 column 158: unknown constant OUSR_dot__op_N_cp_P1506B_38"")(error ""line 1507087 column 158: unknown constant OUSR_dot__op_N_cp_P1506B_39"")(error ""line 1507088 column 158: unknown constant OUSR_dot__op_N_cp_P1506B_40"")(error ""line 1507089 column 158: unknown constant OUSR_dot__op_N_cp_P1506B_41"")(error ""line 1507090 column 158: unknown constant OUSR_dot__op_N_cp_P1506B_42"")(error ""line 1507091 column 158: unknown constant OUSR_dot__op_N_cp_P1506B_43"")(error ""line 1507092 column 158: unknown constant OUSR_dot__op_N_cp_P1506B_44"")(error ""line 1507093 column 158: unknown constant OUSR_dot__op_N_cp_P1506B_45"")(error ""line 1507094 column 158: unknown constant OUSR_dot__op_N_cp_P1506B_46"")(error ""line 1507095 column 158: unknown constant OUSR_dot__op_N_cp_P1506B_47"")(error ""line 1507096 column 158: unknown constant OUSR_dot__op_N_cp_P1506B_48"")(error ""line 1507097 column 158: unknown constant OUSR_dot__op_N_cp_P1506B_49"")(error ""line 1507098 column 158: unknown constant OUSR_dot__op_N_cp_P1506B_50"")(error ""line 1507099 column 158: unknown constant OUSR_dot__op_N_cp_P1506B_51"")(error ""line 1507100 column 158: unknown constant OUSR_dot__op_N_cp_P1506B_52"")(error ""line 1507101 column 158: unknown constant OUSR_dot__op_N_cp_P1506B_53"")(error ""line 1507102 column 158: unknown constant OUSR_dot__op_N_cp_P1506B_54"")(error ""line 1507103 column 158: unknown constant OUSR_dot__op_N_cp_P1506B_55"")(error ""line 1507104 column 158: unknown constant OUSR_dot__op_N_cp_P1506B_56"")(error ""line 1507105 column 158: unknown constant OUSR_dot__op_N_cp_P1506B_57"")(error ""line 1507106 column 158: unknown constant OUSR_dot__op_N_cp_P1506B_58"")(error ""line 1507107 column 158: unknown constant OUSR_dot__op_N_cp_P1506B_59"")(error ""line 1507108 column 158: unknown constant OUSR_dot__op_N_cp_P1506B_60"")(error ""line 1507109 column 158: unknown constant OUSR_dot__op_N_cp_P1506B_61"")(error ""line 1507110 column 158: unknown constant OUSR_dot__op_N_cp_P1506B_62"")(error ""line 1507111 column 158: unknown constant OUSR_dot__op_N_cp_P1506B_63"")(error ""line 1507112 column 158: unknown constant OUSR_dot__op_N_cp_P1506B_64"")(error ""line 1507113 column 158: unknown constant OUSR_dot__op_N_cp_P1506B_65"")(error ""line 1507114 column 158: unknown constant OUSR_dot__op_N_cp_P1506B_66"")(error ""line 1507115 column 158: unknown constant OUSR_dot__op_N_cp_P1506B_67"")(error ""line 1507116 column 158: unknown constant OUSR_dot__op_N_cp_P1506B_68"")(error ""line 1507117 column 158: unknown constant OUSR_dot__op_N_cp_P1506B_69"")(error ""line 1507118 column 158: unknown constant OUSR_dot__op_N_cp_P1506B_70"")(error ""line 1507119 column 158: unknown constant OUSR_dot__op_N_cp_P1506B_71"")(error ""line 1507120 column 158: unknown constant OUSR_dot__op_N_cp_P1506B_72"")(error ""line 1507121 column 158: unknown constant OUSR_dot__op_N_cp_P1506B_73"")(error ""line 1507122 column 158: unknown constant OUSR_dot__op_N_cp_P1506B_74"")(error ""line 1507123 column 158: unknown constant OUSR_dot__op_N_cp_P1506B_75"")(error ""line 1507124 column 158: unknown constant OUSR_dot__op_N_cp_P1506B_76"")(error ""line 1507125 column 158: unknown constant OUSR_dot__op_N_cp_P1506B_77"")(error ""line 1507126 column 158: unknown constant OUSR_dot__op_N_cp_P1506B_78"")(error ""line 1507127 column 158: unknown constant OUSR_dot__op_N_cp_P1506B_79"")(error ""line 1507128 column 158: unknown constant OUSR_dot__op_N_cp_P1506B_80"")(error ""line 1507129 column 158: unknown constant OUSR_dot__op_N_cp_P1506B_81"")(error ""line 1507130 column 158: unknown constant OUSR_dot__op_N_cp_P1506B_82"")(error ""line 1507131 column 158: unknown constant OUSR_dot__op_N_cp_P1506B_83"")(error ""line 1507132 column 158: unknown constant OUSR_dot__op_N_cp_P1506B_84"")(error ""line 1507133 column 158: unknown constant OUSR_dot__op_N_cp_P1506B_85"")(error ""line 1507134 column 158: unknown constant OUSR_dot__op_N_cp_P1506B_86"")(error ""line 1507135 column 158: unknown constant OUSR_dot__op_N_cp_P1506B_87"")(error ""line 1507136 column 158: unknown constant OUSR_dot__op_N_cp_P1506B_88"")(error ""line 1507137 column 158: unknown constant OUSR_dot__op_N_cp_P1506B_89"")(error ""line 1507138 column 158: unknown constant OUSR_dot__op_N_cp_P1506B_90"")(error ""line 1507139 column 158: unknown constant OUSR_dot__op_N_cp_P1506B_91"")(error ""line 1507140 column 158: unknown constant OUSR_dot__op_N_cp_P1506B_92"")(error ""line 1507141 column 158: unknown constant OUSR_dot__op_N_cp_P1506B_93"")(error ""line 1507142 column 158: unknown constant OUSR_dot__op_N_cp_P1506B_94"")(error ""line 1507143 column 158: unknown constant OUSR_dot__op_N_cp_P1506B_95"")(error ""line 1507144 column 158: unknown constant OUSR_dot__op_N_cp_P1506B_96"")(error ""line 1507145 column 158: unknown constant OUSR_dot__op_N_cp_P1506B_97"")(error ""line 1507146 column 158: unknown constant OUSR_dot__op_N_cp_P1506B_98"")(error ""line 1507147 column 158: unknown constant OUSR_dot__op_N_cp_P1506B_99"")(error ""line 1507148 column 160: unknown constant OUSR_dot__op_N_cp_P1506B_100"")sat",N/A => Expected predicate keys to be pre-included in a dictionary.,yes,yes,yes,N/A => Expected predicate keys to be pre-included in a dictionary.,0,yes,yes,yes
2_1_4_LastOpposingRouteSection_group4,Theorem,CounterSatisfiable,no,18.8857635,CounterSatisfiable,"(error ""line 32741 column 139: unknown constant OUSR_dot__op_N_cp_P1506B_1"")sat","(error ""line 38710 column 139: unknown constant OUSR_dot__op_N_cp_P1506B_1"")(error ""line 38711 column 139: unknown constant OUSR_dot__op_N_cp_P1506B_2"")sat",no,"(error ""line 1507049 column 150: unknown constant OUSR_dot__op_N_cp_P1506B_1"")(error ""line 1507050 column 150: unknown constant OUSR_dot__op_N_cp_P1506B_2"")(error ""line 1507051 column 150: unknown constant OUSR_dot__op_N_cp_P1506B_3"")(error ""line 1507052 column 150: unknown constant OUSR_dot__op_N_cp_P1506B_4"")(error ""line 1507053 column 150: unknown constant OUSR_dot__op_N_cp_P1506B_5"")(error ""line 1507054 column 150: unknown constant OUSR_dot__op_N_cp_P1506B_6"")(error ""line 1507055 column 150: unknown constant OUSR_dot__op_N_cp_P1506B_7"")(error ""line 1507056 column 150: unknown constant OUSR_dot__op_N_cp_P1506B_8"")(error ""line 1507057 column 150: unknown constant OUSR_dot__op_N_cp_P1506B_9"")(error ""line 1507058 column 152: unknown constant OUSR_dot__op_N_cp_P1506B_10"")(error ""line 1507059 column 153: unknown constant OUSR_dot__op_N_cp_P1506B_11"")(error ""line 1507060 column 153: unknown constant OUSR_dot__op_N_cp_P1506B_12"")(error ""line 1507061 column 153: unknown constant OUSR_dot__op_N_cp_P1506B_13"")(error ""line 1507062 column 153: unknown constant OUSR_dot__op_N_cp_P1506B_14"")(error ""line 1507063 column 153: unknown constant OUSR_dot__op_N_cp_P1506B_15"")(error ""line 1507064 column 153: unknown constant OUSR_dot__op_N_cp_P1506B_16"")(error ""line 1507065 column 153: unknown constant OUSR_dot__op_N_cp_P1506B_17"")(error ""line 1507066 column 153: unknown constant OUSR_dot__op_N_cp_P1506B_18"")(error ""line 1507067 column 153: unknown constant OUSR_dot__op_N_cp_P1506B_19"")(error ""line 1507068 column 153: unknown constant OUSR_dot__op_N_cp_P1506B_20"")(error ""line 1507069 column 153: unknown constant OUSR_dot__op_N_cp_P1506B_21"")(error ""line 1507070 column 153: unknown constant OUSR_dot__op_N_cp_P1506B_22"")(error ""line 1507071 column 153: unknown constant OUSR_dot__op_N_cp_P1506B_23"")(error ""line 1507072 column 153: unknown constant OUSR_dot__op_N_cp_P1506B_24"")(error ""line 1507073 column 153: unknown constant OUSR_dot__op_N_cp_P1506B_25"")(error ""line 1507074 column 153: unknown constant OUSR_dot__op_N_cp_P1506B_26"")(error ""line 1507075 column 153: unknown constant OUSR_dot__op_N_cp_P1506B_27"")(error ""line 1507076 column 153: unknown constant OUSR_dot__op_N_cp_P1506B_28"")(error ""line 1507077 column 153: unknown constant OUSR_dot__op_N_cp_P1506B_29"")(error ""line 1507078 column 153: unknown constant OUSR_dot__op_N_cp_P1506B_30"")(error ""line 1507079 column 153: unknown constant OUSR_dot__op_N_cp_P1506B_31"")(error ""line 1507080 column 153: unknown constant OUSR_dot__op_N_cp_P1506B_32"")(error ""line 1507081 column 153: unknown constant OUSR_dot__op_N_cp_P1506B_33"")(error ""line 1507082 column 153: unknown constant OUSR_dot__op_N_cp_P1506B_34"")(error ""line 1507083 column 153: unknown constant OUSR_dot__op_N_cp_P1506B_35"")(error ""line 1507084 column 153: unknown constant OUSR_dot__op_N_cp_P1506B_36"")(error ""line 1507085 column 153: unknown constant OUSR_dot__op_N_cp_P1506B_37"")(error ""line 1507086 column 153: unknown constant OUSR_dot__op_N_cp_P1506B_38"")(error ""line 1507087 column 153: unknown constant OUSR_dot__op_N_cp_P1506B_39"")(error ""line 1507088 column 153: unknown constant OUSR_dot__op_N_cp_P1506B_40"")(error ""line 1507089 column 153: unknown constant OUSR_dot__op_N_cp_P1506B_41"")(error ""line 1507090 column 153: unknown constant OUSR_dot__op_N_cp_P1506B_42"")(error ""line 1507091 column 153: unknown constant OUSR_dot__op_N_cp_P1506B_43"")(error ""line 1507092 column 153: unknown constant OUSR_dot__op_N_cp_P1506B_44"")(error ""line 1507093 column 153: unknown constant OUSR_dot__op_N_cp_P1506B_45"")(error ""line 1507094 column 153: unknown constant OUSR_dot__op_N_cp_P1506B_46"")(error ""line 1507095 column 153: unknown constant OUSR_dot__op_N_cp_P1506B_47"")(error ""line 1507096 column 153: unknown constant OUSR_dot__op_N_cp_P1506B_48"")(error ""line 1507097 column 153: unknown constant OUSR_dot__op_N_cp_P1506B_49"")(error ""line 1507098 column 153: unknown constant OUSR_dot__op_N_cp_P1506B_50"")(error ""line 1507099 column 153: unknown constant OUSR_dot__op_N_cp_P1506B_51"")(error ""line 1507100 column 153: unknown constant OUSR_dot__op_N_cp_P1506B_52"")(error ""line 1507101 column 153: unknown constant OUSR_dot__op_N_cp_P1506B_53"")(error ""line 1507102 column 153: unknown constant OUSR_dot__op_N_cp_P1506B_54"")(error ""line 1507103 column 153: unknown constant OUSR_dot__op_N_cp_P1506B_55"")(error ""line 1507104 column 153: unknown constant OUSR_dot__op_N_cp_P1506B_56"")(error ""line 1507105 column 153: unknown constant OUSR_dot__op_N_cp_P1506B_57"")(error ""line 1507106 column 153: unknown constant OUSR_dot__op_N_cp_P1506B_58"")(error ""line 1507107 column 153: unknown constant OUSR_dot__op_N_cp_P1506B_59"")(error ""line 1507108 column 153: unknown constant OUSR_dot__op_N_cp_P1506B_60"")(error ""line 1507109 column 153: unknown constant OUSR_dot__op_N_cp_P1506B_61"")(error ""line 1507110 column 153: unknown constant OUSR_dot__op_N_cp_P1506B_62"")(error ""line 1507111 column 153: unknown constant OUSR_dot__op_N_cp_P1506B_63"")(error ""line 1507112 column 153: unknown constant OUSR_dot__op_N_cp_P1506B_64"")(error ""line 1507113 column 153: unknown constant OUSR_dot__op_N_cp_P1506B_65"")(error ""line 1507114 column 153: unknown constant OUSR_dot__op_N_cp_P1506B_66"")(error ""line 1507115 column 153: unknown constant OUSR_dot__op_N_cp_P1506B_67"")(error ""line 1507116 column 153: unknown constant OUSR_dot__op_N_cp_P1506B_68"")(error ""line 1507117 column 153: unknown constant OUSR_dot__op_N_cp_P1506B_69"")(error ""line 1507118 column 153: unknown constant OUSR_dot__op_N_cp_P1506B_70"")(error ""line 1507119 column 153: unknown constant OUSR_dot__op_N_cp_P1506B_71"")(error ""line 1507120 column 153: unknown constant OUSR_dot__op_N_cp_P1506B_72"")(error ""line 1507121 column 153: unknown constant OUSR_dot__op_N_cp_P1506B_73"")(error ""line 1507122 column 153: unknown constant OUSR_dot__op_N_cp_P1506B_74"")(error ""line 1507123 column 153: unknown constant OUSR_dot__op_N_cp_P1506B_75"")(error ""line 1507124 column 153: unknown constant OUSR_dot__op_N_cp_P1506B_76"")(error ""line 1507125 column 153: unknown constant OUSR_dot__op_N_cp_P1506B_77"")(error ""line 1507126 column 153: unknown constant OUSR_dot__op_N_cp_P1506B_78"")(error ""line 1507127 column 153: unknown constant OUSR_dot__op_N_cp_P1506B_79"")(error ""line 1507128 column 153: unknown constant OUSR_dot__op_N_cp_P1506B_80"")(error ""line 1507129 column 153: unknown constant OUSR_dot__op_N_cp_P1506B_81"")(error ""line 1507130 column 153: unknown constant OUSR_dot__op_N_cp_P1506B_82"")(error ""line 1507131 column 153: unknown constant OUSR_dot__op_N_cp_P1506B_83"")(error ""line 1507132 column 153: unknown constant OUSR_dot__op_N_cp_P1506B_84"")(error ""line 1507133 column 153: unknown constant OUSR_dot__op_N_cp_P1506B_85"")(error ""line 1507134 column 153: unknown constant OUSR_dot__op_N_cp_P1506B_86"")(error ""line 1507135 column 153: unknown constant OUSR_dot__op_N_cp_P1506B_87"")(error ""line 1507136 column 153: unknown constant OUSR_dot__op_N_cp_P1506B_88"")(error ""line 1507137 column 153: unknown constant OUSR_dot__op_N_cp_P1506B_89"")(error ""line 1507138 column 153: unknown constant OUSR_dot__op_N_cp_P1506B_90"")(error ""line 1507139 column 153: unknown constant OUSR_dot__op_N_cp_P1506B_91"")(error ""line 1507140 column 153: unknown constant OUSR_dot__op_N_cp_P1506B_92"")(error ""line 1507141 column 153: unknown constant OUSR_dot__op_N_cp_P1506B_93"")(error ""line 1507142 column 153: unknown constant OUSR_dot__op_N_cp_P1506B_94"")(error ""line 1507143 column 153: unknown constant OUSR_dot__op_N_cp_P1506B_95"")(error ""line 1507144 column 153: unknown constant OUSR_dot__op_N_cp_P1506B_96"")(error ""line 1507145 column 153: unknown constant OUSR_dot__op_N_cp_P1506B_97"")(error ""line 1507146 column 153: unknown constant OUSR_dot__op_N_cp_P1506B_98"")(error ""line 1507147 column 153: unknown constant OUSR_dot__op_N_cp_P1506B_99"")(error ""line 1507148 column 155: unknown constant OUSR_dot__op_N_cp_P1506B_100"")sat",N/A => Expected predicate keys to be pre-included in a dictionary.,yes,yes,yes,N/A => Expected predicate keys to be pre-included in a dictionary.,0,yes,yes,yes
2_1_4_LastOpposingRouteSection_group5,Theorem,CounterSatisfiable,no,18.9222193,CounterSatisfiable,unsat,unsat,yes,unsat,yes,yes,yes,yes,yes,0.0660075,yes,yes,yes
2_1_4_LastOpposingRouteSection_group6,Theorem,CounterSatisfiable,no,18.7705505,CounterSatisfiable,unsat,unsat,yes,unsat,yes,yes,yes,yes,yes,0.0663393,yes,yes,yes
2_1_4_LastOpposingRouteSection_group7,Theorem,CounterSatisfiable,no,18.9830634,Theorem,unsat,unsat,yes,unsat,yes,yes,yes,yes,yes,0.064388,yes,yes,yes
2_1_4_LastOpposingRouteSection_group8,Theorem,CounterSatisfiable,no,18.8619935,CounterSatisfiable,"(error ""line 32741 column 196: unknown constant NUSR_dot__op_N_cp_P1506B_1"")sat","(error ""line 38710 column 196: unknown constant NUSR_dot__op_N_cp_P1506B_1"")(error ""line 38711 column 196: unknown constant NUSR_dot__op_N_cp_P1506B_2"")sat",no,"(error ""line 1507049 column 207: unknown constant NUSR_dot__op_N_cp_P1506B_1"")(error ""line 1507050 column 207: unknown constant NUSR_dot__op_N_cp_P1506B_2"")(error ""line 1507051 column 207: unknown constant NUSR_dot__op_N_cp_P1506B_3"")(error ""line 1507052 column 207: unknown constant NUSR_dot__op_N_cp_P1506B_4"")(error ""line 1507053 column 207: unknown constant NUSR_dot__op_N_cp_P1506B_5"")(error ""line 1507054 column 207: unknown constant NUSR_dot__op_N_cp_P1506B_6"")(error ""line 1507055 column 207: unknown constant NUSR_dot__op_N_cp_P1506B_7"")(error ""line 1507056 column 207: unknown constant NUSR_dot__op_N_cp_P1506B_8"")(error ""line 1507057 column 207: unknown constant NUSR_dot__op_N_cp_P1506B_9"")(error ""line 1507058 column 212: unknown constant NUSR_dot__op_N_cp_P1506B_10"")(error ""line 1507059 column 213: unknown constant NUSR_dot__op_N_cp_P1506B_11"")(error ""line 1507060 column 213: unknown constant NUSR_dot__op_N_cp_P1506B_12"")(error ""line 1507061 column 213: unknown constant NUSR_dot__op_N_cp_P1506B_13"")(error ""line 1507062 column 213: unknown constant NUSR_dot__op_N_cp_P1506B_14"")(error ""line 1507063 column 213: unknown constant NUSR_dot__op_N_cp_P1506B_15"")(error ""line 1507064 column 213: unknown constant NUSR_dot__op_N_cp_P1506B_16"")(error ""line 1507065 column 213: unknown constant NUSR_dot__op_N_cp_P1506B_17"")(error ""line 1507066 column 213: unknown constant NUSR_dot__op_N_cp_P1506B_18"")(error ""line 1507067 column 213: unknown constant NUSR_dot__op_N_cp_P1506B_19"")(error ""line 1507068 column 213: unknown constant NUSR_dot__op_N_cp_P1506B_20"")(error ""line 1507069 column 213: unknown constant NUSR_dot__op_N_cp_P1506B_21"")(error ""line 1507070 column 213: unknown constant NUSR_dot__op_N_cp_P1506B_22"")(error ""line 1507071 column 213: unknown constant NUSR_dot__op_N_cp_P1506B_23"")(error ""line 1507072 column 213: unknown constant NUSR_dot__op_N_cp_P1506B_24"")(error ""line 1507073 column 213: unknown constant NUSR_dot__op_N_cp_P1506B_25"")(error ""line 1507074 column 213: unknown constant NUSR_dot__op_N_cp_P1506B_26"")(error ""line 1507075 column 213: unknown constant NUSR_dot__op_N_cp_P1506B_27"")(error ""line 1507076 column 213: unknown constant NUSR_dot__op_N_cp_P1506B_28"")(error ""line 1507077 column 213: unknown constant NUSR_dot__op_N_cp_P1506B_29"")(error ""line 1507078 column 213: unknown constant NUSR_dot__op_N_cp_P1506B_30"")(error ""line 1507079 column 213: unknown constant NUSR_dot__op_N_cp_P1506B_31"")(error ""line 1507080 column 213: unknown constant NUSR_dot__op_N_cp_P1506B_32"")(error ""line 1507081 column 213: unknown constant NUSR_dot__op_N_cp_P1506B_33"")(error ""line 1507082 column 213: unknown constant NUSR_dot__op_N_cp_P1506B_34"")(error ""line 1507083 column 213: unknown constant NUSR_dot__op_N_cp_P1506B_35"")(error ""line 1507084 column 213: unknown constant NUSR_dot__op_N_cp_P1506B_36"")(error ""line 1507085 column 213: unknown constant NUSR_dot__op_N_cp_P1506B_37"")(error ""line 1507086 column 213: unknown constant NUSR_dot__op_N_cp_P1506B_38"")(error ""line 1507087 column 213: unknown constant NUSR_dot__op_N_cp_P1506B_39"")(error ""line 1507088 column 213: unknown constant NUSR_dot__op_N_cp_P1506B_40"")(error ""line 1507089 column 213: unknown constant NUSR_dot__op_N_cp_P1506B_41"")(error ""line 1507090 column 213: unknown constant NUSR_dot__op_N_cp_P1506B_42"")(error ""line 1507091 column 213: unknown constant NUSR_dot__op_N_cp_P1506B_43"")(error ""line 1507092 column 213: unknown constant NUSR_dot__op_N_cp_P1506B_44"")(error ""line 1507093 column 213: unknown constant NUSR_dot__op_N_cp_P1506B_45"")(error ""line 1507094 column 213: unknown constant NUSR_dot__op_N_cp_P1506B_46"")(error ""line 1507095 column 213: unknown constant NUSR_dot__op_N_cp_P1506B_47"")(error ""line 1507096 column 213: unknown constant NUSR_dot__op_N_cp_P1506B_48"")(error ""line 1507097 column 213: unknown constant NUSR_dot__op_N_cp_P1506B_49"")(error ""line 1507098 column 213: unknown constant NUSR_dot__op_N_cp_P1506B_50"")(error ""line 1507099 column 213: unknown constant NUSR_dot__op_N_cp_P1506B_51"")(error ""line 1507100 column 213: unknown constant NUSR_dot__op_N_cp_P1506B_52"")(error ""line 1507101 column 213: unknown constant NUSR_dot__op_N_cp_P1506B_53"")(error ""line 1507102 column 213: unknown constant NUSR_dot__op_N_cp_P1506B_54"")(error ""line 1507103 column 213: unknown constant NUSR_dot__op_N_cp_P1506B_55"")(error ""line 1507104 column 213: unknown constant NUSR_dot__op_N_cp_P1506B_56"")(error ""line 1507105 column 213: unknown constant NUSR_dot__op_N_cp_P1506B_57"")(error ""line 1507106 column 213: unknown constant NUSR_dot__op_N_cp_P1506B_58"")(error ""line 1507107 column 213: unknown constant NUSR_dot__op_N_cp_P1506B_59"")(error ""line 1507108 column 213: unknown constant NUSR_dot__op_N_cp_P1506B_60"")(error ""line 1507109 column 213: unknown constant NUSR_dot__op_N_cp_P1506B_61"")(error ""line 1507110 column 213: unknown constant NUSR_dot__op_N_cp_P1506B_62"")(error ""line 1507111 column 213: unknown constant NUSR_dot__op_N_cp_P1506B_63"")(error ""line 1507112 column 213: unknown constant NUSR_dot__op_N_cp_P1506B_64"")(error ""line 1507113 column 213: unknown constant NUSR_dot__op_N_cp_P1506B_65"")(error ""line 1507114 column 213: unknown constant NUSR_dot__op_N_cp_P1506B_66"")(error ""line 1507115 column 213: unknown constant NUSR_dot__op_N_cp_P1506B_67"")(error ""line 1507116 column 213: unknown constant NUSR_dot__op_N_cp_P1506B_68"")(error ""line 1507117 column 213: unknown constant NUSR_dot__op_N_cp_P1506B_69"")(error ""line 1507118 column 213: unknown constant NUSR_dot__op_N_cp_P1506B_70"")(error ""line 1507119 column 213: unknown constant NUSR_dot__op_N_cp_P1506B_71"")(error ""line 1507120 column 213: unknown constant NUSR_dot__op_N_cp_P1506B_72"")(error ""line 1507121 column 213: unknown constant NUSR_dot__op_N_cp_P1506B_73"")(error ""line 1507122 column 213: unknown constant NUSR_dot__op_N_cp_P1506B_74"")(error ""line 1507123 column 213: unknown constant NUSR_dot__op_N_cp_P1506B_75"")(error ""line 1507124 column 213: unknown constant NUSR_dot__op_N_cp_P1506B_76"")(error ""line 1507125 column 213: unknown constant NUSR_dot__op_N_cp_P1506B_77"")(error ""line 1507126 column 213: unknown constant NUSR_dot__op_N_cp_P1506B_78"")(error ""line 1507127 column 213: unknown constant NUSR_dot__op_N_cp_P1506B_79"")(error ""line 1507128 column 213: unknown constant NUSR_dot__op_N_cp_P1506B_80"")(error ""line 1507129 column 213: unknown constant NUSR_dot__op_N_cp_P1506B_81"")(error ""line 1507130 column 213: unknown constant NUSR_dot__op_N_cp_P1506B_82"")(error ""line 1507131 column 213: unknown constant NUSR_dot__op_N_cp_P1506B_83"")(error ""line 1507132 column 213: unknown constant NUSR_dot__op_N_cp_P1506B_84"")(error ""line 1507133 column 213: unknown constant NUSR_dot__op_N_cp_P1506B_85"")(error ""line 1507134 column 213: unknown constant NUSR_dot__op_N_cp_P1506B_86"")(error ""line 1507135 column 213: unknown constant NUSR_dot__op_N_cp_P1506B_87"")(error ""line 1507136 column 213: unknown constant NUSR_dot__op_N_cp_P1506B_88"")(error ""line 1507137 column 213: unknown constant NUSR_dot__op_N_cp_P1506B_89"")(error ""line 1507138 column 213: unknown constant NUSR_dot__op_N_cp_P1506B_90"")(error ""line 1507139 column 213: unknown constant NUSR_dot__op_N_cp_P1506B_91"")(error ""line 1507140 column 213: unknown constant NUSR_dot__op_N_cp_P1506B_92"")(error ""line 1507141 column 213: unknown constant NUSR_dot__op_N_cp_P1506B_93"")(error ""line 1507142 column 213: unknown constant NUSR_dot__op_N_cp_P1506B_94"")(error ""line 1507143 column 213: unknown constant NUSR_dot__op_N_cp_P1506B_95"")(error ""line 1507144 column 213: unknown constant NUSR_dot__op_N_cp_P1506B_96"")(error ""line 1507145 column 213: unknown constant NUSR_dot__op_N_cp_P1506B_97"")(error ""line 1507146 column 213: unknown constant NUSR_dot__op_N_cp_P1506B_98"")(error ""line 1507147 column 213: unknown constant NUSR_dot__op_N_cp_P1506B_99"")(error ""line 1507148 column 218: unknown constant NUSR_dot__op_N_cp_P1506B_100"")sat",N/A => Expected predicate keys to be pre-included in a dictionary.,yes,yes,yes,N/A => Expected predicate keys to be pre-included in a dictionary.,0,yes,yes,yes
2_1_4_LastOpposingRouteSection_group9,Theorem,CounterSatisfiable,no,18.8464077,CounterSatisfiable,"(error ""line 32741 column 196: unknown constant NUSR_dot__op_N_cp_P1506B_1"")sat","(error ""line 38710 column 196: unknown constant NUSR_dot__op_N_cp_P1506B_1"")(error ""line 38711 column 196: unknown constant NUSR_dot__op_N_cp_P1506B_2"")sat",no,"(error ""line 1507049 column 207: unknown constant NUSR_dot__op_N_cp_P1506B_1"")(error ""line 1507050 column 207: unknown constant NUSR_dot__op_N_cp_P1506B_2"")(error ""line 1507051 column 207: unknown constant NUSR_dot__op_N_cp_P1506B_3"")(error ""line 1507052 column 207: unknown constant NUSR_dot__op_N_cp_P1506B_4"")(error ""line 1507053 column 207: unknown constant NUSR_dot__op_N_cp_P1506B_5"")(error ""line 1507054 column 207: unknown constant NUSR_dot__op_N_cp_P1506B_6"")(error ""line 1507055 column 207: unknown constant NUSR_dot__op_N_cp_P1506B_7"")(error ""line 1507056 column 207: unknown constant NUSR_dot__op_N_cp_P1506B_8"")(error ""line 1507057 column 207: unknown constant NUSR_dot__op_N_cp_P1506B_9"")(error ""line 1507058 column 212: unknown constant NUSR_dot__op_N_cp_P1506B_10"")(error ""line 1507059 column 213: unknown constant NUSR_dot__op_N_cp_P1506B_11"")(error ""line 1507060 column 213: unknown constant NUSR_dot__op_N_cp_P1506B_12"")(error ""line 1507061 column 213: unknown constant NUSR_dot__op_N_cp_P1506B_13"")(error ""line 1507062 column 213: unknown constant NUSR_dot__op_N_cp_P1506B_14"")(error ""line 1507063 column 213: unknown constant NUSR_dot__op_N_cp_P1506B_15"")(error ""line 1507064 column 213: unknown constant NUSR_dot__op_N_cp_P1506B_16"")(error ""line 1507065 column 213: unknown constant NUSR_dot__op_N_cp_P1506B_17"")(error ""line 1507066 column 213: unknown constant NUSR_dot__op_N_cp_P1506B_18"")(error ""line 1507067 column 213: unknown constant NUSR_dot__op_N_cp_P1506B_19"")(error ""line 1507068 column 213: unknown constant NUSR_dot__op_N_cp_P1506B_20"")(error ""line 1507069 column 213: unknown constant NUSR_dot__op_N_cp_P1506B_21"")(error ""line 1507070 column 213: unknown constant NUSR_dot__op_N_cp_P1506B_22"")(error ""line 1507071 column 213: unknown constant NUSR_dot__op_N_cp_P1506B_23"")(error ""line 1507072 column 213: unknown constant NUSR_dot__op_N_cp_P1506B_24"")(error ""line 1507073 column 213: unknown constant NUSR_dot__op_N_cp_P1506B_25"")(error ""line 1507074 column 213: unknown constant NUSR_dot__op_N_cp_P1506B_26"")(error ""line 1507075 column 213: unknown constant NUSR_dot__op_N_cp_P1506B_27"")(error ""line 1507076 column 213: unknown constant NUSR_dot__op_N_cp_P1506B_28"")(error ""line 1507077 column 213: unknown constant NUSR_dot__op_N_cp_P1506B_29"")(error ""line 1507078 column 213: unknown constant NUSR_dot__op_N_cp_P1506B_30"")(error ""line 1507079 column 213: unknown constant NUSR_dot__op_N_cp_P1506B_31"")(error ""line 1507080 column 213: unknown constant NUSR_dot__op_N_cp_P1506B_32"")(error ""line 1507081 column 213: unknown constant NUSR_dot__op_N_cp_P1506B_33"")(error ""line 1507082 column 213: unknown constant NUSR_dot__op_N_cp_P1506B_34"")(error ""line 1507083 column 213: unknown constant NUSR_dot__op_N_cp_P1506B_35"")(error ""line 1507084 column 213: unknown constant NUSR_dot__op_N_cp_P1506B_36"")(error ""line 1507085 column 213: unknown constant NUSR_dot__op_N_cp_P1506B_37"")(error ""line 1507086 column 213: unknown constant NUSR_dot__op_N_cp_P1506B_38"")(error ""line 1507087 column 213: unknown constant NUSR_dot__op_N_cp_P1506B_39"")(error ""line 1507088 column 213: unknown constant NUSR_dot__op_N_cp_P1506B_40"")(error ""line 1507089 column 213: unknown constant NUSR_dot__op_N_cp_P1506B_41"")(error ""line 1507090 column 213: unknown constant NUSR_dot__op_N_cp_P1506B_42"")(error ""line 1507091 column 213: unknown constant NUSR_dot__op_N_cp_P1506B_43"")(error ""line 1507092 column 213: unknown constant NUSR_dot__op_N_cp_P1506B_44"")(error ""line 1507093 column 213: unknown constant NUSR_dot__op_N_cp_P1506B_45"")(error ""line 1507094 column 213: unknown constant NUSR_dot__op_N_cp_P1506B_46"")(error ""line 1507095 column 213: unknown constant NUSR_dot__op_N_cp_P1506B_47"")(error ""line 1507096 column 213: unknown constant NUSR_dot__op_N_cp_P1506B_48"")(error ""line 1507097 column 213: unknown constant NUSR_dot__op_N_cp_P1506B_49"")(error ""line 1507098 column 213: unknown constant NUSR_dot__op_N_cp_P1506B_50"")(error ""line 1507099 column 213: unknown constant NUSR_dot__op_N_cp_P1506B_51"")(error ""line 1507100 column 213: unknown constant NUSR_dot__op_N_cp_P1506B_52"")(error ""line 1507101 column 213: unknown constant NUSR_dot__op_N_cp_P1506B_53"")(error ""line 1507102 column 213: unknown constant NUSR_dot__op_N_cp_P1506B_54"")(error ""line 1507103 column 213: unknown constant NUSR_dot__op_N_cp_P1506B_55"")(error ""line 1507104 column 213: unknown constant NUSR_dot__op_N_cp_P1506B_56"")(error ""line 1507105 column 213: unknown constant NUSR_dot__op_N_cp_P1506B_57"")(error ""line 1507106 column 213: unknown constant NUSR_dot__op_N_cp_P1506B_58"")(error ""line 1507107 column 213: unknown constant NUSR_dot__op_N_cp_P1506B_59"")(error ""line 1507108 column 213: unknown constant NUSR_dot__op_N_cp_P1506B_60"")(error ""line 1507109 column 213: unknown constant NUSR_dot__op_N_cp_P1506B_61"")(error ""line 1507110 column 213: unknown constant NUSR_dot__op_N_cp_P1506B_62"")(error ""line 1507111 column 213: unknown constant NUSR_dot__op_N_cp_P1506B_63"")(error ""line 1507112 column 213: unknown constant NUSR_dot__op_N_cp_P1506B_64"")(error ""line 1507113 column 213: unknown constant NUSR_dot__op_N_cp_P1506B_65"")(error ""line 1507114 column 213: unknown constant NUSR_dot__op_N_cp_P1506B_66"")(error ""line 1507115 column 213: unknown constant NUSR_dot__op_N_cp_P1506B_67"")(error ""line 1507116 column 213: unknown constant NUSR_dot__op_N_cp_P1506B_68"")(error ""line 1507117 column 213: unknown constant NUSR_dot__op_N_cp_P1506B_69"")(error ""line 1507118 column 213: unknown constant NUSR_dot__op_N_cp_P1506B_70"")(error ""line 1507119 column 213: unknown constant NUSR_dot__op_N_cp_P1506B_71"")(error ""line 1507120 column 213: unknown constant NUSR_dot__op_N_cp_P1506B_72"")(error ""line 1507121 column 213: unknown constant NUSR_dot__op_N_cp_P1506B_73"")(error ""line 1507122 column 213: unknown constant NUSR_dot__op_N_cp_P1506B_74"")(error ""line 1507123 column 213: unknown constant NUSR_dot__op_N_cp_P1506B_75"")(error ""line 1507124 column 213: unknown constant NUSR_dot__op_N_cp_P1506B_76"")(error ""line 1507125 column 213: unknown constant NUSR_dot__op_N_cp_P1506B_77"")(error ""line 1507126 column 213: unknown constant NUSR_dot__op_N_cp_P1506B_78"")(error ""line 1507127 column 213: unknown constant NUSR_dot__op_N_cp_P1506B_79"")(error ""line 1507128 column 213: unknown constant NUSR_dot__op_N_cp_P1506B_80"")(error ""line 1507129 column 213: unknown constant NUSR_dot__op_N_cp_P1506B_81"")(error ""line 1507130 column 213: unknown constant NUSR_dot__op_N_cp_P1506B_82"")(error ""line 1507131 column 213: unknown constant NUSR_dot__op_N_cp_P1506B_83"")(error ""line 1507132 column 213: unknown constant NUSR_dot__op_N_cp_P1506B_84"")(error ""line 1507133 column 213: unknown constant NUSR_dot__op_N_cp_P1506B_85"")(error ""line 1507134 column 213: unknown constant NUSR_dot__op_N_cp_P1506B_86"")(error ""line 1507135 column 213: unknown constant NUSR_dot__op_N_cp_P1506B_87"")(error ""line 1507136 column 213: unknown constant NUSR_dot__op_N_cp_P1506B_88"")(error ""line 1507137 column 213: unknown constant NUSR_dot__op_N_cp_P1506B_89"")(error ""line 1507138 column 213: unknown constant NUSR_dot__op_N_cp_P1506B_90"")(error ""line 1507139 column 213: unknown constant NUSR_dot__op_N_cp_P1506B_91"")(error ""line 1507140 column 213: unknown constant NUSR_dot__op_N_cp_P1506B_92"")(error ""line 1507141 column 213: unknown constant NUSR_dot__op_N_cp_P1506B_93"")(error ""line 1507142 column 213: unknown constant NUSR_dot__op_N_cp_P1506B_94"")(error ""line 1507143 column 213: unknown constant NUSR_dot__op_N_cp_P1506B_95"")(error ""line 1507144 column 213: unknown constant NUSR_dot__op_N_cp_P1506B_96"")(error ""line 1507145 column 213: unknown constant NUSR_dot__op_N_cp_P1506B_97"")(error ""line 1507146 column 213: unknown constant NUSR_dot__op_N_cp_P1506B_98"")(error ""line 1507147 column 213: unknown constant NUSR_dot__op_N_cp_P1506B_99"")(error ""line 1507148 column 218: unknown constant NUSR_dot__op_N_cp_P1506B_100"")sat",N/A => Expected predicate keys to be pre-included in a dictionary.,yes,yes,yes,N/A => Expected predicate keys to be pre-included in a dictionary.,0,yes,yes,yes
2_1_5_LastOpposingOverlapRouteSection_group0,Theorem,CounterSatisfiable,no,18.9224667,CounterSatisfiable,"(error ""line 32741 column 151: unknown constant OUSROL_dot__op_N_cp_P1505A_1"")sat","(error ""line 38710 column 151: unknown constant OUSROL_dot__op_N_cp_P1505A_1"")(error ""line 38711 column 151: unknown constant OUSROL_dot__op_N_cp_P1505A_2"")sat",no,"(error ""line 1507049 column 162: unknown constant OUSROL_dot__op_N_cp_P1505A_1"")(error ""line 1507050 column 162: unknown constant OUSROL_dot__op_N_cp_P1505A_2"")(error ""line 1507051 column 162: unknown constant OUSROL_dot__op_N_cp_P1505A_3"")(error ""line 1507052 column 162: unknown constant OUSROL_dot__op_N_cp_P1505A_4"")(error ""line 1507053 column 162: unknown constant OUSROL_dot__op_N_cp_P1505A_5"")(error ""line 1507054 column 162: unknown constant OUSROL_dot__op_N_cp_P1505A_6"")(error ""line 1507055 column 162: unknown constant OUSROL_dot__op_N_cp_P1505A_7"")(error ""line 1507056 column 162: unknown constant OUSROL_dot__op_N_cp_P1505A_8"")(error ""line 1507057 column 162: unknown constant OUSROL_dot__op_N_cp_P1505A_9"")(error ""line 1507058 column 165: unknown constant OUSROL_dot__op_N_cp_P1505A_10"")(error ""line 1507059 column 166: unknown constant OUSROL_dot__op_N_cp_P1505A_11"")(error ""line 1507060 column 166: unknown constant OUSROL_dot__op_N_cp_P1505A_12"")(error ""line 1507061 column 166: unknown constant OUSROL_dot__op_N_cp_P1505A_13"")(error ""line 1507062 column 166: unknown constant OUSROL_dot__op_N_cp_P1505A_14"")(error ""line 1507063 column 166: unknown constant OUSROL_dot__op_N_cp_P1505A_15"")(error ""line 1507064 column 166: unknown constant OUSROL_dot__op_N_cp_P1505A_16"")(error ""line 1507065 column 166: unknown constant OUSROL_dot__op_N_cp_P1505A_17"")(error ""line 1507066 column 166: unknown constant OUSROL_dot__op_N_cp_P1505A_18"")(error ""line 1507067 column 166: unknown constant OUSROL_dot__op_N_cp_P1505A_19"")(error ""line 1507068 column 166: unknown constant OUSROL_dot__op_N_cp_P1505A_20"")(error ""line 1507069 column 166: unknown constant OUSROL_dot__op_N_cp_P1505A_21"")(error ""line 1507070 column 166: unknown constant OUSROL_dot__op_N_cp_P1505A_22"")(error ""line 1507071 column 166: unknown constant OUSROL_dot__op_N_cp_P1505A_23"")(error ""line 1507072 column 166: unknown constant OUSROL_dot__op_N_cp_P1505A_24"")(error ""line 1507073 column 166: unknown constant OUSROL_dot__op_N_cp_P1505A_25"")(error ""line 1507074 column 166: unknown constant OUSROL_dot__op_N_cp_P1505A_26"")(error ""line 1507075 column 166: unknown constant OUSROL_dot__op_N_cp_P1505A_27"")(error ""line 1507076 column 166: unknown constant OUSROL_dot__op_N_cp_P1505A_28"")(error ""line 1507077 column 166: unknown constant OUSROL_dot__op_N_cp_P1505A_29"")(error ""line 1507078 column 166: unknown constant OUSROL_dot__op_N_cp_P1505A_30"")(error ""line 1507079 column 166: unknown constant OUSROL_dot__op_N_cp_P1505A_31"")(error ""line 1507080 column 166: unknown constant OUSROL_dot__op_N_cp_P1505A_32"")(error ""line 1507081 column 166: unknown constant OUSROL_dot__op_N_cp_P1505A_33"")(error ""line 1507082 column 166: unknown constant OUSROL_dot__op_N_cp_P1505A_34"")(error ""line 1507083 column 166: unknown constant OUSROL_dot__op_N_cp_P1505A_35"")(error ""line 1507084 column 166: unknown constant OUSROL_dot__op_N_cp_P1505A_36"")(error ""line 1507085 column 166: unknown constant OUSROL_dot__op_N_cp_P1505A_37"")(error ""line 1507086 column 166: unknown constant OUSROL_dot__op_N_cp_P1505A_38"")(error ""line 1507087 column 166: unknown constant OUSROL_dot__op_N_cp_P1505A_39"")(error ""line 1507088 column 166: unknown constant OUSROL_dot__op_N_cp_P1505A_40"")(error ""line 1507089 column 166: unknown constant OUSROL_dot__op_N_cp_P1505A_41"")(error ""line 1507090 column 166: unknown constant OUSROL_dot__op_N_cp_P1505A_42"")(error ""line 1507091 column 166: unknown constant OUSROL_dot__op_N_cp_P1505A_43"")(error ""line 1507092 column 166: unknown constant OUSROL_dot__op_N_cp_P1505A_44"")(error ""line 1507093 column 166: unknown constant OUSROL_dot__op_N_cp_P1505A_45"")(error ""line 1507094 column 166: unknown constant OUSROL_dot__op_N_cp_P1505A_46"")(error ""line 1507095 column 166: unknown constant OUSROL_dot__op_N_cp_P1505A_47"")(error ""line 1507096 column 166: unknown constant OUSROL_dot__op_N_cp_P1505A_48"")(error ""line 1507097 column 166: unknown constant OUSROL_dot__op_N_cp_P1505A_49"")(error ""line 1507098 column 166: unknown constant OUSROL_dot__op_N_cp_P1505A_50"")(error ""line 1507099 column 166: unknown constant OUSROL_dot__op_N_cp_P1505A_51"")(error ""line 1507100 column 166: unknown constant OUSROL_dot__op_N_cp_P1505A_52"")(error ""line 1507101 column 166: unknown constant OUSROL_dot__op_N_cp_P1505A_53"")(error ""line 1507102 column 166: unknown constant OUSROL_dot__op_N_cp_P1505A_54"")(error ""line 1507103 column 166: unknown constant OUSROL_dot__op_N_cp_P1505A_55"")(error ""line 1507104 column 166: unknown constant OUSROL_dot__op_N_cp_P1505A_56"")(error ""line 1507105 column 166: unknown constant OUSROL_dot__op_N_cp_P1505A_57"")(error ""line 1507106 column 166: unknown constant OUSROL_dot__op_N_cp_P1505A_58"")(error ""line 1507107 column 166: unknown constant OUSROL_dot__op_N_cp_P1505A_59"")(error ""line 1507108 column 166: unknown constant OUSROL_dot__op_N_cp_P1505A_60"")(error ""line 1507109 column 166: unknown constant OUSROL_dot__op_N_cp_P1505A_61"")(error ""line 1507110 column 166: unknown constant OUSROL_dot__op_N_cp_P1505A_62"")(error ""line 1507111 column 166: unknown constant OUSROL_dot__op_N_cp_P1505A_63"")(error ""line 1507112 column 166: unknown constant OUSROL_dot__op_N_cp_P1505A_64"")(error ""line 1507113 column 166: unknown constant OUSROL_dot__op_N_cp_P1505A_65"")(error ""line 1507114 column 166: unknown constant OUSROL_dot__op_N_cp_P1505A_66"")(error ""line 1507115 column 166: unknown constant OUSROL_dot__op_N_cp_P1505A_67"")(error ""line 1507116 column 166: unknown constant OUSROL_dot__op_N_cp_P1505A_68"")(error ""line 1507117 column 166: unknown constant OUSROL_dot__op_N_cp_P1505A_69"")(error ""line 1507118 column 166: unknown constant OUSROL_dot__op_N_cp_P1505A_70"")(error ""line 1507119 column 166: unknown constant OUSROL_dot__op_N_cp_P1505A_71"")(error ""line 1507120 column 166: unknown constant OUSROL_dot__op_N_cp_P1505A_72"")(error ""line 1507121 column 166: unknown constant OUSROL_dot__op_N_cp_P1505A_73"")(error ""line 1507122 column 166: unknown constant OUSROL_dot__op_N_cp_P1505A_74"")(error ""line 1507123 column 166: unknown constant OUSROL_dot__op_N_cp_P1505A_75"")(error ""line 1507124 column 166: unknown constant OUSROL_dot__op_N_cp_P1505A_76"")(error ""line 1507125 column 166: unknown constant OUSROL_dot__op_N_cp_P1505A_77"")(error ""line 1507126 column 166: unknown constant OUSROL_dot__op_N_cp_P1505A_78"")(error ""line 1507127 column 166: unknown constant OUSROL_dot__op_N_cp_P1505A_79"")(error ""line 1507128 column 166: unknown constant OUSROL_dot__op_N_cp_P1505A_80"")(error ""line 1507129 column 166: unknown constant OUSROL_dot__op_N_cp_P1505A_81"")(error ""line 1507130 column 166: unknown constant OUSROL_dot__op_N_cp_P1505A_82"")(error ""line 1507131 column 166: unknown constant OUSROL_dot__op_N_cp_P1505A_83"")(error ""line 1507132 column 166: unknown constant OUSROL_dot__op_N_cp_P1505A_84"")(error ""line 1507133 column 166: unknown constant OUSROL_dot__op_N_cp_P1505A_85"")(error ""line 1507134 column 166: unknown constant OUSROL_dot__op_N_cp_P1505A_86"")(error ""line 1507135 column 166: unknown constant OUSROL_dot__op_N_cp_P1505A_87"")(error ""line 1507136 column 166: unknown constant OUSROL_dot__op_N_cp_P1505A_88"")(error ""line 1507137 column 166: unknown constant OUSROL_dot__op_N_cp_P1505A_89"")(error ""line 1507138 column 166: unknown constant OUSROL_dot__op_N_cp_P1505A_90"")(error ""line 1507139 column 166: unknown constant OUSROL_dot__op_N_cp_P1505A_91"")(error ""line 1507140 column 166: unknown constant OUSROL_dot__op_N_cp_P1505A_92"")(error ""line 1507141 column 166: unknown constant OUSROL_dot__op_N_cp_P1505A_93"")(error ""line 1507142 column 166: unknown constant OUSROL_dot__op_N_cp_P1505A_94"")(error ""line 1507143 column 166: unknown constant OUSROL_dot__op_N_cp_P1505A_95"")(error ""line 1507144 column 166: unknown constant OUSROL_dot__op_N_cp_P1505A_96"")(error ""line 1507145 column 166: unknown constant OUSROL_dot__op_N_cp_P1505A_97"")(error ""line 1507146 column 166: unknown constant OUSROL_dot__op_N_cp_P1505A_98"")(error ""line 1507147 column 166: unknown constant OUSROL_dot__op_N_cp_P1505A_99"")(error ""line 1507148 column 169: unknown constant OUSROL_dot__op_N_cp_P1505A_100"")sat",N/A => Expected predicate keys to be pre-included in a dictionary.,yes,yes,yes,N/A => Expected predicate keys to be pre-included in a dictionary.,0,yes,yes,yes
2_1_5_LastOpposingOverlapRouteSection_group1,Theorem,CounterSatisfiable,no,18.8856253,CounterSatisfiable,"(error ""line 32741 column 151: unknown constant OUSROL_dot__op_N_cp_P1505A_1"")sat","(error ""line 38710 column 151: unknown constant OUSROL_dot__op_N_cp_P1505A_1"")(error ""line 38711 column 151: unknown constant OUSROL_dot__op_N_cp_P1505A_2"")sat",no,"(error ""line 1507049 column 162: unknown constant OUSROL_dot__op_N_cp_P1505A_1"")(error ""line 1507050 column 162: unknown constant OUSROL_dot__op_N_cp_P1505A_2"")(error ""line 1507051 column 162: unknown constant OUSROL_dot__op_N_cp_P1505A_3"")(error ""line 1507052 column 162: unknown constant OUSROL_dot__op_N_cp_P1505A_4"")(error ""line 1507053 column 162: unknown constant OUSROL_dot__op_N_cp_P1505A_5"")(error ""line 1507054 column 162: unknown constant OUSROL_dot__op_N_cp_P1505A_6"")(error ""line 1507055 column 162: unknown constant OUSROL_dot__op_N_cp_P1505A_7"")(error ""line 1507056 column 162: unknown constant OUSROL_dot__op_N_cp_P1505A_8"")(error ""line 1507057 column 162: unknown constant OUSROL_dot__op_N_cp_P1505A_9"")(error ""line 1507058 column 165: unknown constant OUSROL_dot__op_N_cp_P1505A_10"")(error ""line 1507059 column 166: unknown constant OUSROL_dot__op_N_cp_P1505A_11"")(error ""line 1507060 column 166: unknown constant OUSROL_dot__op_N_cp_P1505A_12"")(error ""line 1507061 column 166: unknown constant OUSROL_dot__op_N_cp_P1505A_13"")(error ""line 1507062 column 166: unknown constant OUSROL_dot__op_N_cp_P1505A_14"")(error ""line 1507063 column 166: unknown constant OUSROL_dot__op_N_cp_P1505A_15"")(error ""line 1507064 column 166: unknown constant OUSROL_dot__op_N_cp_P1505A_16"")(error ""line 1507065 column 166: unknown constant OUSROL_dot__op_N_cp_P1505A_17"")(error ""line 1507066 column 166: unknown constant OUSROL_dot__op_N_cp_P1505A_18"")(error ""line 1507067 column 166: unknown constant OUSROL_dot__op_N_cp_P1505A_19"")(error ""line 1507068 column 166: unknown constant OUSROL_dot__op_N_cp_P1505A_20"")(error ""line 1507069 column 166: unknown constant OUSROL_dot__op_N_cp_P1505A_21"")(error ""line 1507070 column 166: unknown constant OUSROL_dot__op_N_cp_P1505A_22"")(error ""line 1507071 column 166: unknown constant OUSROL_dot__op_N_cp_P1505A_23"")(error ""line 1507072 column 166: unknown constant OUSROL_dot__op_N_cp_P1505A_24"")(error ""line 1507073 column 166: unknown constant OUSROL_dot__op_N_cp_P1505A_25"")(error ""line 1507074 column 166: unknown constant OUSROL_dot__op_N_cp_P1505A_26"")(error ""line 1507075 column 166: unknown constant OUSROL_dot__op_N_cp_P1505A_27"")(error ""line 1507076 column 166: unknown constant OUSROL_dot__op_N_cp_P1505A_28"")(error ""line 1507077 column 166: unknown constant OUSROL_dot__op_N_cp_P1505A_29"")(error ""line 1507078 column 166: unknown constant OUSROL_dot__op_N_cp_P1505A_30"")(error ""line 1507079 column 166: unknown constant OUSROL_dot__op_N_cp_P1505A_31"")(error ""line 1507080 column 166: unknown constant OUSROL_dot__op_N_cp_P1505A_32"")(error ""line 1507081 column 166: unknown constant OUSROL_dot__op_N_cp_P1505A_33"")(error ""line 1507082 column 166: unknown constant OUSROL_dot__op_N_cp_P1505A_34"")(error ""line 1507083 column 166: unknown constant OUSROL_dot__op_N_cp_P1505A_35"")(error ""line 1507084 column 166: unknown constant OUSROL_dot__op_N_cp_P1505A_36"")(error ""line 1507085 column 166: unknown constant OUSROL_dot__op_N_cp_P1505A_37"")(error ""line 1507086 column 166: unknown constant OUSROL_dot__op_N_cp_P1505A_38"")(error ""line 1507087 column 166: unknown constant OUSROL_dot__op_N_cp_P1505A_39"")(error ""line 1507088 column 166: unknown constant OUSROL_dot__op_N_cp_P1505A_40"")(error ""line 1507089 column 166: unknown constant OUSROL_dot__op_N_cp_P1505A_41"")(error ""line 1507090 column 166: unknown constant OUSROL_dot__op_N_cp_P1505A_42"")(error ""line 1507091 column 166: unknown constant OUSROL_dot__op_N_cp_P1505A_43"")(error ""line 1507092 column 166: unknown constant OUSROL_dot__op_N_cp_P1505A_44"")(error ""line 1507093 column 166: unknown constant OUSROL_dot__op_N_cp_P1505A_45"")(error ""line 1507094 column 166: unknown constant OUSROL_dot__op_N_cp_P1505A_46"")(error ""line 1507095 column 166: unknown constant OUSROL_dot__op_N_cp_P1505A_47"")(error ""line 1507096 column 166: unknown constant OUSROL_dot__op_N_cp_P1505A_48"")(error ""line 1507097 column 166: unknown constant OUSROL_dot__op_N_cp_P1505A_49"")(error ""line 1507098 column 166: unknown constant OUSROL_dot__op_N_cp_P1505A_50"")(error ""line 1507099 column 166: unknown constant OUSROL_dot__op_N_cp_P1505A_51"")(error ""line 1507100 column 166: unknown constant OUSROL_dot__op_N_cp_P1505A_52"")(error ""line 1507101 column 166: unknown constant OUSROL_dot__op_N_cp_P1505A_53"")(error ""line 1507102 column 166: unknown constant OUSROL_dot__op_N_cp_P1505A_54"")(error ""line 1507103 column 166: unknown constant OUSROL_dot__op_N_cp_P1505A_55"")(error ""line 1507104 column 166: unknown constant OUSROL_dot__op_N_cp_P1505A_56"")(error ""line 1507105 column 166: unknown constant OUSROL_dot__op_N_cp_P1505A_57"")(error ""line 1507106 column 166: unknown constant OUSROL_dot__op_N_cp_P1505A_58"")(error ""line 1507107 column 166: unknown constant OUSROL_dot__op_N_cp_P1505A_59"")(error ""line 1507108 column 166: unknown constant OUSROL_dot__op_N_cp_P1505A_60"")(error ""line 1507109 column 166: unknown constant OUSROL_dot__op_N_cp_P1505A_61"")(error ""line 1507110 column 166: unknown constant OUSROL_dot__op_N_cp_P1505A_62"")(error ""line 1507111 column 166: unknown constant OUSROL_dot__op_N_cp_P1505A_63"")(error ""line 1507112 column 166: unknown constant OUSROL_dot__op_N_cp_P1505A_64"")(error ""line 1507113 column 166: unknown constant OUSROL_dot__op_N_cp_P1505A_65"")(error ""line 1507114 column 166: unknown constant OUSROL_dot__op_N_cp_P1505A_66"")(error ""line 1507115 column 166: unknown constant OUSROL_dot__op_N_cp_P1505A_67"")(error ""line 1507116 column 166: unknown constant OUSROL_dot__op_N_cp_P1505A_68"")(error ""line 1507117 column 166: unknown constant OUSROL_dot__op_N_cp_P1505A_69"")(error ""line 1507118 column 166: unknown constant OUSROL_dot__op_N_cp_P1505A_70"")(error ""line 1507119 column 166: unknown constant OUSROL_dot__op_N_cp_P1505A_71"")(error ""line 1507120 column 166: unknown constant OUSROL_dot__op_N_cp_P1505A_72"")(error ""line 1507121 column 166: unknown constant OUSROL_dot__op_N_cp_P1505A_73"")(error ""line 1507122 column 166: unknown constant OUSROL_dot__op_N_cp_P1505A_74"")(error ""line 1507123 column 166: unknown constant OUSROL_dot__op_N_cp_P1505A_75"")(error ""line 1507124 column 166: unknown constant OUSROL_dot__op_N_cp_P1505A_76"")(error ""line 1507125 column 166: unknown constant OUSROL_dot__op_N_cp_P1505A_77"")(error ""line 1507126 column 166: unknown constant OUSROL_dot__op_N_cp_P1505A_78"")(error ""line 1507127 column 166: unknown constant OUSROL_dot__op_N_cp_P1505A_79"")(error ""line 1507128 column 166: unknown constant OUSROL_dot__op_N_cp_P1505A_80"")(error ""line 1507129 column 166: unknown constant OUSROL_dot__op_N_cp_P1505A_81"")(error ""line 1507130 column 166: unknown constant OUSROL_dot__op_N_cp_P1505A_82"")(error ""line 1507131 column 166: unknown constant OUSROL_dot__op_N_cp_P1505A_83"")(error ""line 1507132 column 166: unknown constant OUSROL_dot__op_N_cp_P1505A_84"")(error ""line 1507133 column 166: unknown constant OUSROL_dot__op_N_cp_P1505A_85"")(error ""line 1507134 column 166: unknown constant OUSROL_dot__op_N_cp_P1505A_86"")(error ""line 1507135 column 166: unknown constant OUSROL_dot__op_N_cp_P1505A_87"")(error ""line 1507136 column 166: unknown constant OUSROL_dot__op_N_cp_P1505A_88"")(error ""line 1507137 column 166: unknown constant OUSROL_dot__op_N_cp_P1505A_89"")(error ""line 1507138 column 166: unknown constant OUSROL_dot__op_N_cp_P1505A_90"")(error ""line 1507139 column 166: unknown constant OUSROL_dot__op_N_cp_P1505A_91"")(error ""line 1507140 column 166: unknown constant OUSROL_dot__op_N_cp_P1505A_92"")(error ""line 1507141 column 166: unknown constant OUSROL_dot__op_N_cp_P1505A_93"")(error ""line 1507142 column 166: unknown constant OUSROL_dot__op_N_cp_P1505A_94"")(error ""line 1507143 column 166: unknown constant OUSROL_dot__op_N_cp_P1505A_95"")(error ""line 1507144 column 166: unknown constant OUSROL_dot__op_N_cp_P1505A_96"")(error ""line 1507145 column 166: unknown constant OUSROL_dot__op_N_cp_P1505A_97"")(error ""line 1507146 column 166: unknown constant OUSROL_dot__op_N_cp_P1505A_98"")(error ""line 1507147 column 166: unknown constant OUSROL_dot__op_N_cp_P1505A_99"")(error ""line 1507148 column 169: unknown constant OUSROL_dot__op_N_cp_P1505A_100"")sat",N/A => Expected predicate keys to be pre-included in a dictionary.,yes,yes,yes,N/A => Expected predicate keys to be pre-included in a dictionary.,0,yes,yes,yes
2_1_5_LastOpposingOverlapRouteSection_group2,Theorem,CounterSatisfiable,no,18.7768429,CounterSatisfiable,"(error ""line 32741 column 151: unknown constant OUSROL_dot__op_N_cp_P1505A_1"")sat","(error ""line 38710 column 151: unknown constant OUSROL_dot__op_N_cp_P1505A_1"")(error ""line 38711 column 151: unknown constant OUSROL_dot__op_N_cp_P1505A_2"")sat",no,"(error ""line 1507049 column 162: unknown constant OUSROL_dot__op_N_cp_P1505A_1"")(error ""line 1507050 column 162: unknown constant OUSROL_dot__op_N_cp_P1505A_2"")(error ""line 1507051 column 162: unknown constant OUSROL_dot__op_N_cp_P1505A_3"")(error ""line 1507052 column 162: unknown constant OUSROL_dot__op_N_cp_P1505A_4"")(error ""line 1507053 column 162: unknown constant OUSROL_dot__op_N_cp_P1505A_5"")(error ""line 1507054 column 162: unknown constant OUSROL_dot__op_N_cp_P1505A_6"")(error ""line 1507055 column 162: unknown constant OUSROL_dot__op_N_cp_P1505A_7"")(error ""line 1507056 column 162: unknown constant OUSROL_dot__op_N_cp_P1505A_8"")(error ""line 1507057 column 162: unknown constant OUSROL_dot__op_N_cp_P1505A_9"")(error ""line 1507058 column 165: unknown constant OUSROL_dot__op_N_cp_P1505A_10"")(error ""line 1507059 column 166: unknown constant OUSROL_dot__op_N_cp_P1505A_11"")(error ""line 1507060 column 166: unknown constant OUSROL_dot__op_N_cp_P1505A_12"")(error ""line 1507061 column 166: unknown constant OUSROL_dot__op_N_cp_P1505A_13"")(error ""line 1507062 column 166: unknown constant OUSROL_dot__op_N_cp_P1505A_14"")(error ""line 1507063 column 166: unknown constant OUSROL_dot__op_N_cp_P1505A_15"")(error ""line 1507064 column 166: unknown constant OUSROL_dot__op_N_cp_P1505A_16"")(error ""line 1507065 column 166: unknown constant OUSROL_dot__op_N_cp_P1505A_17"")(error ""line 1507066 column 166: unknown constant OUSROL_dot__op_N_cp_P1505A_18"")(error ""line 1507067 column 166: unknown constant OUSROL_dot__op_N_cp_P1505A_19"")(error ""line 1507068 column 166: unknown constant OUSROL_dot__op_N_cp_P1505A_20"")(error ""line 1507069 column 166: unknown constant OUSROL_dot__op_N_cp_P1505A_21"")(error ""line 1507070 column 166: unknown constant OUSROL_dot__op_N_cp_P1505A_22"")(error ""line 1507071 column 166: unknown constant OUSROL_dot__op_N_cp_P1505A_23"")(error ""line 1507072 column 166: unknown constant OUSROL_dot__op_N_cp_P1505A_24"")(error ""line 1507073 column 166: unknown constant OUSROL_dot__op_N_cp_P1505A_25"")(error ""line 1507074 column 166: unknown constant OUSROL_dot__op_N_cp_P1505A_26"")(error ""line 1507075 column 166: unknown constant OUSROL_dot__op_N_cp_P1505A_27"")(error ""line 1507076 column 166: unknown constant OUSROL_dot__op_N_cp_P1505A_28"")(error ""line 1507077 column 166: unknown constant OUSROL_dot__op_N_cp_P1505A_29"")(error ""line 1507078 column 166: unknown constant OUSROL_dot__op_N_cp_P1505A_30"")(error ""line 1507079 column 166: unknown constant OUSROL_dot__op_N_cp_P1505A_31"")(error ""line 1507080 column 166: unknown constant OUSROL_dot__op_N_cp_P1505A_32"")(error ""line 1507081 column 166: unknown constant OUSROL_dot__op_N_cp_P1505A_33"")(error ""line 1507082 column 166: unknown constant OUSROL_dot__op_N_cp_P1505A_34"")(error ""line 1507083 column 166: unknown constant OUSROL_dot__op_N_cp_P1505A_35"")(error ""line 1507084 column 166: unknown constant OUSROL_dot__op_N_cp_P1505A_36"")(error ""line 1507085 column 166: unknown constant OUSROL_dot__op_N_cp_P1505A_37"")(error ""line 1507086 column 166: unknown constant OUSROL_dot__op_N_cp_P1505A_38"")(error ""line 1507087 column 166: unknown constant OUSROL_dot__op_N_cp_P1505A_39"")(error ""line 1507088 column 166: unknown constant OUSROL_dot__op_N_cp_P1505A_40"")(error ""line 1507089 column 166: unknown constant OUSROL_dot__op_N_cp_P1505A_41"")(error ""line 1507090 column 166: unknown constant OUSROL_dot__op_N_cp_P1505A_42"")(error ""line 1507091 column 166: unknown constant OUSROL_dot__op_N_cp_P1505A_43"")(error ""line 1507092 column 166: unknown constant OUSROL_dot__op_N_cp_P1505A_44"")(error ""line 1507093 column 166: unknown constant OUSROL_dot__op_N_cp_P1505A_45"")(error ""line 1507094 column 166: unknown constant OUSROL_dot__op_N_cp_P1505A_46"")(error ""line 1507095 column 166: unknown constant OUSROL_dot__op_N_cp_P1505A_47"")(error ""line 1507096 column 166: unknown constant OUSROL_dot__op_N_cp_P1505A_48"")(error ""line 1507097 column 166: unknown constant OUSROL_dot__op_N_cp_P1505A_49"")(error ""line 1507098 column 166: unknown constant OUSROL_dot__op_N_cp_P1505A_50"")(error ""line 1507099 column 166: unknown constant OUSROL_dot__op_N_cp_P1505A_51"")(error ""line 1507100 column 166: unknown constant OUSROL_dot__op_N_cp_P1505A_52"")(error ""line 1507101 column 166: unknown constant OUSROL_dot__op_N_cp_P1505A_53"")(error ""line 1507102 column 166: unknown constant OUSROL_dot__op_N_cp_P1505A_54"")(error ""line 1507103 column 166: unknown constant OUSROL_dot__op_N_cp_P1505A_55"")(error ""line 1507104 column 166: unknown constant OUSROL_dot__op_N_cp_P1505A_56"")(error ""line 1507105 column 166: unknown constant OUSROL_dot__op_N_cp_P1505A_57"")(error ""line 1507106 column 166: unknown constant OUSROL_dot__op_N_cp_P1505A_58"")(error ""line 1507107 column 166: unknown constant OUSROL_dot__op_N_cp_P1505A_59"")(error ""line 1507108 column 166: unknown constant OUSROL_dot__op_N_cp_P1505A_60"")(error ""line 1507109 column 166: unknown constant OUSROL_dot__op_N_cp_P1505A_61"")(error ""line 1507110 column 166: unknown constant OUSROL_dot__op_N_cp_P1505A_62"")(error ""line 1507111 column 166: unknown constant OUSROL_dot__op_N_cp_P1505A_63"")(error ""line 1507112 column 166: unknown constant OUSROL_dot__op_N_cp_P1505A_64"")(error ""line 1507113 column 166: unknown constant OUSROL_dot__op_N_cp_P1505A_65"")(error ""line 1507114 column 166: unknown constant OUSROL_dot__op_N_cp_P1505A_66"")(error ""line 1507115 column 166: unknown constant OUSROL_dot__op_N_cp_P1505A_67"")(error ""line 1507116 column 166: unknown constant OUSROL_dot__op_N_cp_P1505A_68"")(error ""line 1507117 column 166: unknown constant OUSROL_dot__op_N_cp_P1505A_69"")(error ""line 1507118 column 166: unknown constant OUSROL_dot__op_N_cp_P1505A_70"")(error ""line 1507119 column 166: unknown constant OUSROL_dot__op_N_cp_P1505A_71"")(error ""line 1507120 column 166: unknown constant OUSROL_dot__op_N_cp_P1505A_72"")(error ""line 1507121 column 166: unknown constant OUSROL_dot__op_N_cp_P1505A_73"")(error ""line 1507122 column 166: unknown constant OUSROL_dot__op_N_cp_P1505A_74"")(error ""line 1507123 column 166: unknown constant OUSROL_dot__op_N_cp_P1505A_75"")(error ""line 1507124 column 166: unknown constant OUSROL_dot__op_N_cp_P1505A_76"")(error ""line 1507125 column 166: unknown constant OUSROL_dot__op_N_cp_P1505A_77"")(error ""line 1507126 column 166: unknown constant OUSROL_dot__op_N_cp_P1505A_78"")(error ""line 1507127 column 166: unknown constant OUSROL_dot__op_N_cp_P1505A_79"")(error ""line 1507128 column 166: unknown constant OUSROL_dot__op_N_cp_P1505A_80"")(error ""line 1507129 column 166: unknown constant OUSROL_dot__op_N_cp_P1505A_81"")(error ""line 1507130 column 166: unknown constant OUSROL_dot__op_N_cp_P1505A_82"")(error ""line 1507131 column 166: unknown constant OUSROL_dot__op_N_cp_P1505A_83"")(error ""line 1507132 column 166: unknown constant OUSROL_dot__op_N_cp_P1505A_84"")(error ""line 1507133 column 166: unknown constant OUSROL_dot__op_N_cp_P1505A_85"")(error ""line 1507134 column 166: unknown constant OUSROL_dot__op_N_cp_P1505A_86"")(error ""line 1507135 column 166: unknown constant OUSROL_dot__op_N_cp_P1505A_87"")(error ""line 1507136 column 166: unknown constant OUSROL_dot__op_N_cp_P1505A_88"")(error ""line 1507137 column 166: unknown constant OUSROL_dot__op_N_cp_P1505A_89"")(error ""line 1507138 column 166: unknown constant OUSROL_dot__op_N_cp_P1505A_90"")(error ""line 1507139 column 166: unknown constant OUSROL_dot__op_N_cp_P1505A_91"")(error ""line 1507140 column 166: unknown constant OUSROL_dot__op_N_cp_P1505A_92"")(error ""line 1507141 column 166: unknown constant OUSROL_dot__op_N_cp_P1505A_93"")(error ""line 1507142 column 166: unknown constant OUSROL_dot__op_N_cp_P1505A_94"")(error ""line 1507143 column 166: unknown constant OUSROL_dot__op_N_cp_P1505A_95"")(error ""line 1507144 column 166: unknown constant OUSROL_dot__op_N_cp_P1505A_96"")(error ""line 1507145 column 166: unknown constant OUSROL_dot__op_N_cp_P1505A_97"")(error ""line 1507146 column 166: unknown constant OUSROL_dot__op_N_cp_P1505A_98"")(error ""line 1507147 column 166: unknown constant OUSROL_dot__op_N_cp_P1505A_99"")(error ""line 1507148 column 169: unknown constant OUSROL_dot__op_N_cp_P1505A_100"")sat",N/A => Expected predicate keys to be pre-included in a dictionary.,yes,yes,yes,N/A => Expected predicate keys to be pre-included in a dictionary.,0,yes,yes,yes
2_1_5_LastOpposingOverlapRouteSection_group3,Theorem,Theorem,yes,18.8540707,Theorem,unsat,unsat,yes,unsat,yes,yes,yes,yes,yes,0.067374,yes,yes,yes
2_1_5_LastOpposingOverlapRouteSection_group4,Theorem,CounterSatisfiable,no,18.8226033,Theorem,unsat,unsat,yes,unsat,yes,yes,yes,yes,yes,0.0667835,yes,yes,yes
2_1_5_LastOpposingOverlapRouteSection_group5,Theorem,Theorem,yes,18.673446,Theorem,unsat,unsat,yes,unsat,yes,yes,yes,yes,yes,0.067342,yes,yes,yes
2_1_5_LastOpposingOverlapRouteSection_group6,Theorem,Theorem,yes,18.8209017,Theorem,unsat,unsat,yes,unsat,yes,yes,yes,yes,yes,0.0681399,yes,yes,yes
2_1_5_LastOpposingOverlapRouteSection_group7,Theorem,CounterSatisfiable,no,18.7625206,Theorem,unsat,unsat,yes,unsat,yes,yes,yes,yes,yes,0.0673459,yes,yes,yes
2_1_5_LastOpposingOverlapRouteSection_group8,Theorem,CounterSatisfiable,no,18.847213,Theorem,unsat,unsat,yes,unsat,yes,yes,yes,yes,yes,0.0680594,yes,yes,yes
2_1_6_PointsInTheRoute_group0,Theorem,CounterSatisfiable,no,18.8156679,Theorem,unsat,sat,no,unsat,yes,yes,yes,yes,yes,0.0673369,yes,yes,yes
2_1_6_PointsInTheRoute_group1,Theorem,CounterSatisfiable,no,18.8802463,Theorem,unsat,sat,no,unsat,yes,yes,yes,yes,yes,0.0654292,yes,yes,yes
2_1_6_PointsInTheRoute_group10,Theorem,CounterSatisfiable,no,18.9136019,Theorem,unsat,sat,no,unsat,yes,yes,yes,yes,yes,0.0693281,yes,yes,yes
2_1_6_PointsInTheRoute_group11,Theorem,CounterSatisfiable,no,18.9182772,Theorem,unsat,sat,no,unsat,yes,yes,yes,yes,yes,0.0643165,yes,yes,yes
2_1_6_PointsInTheRoute_group12,Theorem,CounterSatisfiable,no,18.7680212,Theorem,unsat,sat,no,unsat,yes,yes,yes,yes,yes,0.0680443,yes,yes,yes
2_1_6_PointsInTheRoute_group13,Theorem,CounterSatisfiable,no,19.0027366,Theorem,unsat,sat,no,unsat,yes,yes,yes,yes,yes,0.0667254,yes,yes,yes
2_1_6_PointsInTheRoute_group14,Theorem,CounterSatisfiable,no,19.0265221,Theorem,unsat,sat,no,unsat,yes,yes,yes,yes,yes,0.0637757,yes,yes,yes
2_1_6_PointsInTheRoute_group15,Theorem,CounterSatisfiable,no,18.7848761,Theorem,unsat,sat,no,unsat,yes,yes,yes,yes,yes,0.0664402,yes,yes,yes
2_1_6_PointsInTheRoute_group16,Theorem,CounterSatisfiable,no,18.9032441,Theorem,unsat,sat,no,unsat,yes,yes,yes,yes,yes,0.0721364,yes,yes,yes
2_1_6_PointsInTheRoute_group17,Theorem,CounterSatisfiable,no,18.8152861,Theorem,unsat,sat,no,unsat,yes,yes,yes,yes,yes,0.0624767,yes,yes,yes
2_1_6_PointsInTheRoute_group18,Theorem,CounterSatisfiable,no,18.9834777,Theorem,unsat,sat,no,unsat,yes,yes,yes,yes,yes,0.0652812,yes,yes,yes
2_1_6_PointsInTheRoute_group19,Theorem,CounterSatisfiable,no,19.1519005,Theorem,unsat,sat,no,unsat,yes,yes,yes,yes,yes,0.0637907,yes,yes,yes
2_1_6_PointsInTheRoute_group2,Theorem,CounterSatisfiable,no,18.7373712,Theorem,unsat,sat,no,unsat,yes,yes,yes,yes,yes,0.0659047,yes,yes,yes
2_1_6_PointsInTheRoute_group20,Theorem,CounterSatisfiable,no,18.7861937,Theorem,unsat,sat,no,unsat,yes,yes,yes,yes,yes,0.0702335,yes,yes,yes
2_1_6_PointsInTheRoute_group21,Theorem,CounterSatisfiable,no,18.8275349,Theorem,unsat,sat,no,unsat,yes,yes,yes,yes,yes,0.0582895,yes,yes,yes
2_1_6_PointsInTheRoute_group3,Theorem,CounterSatisfiable,no,18.75222,Theorem,unsat,sat,no,unsat,yes,yes,yes,yes,yes,0.0626847,yes,yes,yes
2_1_6_PointsInTheRoute_group4,Theorem,CounterSatisfiable,no,19.0789895,Theorem,unsat,sat,no,unsat,yes,yes,yes,yes,yes,0.0643928,yes,yes,yes
2_1_6_PointsInTheRoute_group5,Theorem,CounterSatisfiable,no,18.9281027,Theorem,unsat,sat,no,unsat,yes,yes,yes,yes,yes,0.0647509,yes,yes,yes
2_1_6_PointsInTheRoute_group6,Theorem,CounterSatisfiable,no,18.8692488,Theorem,unsat,sat,no,unsat,yes,yes,yes,yes,yes,0.0676235,yes,yes,yes
2_1_6_PointsInTheRoute_group7,Theorem,CounterSatisfiable,no,18.6233758,Theorem,unsat,sat,no,unsat,yes,yes,yes,yes,yes,0.0746907,yes,yes,yes
2_1_6_PointsInTheRoute_group8,Theorem,CounterSatisfiable,no,18.7700164,Theorem,unsat,sat,no,unsat,yes,yes,yes,yes,yes,0.0693127,yes,yes,yes
2_1_6_PointsInTheRoute_group9,Theorem,CounterSatisfiable,no,18.7855575,Theorem,unsat,sat,no,unsat,yes,yes,yes,yes,yes,0.0703585,yes,yes,yes
2_1_8_PointsInTheOverlap_group0,Theorem,CounterSatisfiable,no,19.1628278,Theorem,unsat,sat,no,unsat,yes,yes,yes,yes,yes,0.0679385,yes,yes,yes
2_1_8_PointsInTheOverlap_group1,Theorem,CounterSatisfiable,no,18.7173207,Theorem,unsat,sat,no,unsat,yes,yes,yes,yes,yes,0.0655981,yes,yes,yes
2_1_8_PointsInTheOverlap_group2,Theorem,CounterSatisfiable,no,18.7952877,Theorem,unsat,sat,no,unsat,yes,yes,yes,yes,yes,0.0717514,yes,yes,yes
2_1_8_PointsInTheOverlap_group3,Theorem,CounterSatisfiable,no,18.7556197,Theorem,unsat,sat,no,unsat,yes,yes,yes,yes,yes,0.0696561,yes,yes,yes
2_2_1_ProceedAspectWithRouteSet_group0,Theorem,Theorem,yes,18.5176524,Theorem,unsat,unsat,yes,unsat,yes,yes,yes,yes,yes,0.0655941,yes,yes,yes
2_2_1_ProceedAspectWithRouteSet_group1,Theorem,Theorem,yes,18.5046666,Theorem,unsat,unsat,yes,unsat,yes,yes,yes,yes,yes,0.067829,yes,yes,yes
2_2_1_ProceedAspectWithRouteSet_group10,Theorem,Theorem,yes,18.5346784,Theorem,unsat,unsat,yes,unsat,yes,yes,yes,yes,yes,0.0639385,yes,yes,yes
2_2_1_ProceedAspectWithRouteSet_group11,Theorem,Theorem,yes,18.6355578,Theorem,unsat,unsat,yes,unsat,yes,yes,yes,yes,yes,0.0636817,yes,yes,yes
2_2_1_ProceedAspectWithRouteSet_group12,Theorem,Theorem,yes,18.5944303,Theorem,unsat,unsat,yes,unsat,yes,yes,yes,yes,yes,0.066781,yes,yes,yes
2_2_1_ProceedAspectWithRouteSet_group13,Theorem,Theorem,yes,18.6632279,Theorem,unsat,unsat,yes,unsat,yes,yes,yes,yes,yes,0.0652615,yes,yes,yes
2_2_1_ProceedAspectWithRouteSet_group14,Theorem,Theorem,yes,18.6239039,Theorem,unsat,unsat,yes,unsat,yes,yes,yes,yes,yes,0.0691251,yes,yes,yes
2_2_1_ProceedAspectWithRouteSet_group15,Theorem,Theorem,yes,18.47871,Theorem,unsat,unsat,yes,unsat,yes,yes,yes,yes,yes,0.0658277,yes,yes,yes
2_2_1_ProceedAspectWithRouteSet_group16,Theorem,Theorem,yes,18.4136269,Theorem,unsat,unsat,yes,unsat,yes,yes,yes,yes,yes,0.0676792,yes,yes,yes
2_2_1_ProceedAspectWithRouteSet_group17,Theorem,Theorem,yes,18.4726739,Theorem,unsat,unsat,yes,unsat,yes,yes,yes,yes,yes,0.0713494,yes,yes,yes
2_2_1_ProceedAspectWithRouteSet_group2,Theorem,Theorem,yes,18.597602,Theorem,unsat,unsat,yes,unsat,yes,yes,yes,yes,yes,0.0655,yes,yes,yes
2_2_1_ProceedAspectWithRouteSet_group3,Theorem,Theorem,yes,18.5021895,Theorem,unsat,unsat,yes,unsat,yes,yes,yes,yes,yes,0.0627885,yes,yes,yes
2_2_1_ProceedAspectWithRouteSet_group4,Theorem,Theorem,yes,18.5094791,Theorem,unsat,unsat,yes,unsat,yes,yes,yes,yes,yes,0.0699597,yes,yes,yes
2_2_1_ProceedAspectWithRouteSet_group5,Theorem,Theorem,yes,18.4456667,Theorem,unsat,unsat,yes,unsat,yes,yes,yes,yes,yes,0.0672725,yes,yes,yes
2_2_1_ProceedAspectWithRouteSet_group6,Theorem,Theorem,yes,18.6168444,Theorem,unsat,unsat,yes,unsat,yes,yes,yes,yes,yes,0.0676637,yes,yes,yes
2_2_1_ProceedAspectWithRouteSet_group7,Theorem,Theorem,yes,18.5366644,Theorem,unsat,unsat,yes,unsat,yes,yes,yes,yes,yes,0.0670457,yes,yes,yes
2_2_1_ProceedAspectWithRouteSet_group8,Theorem,Theorem,yes,18.5004122,Theorem,unsat,unsat,yes,unsat,yes,yes,yes,yes,yes,0.0688281,yes,yes,yes
2_2_1_ProceedAspectWithRouteSet_group9,Theorem,Theorem,yes,18.4703132,Theorem,unsat,unsat,yes,unsat,yes,yes,yes,yes,yes,0.0673895,yes,yes,yes
2_2_12_ProceedMCBCCTVCrossing_group0,Theorem,Theorem,yes,18.6414583,Theorem,unsat,unsat,yes,unsat,yes,yes,yes,yes,yes,0.0641876,yes,yes,yes
2_2_12_ProceedMCBCCTVCrossing_group1,Theorem,Theorem,yes,18.7848337,Theorem,unsat,unsat,yes,unsat,yes,yes,yes,yes,yes,0.068952,yes,yes,yes
2_2_12_ProceedMCBCCTVCrossing_group2,Theorem,Theorem,yes,18.6868453,Theorem,unsat,unsat,yes,unsat,yes,yes,yes,yes,yes,0.0683941,yes,yes,yes
2_2_12_ProceedMCBCCTVCrossing_group3,Theorem,Theorem,yes,18.7085604,Theorem,unsat,unsat,yes,unsat,yes,yes,yes,yes,yes,0.0628875,yes,yes,yes
2_2_16_ProceedWithExitSignal_group0,Theorem,CounterSatisfiable,no,18.6851367,Theorem,unsat,unsat,yes,unsat,yes,yes,yes,yes,yes,0.0573417,yes,yes,yes
2_2_16_ProceedWithExitSignal_group1,Theorem,CounterSatisfiable,no,18.8677044,Theorem,unsat,unsat,yes,unsat,yes,yes,yes,yes,yes,0.0762575,yes,yes,yes
2_2_16_ProceedWithExitSignal_group10,Theorem,CounterSatisfiable,no,18.8032606,Theorem,unsat,unsat,yes,unsat,yes,yes,yes,yes,yes,0.066136,yes,yes,yes
2_2_16_ProceedWithExitSignal_group11,Theorem,CounterSatisfiable,no,18.8219651,Theorem,unsat,unsat,yes,unsat,yes,yes,yes,yes,yes,0.0654595,yes,yes,yes
2_2_16_ProceedWithExitSignal_group12,Theorem,CounterSatisfiable,no,18.6651243,Theorem,unsat,unsat,yes,unsat,yes,yes,yes,yes,yes,0.0643405,yes,yes,yes
2_2_16_ProceedWithExitSignal_group13,Theorem,Theorem,yes,18.6402467,Theorem,unsat,unsat,yes,unsat,yes,yes,yes,yes,yes,0.0634228,yes,yes,yes
2_2_16_ProceedWithExitSignal_group14,Theorem,Theorem,yes,18.5005172,Theorem,unsat,unsat,yes,unsat,yes,yes,yes,yes,yes,0.0656205,yes,yes,yes
2_2_16_ProceedWithExitSignal_group15,Theorem,Theorem,yes,18.5712915,Theorem,unsat,unsat,yes,unsat,yes,yes,yes,yes,yes,0.0734723,yes,yes,yes
2_2_16_ProceedWithExitSignal_group16,Theorem,Theorem,yes,18.516661,Theorem,unsat,unsat,yes,unsat,yes,yes,yes,yes,yes,0.0577651,yes,yes,yes
2_2_16_ProceedWithExitSignal_group2,Theorem,CounterSatisfiable,no,18.9540671,Theorem,unsat,unsat,yes,unsat,yes,yes,yes,yes,yes,0.0638349,yes,yes,yes
2_2_16_ProceedWithExitSignal_group3,Theorem,CounterSatisfiable,no,18.6934792,Theorem,unsat,unsat,yes,unsat,yes,yes,yes,yes,yes,0.0711257,yes,yes,yes
2_2_16_ProceedWithExitSignal_group4,Theorem,CounterSatisfiable,no,18.9691728,Theorem,unsat,unsat,yes,unsat,yes,yes,yes,yes,yes,0.0655431,yes,yes,yes
2_2_16_ProceedWithExitSignal_group5,Theorem,CounterSatisfiable,no,18.9115299,Theorem,unsat,unsat,yes,unsat,yes,yes,yes,yes,yes,0.0676106,yes,yes,yes
2_2_16_ProceedWithExitSignal_group6,Theorem,CounterSatisfiable,no,18.6964504,Theorem,unsat,unsat,yes,unsat,yes,yes,yes,yes,yes,0.0670975,yes,yes,yes
2_2_16_ProceedWithExitSignal_group7,Theorem,CounterSatisfiable,no,18.8760415,Theorem,unsat,unsat,yes,unsat,yes,yes,yes,yes,yes,0.066274,yes,yes,yes
2_2_16_ProceedWithExitSignal_group8,Theorem,Theorem,yes,18.5778104,Theorem,unsat,unsat,yes,unsat,yes,yes,yes,yes,yes,0.0718475,yes,yes,yes
2_2_16_ProceedWithExitSignal_group9,Theorem,CounterSatisfiable,no,18.6272693,Theorem,unsat,unsat,yes,unsat,yes,yes,yes,yes,yes,0.0672978,yes,yes,yes
2_2_2_ProceedWithRouteSectionsLocked_group0,Theorem,CounterSatisfiable,no,18.8855653,CounterSatisfiable,unsat,unsat,yes,unsat,yes,yes,yes,yes,yes,0.0635028,yes,yes,yes
2_2_2_ProceedWithRouteSectionsLocked_group1,Theorem,CounterSatisfiable,no,18.8105009,CounterSatisfiable,"(error ""line 32741 column 318: unknown constant NUSR_dot__op_N_cp_P1506B_1"")sat","(error ""line 38710 column 318: unknown constant NUSR_dot__op_N_cp_P1506B_1"")(error ""line 38711 column 318: unknown constant NUSR_dot__op_N_cp_P1506B_2"")sat",no,"(error ""line 1507049 column 348: unknown constant NUSR_dot__op_N_cp_P1506B_1"")(error ""line 1507050 column 348: unknown constant NUSR_dot__op_N_cp_P1506B_2"")(error ""line 1507051 column 348: unknown constant NUSR_dot__op_N_cp_P1506B_3"")(error ""line 1507052 column 348: unknown constant NUSR_dot__op_N_cp_P1506B_4"")(error ""line 1507053 column 348: unknown constant NUSR_dot__op_N_cp_P1506B_5"")(error ""line 1507054 column 348: unknown constant NUSR_dot__op_N_cp_P1506B_6"")(error ""line 1507055 column 348: unknown constant NUSR_dot__op_N_cp_P1506B_7"")(error ""line 1507056 column 348: unknown constant NUSR_dot__op_N_cp_P1506B_8"")(error ""line 1507057 column 348: unknown constant NUSR_dot__op_N_cp_P1506B_9"")(error ""line 1507058 column 353: unknown constant NUSR_dot__op_N_cp_P1506B_10"")(error ""line 1507059 column 357: unknown constant NUSR_dot__op_N_cp_P1506B_11"")(error ""line 1507060 column 357: unknown constant NUSR_dot__op_N_cp_P1506B_12"")(error ""line 1507061 column 357: unknown constant NUSR_dot__op_N_cp_P1506B_13"")(error ""line 1507062 column 357: unknown constant NUSR_dot__op_N_cp_P1506B_14"")(error ""line 1507063 column 357: unknown constant NUSR_dot__op_N_cp_P1506B_15"")(error ""line 1507064 column 357: unknown constant NUSR_dot__op_N_cp_P1506B_16"")(error ""line 1507065 column 357: unknown constant NUSR_dot__op_N_cp_P1506B_17"")(error ""line 1507066 column 357: unknown constant NUSR_dot__op_N_cp_P1506B_18"")(error ""line 1507067 column 357: unknown constant NUSR_dot__op_N_cp_P1506B_19"")(error ""line 1507068 column 357: unknown constant NUSR_dot__op_N_cp_P1506B_20"")(error ""line 1507069 column 357: unknown constant NUSR_dot__op_N_cp_P1506B_21"")(error ""line 1507070 column 357: unknown constant NUSR_dot__op_N_cp_P1506B_22"")(error ""line 1507071 column 357: unknown constant NUSR_dot__op_N_cp_P1506B_23"")(error ""line 1507072 column 357: unknown constant NUSR_dot__op_N_cp_P1506B_24"")(error ""line 1507073 column 357: unknown constant NUSR_dot__op_N_cp_P1506B_25"")(error ""line 1507074 column 357: unknown constant NUSR_dot__op_N_cp_P1506B_26"")(error ""line 1507075 column 357: unknown constant NUSR_dot__op_N_cp_P1506B_27"")(error ""line 1507076 column 357: unknown constant NUSR_dot__op_N_cp_P1506B_28"")(error ""line 1507077 column 357: unknown constant NUSR_dot__op_N_cp_P1506B_29"")(error ""line 1507078 column 357: unknown constant NUSR_dot__op_N_cp_P1506B_30"")(error ""line 1507079 column 357: unknown constant NUSR_dot__op_N_cp_P1506B_31"")(error ""line 1507080 column 357: unknown constant NUSR_dot__op_N_cp_P1506B_32"")(error ""line 1507081 column 357: unknown constant NUSR_dot__op_N_cp_P1506B_33"")(error ""line 1507082 column 357: unknown constant NUSR_dot__op_N_cp_P1506B_34"")(error ""line 1507083 column 357: unknown constant NUSR_dot__op_N_cp_P1506B_35"")(error ""line 1507084 column 357: unknown constant NUSR_dot__op_N_cp_P1506B_36"")(error ""line 1507085 column 357: unknown constant NUSR_dot__op_N_cp_P1506B_37"")(error ""line 1507086 column 357: unknown constant NUSR_dot__op_N_cp_P1506B_38"")(error ""line 1507087 column 357: unknown constant NUSR_dot__op_N_cp_P1506B_39"")(error ""line 1507088 column 357: unknown constant NUSR_dot__op_N_cp_P1506B_40"")(error ""line 1507089 column 357: unknown constant NUSR_dot__op_N_cp_P1506B_41"")(error ""line 1507090 column 357: unknown constant NUSR_dot__op_N_cp_P1506B_42"")(error ""line 1507091 column 357: unknown constant NUSR_dot__op_N_cp_P1506B_43"")(error ""line 1507092 column 357: unknown constant NUSR_dot__op_N_cp_P1506B_44"")(error ""line 1507093 column 357: unknown constant NUSR_dot__op_N_cp_P1506B_45"")(error ""line 1507094 column 357: unknown constant NUSR_dot__op_N_cp_P1506B_46"")(error ""line 1507095 column 357: unknown constant NUSR_dot__op_N_cp_P1506B_47"")(error ""line 1507096 column 357: unknown constant NUSR_dot__op_N_cp_P1506B_48"")(error ""line 1507097 column 357: unknown constant NUSR_dot__op_N_cp_P1506B_49"")(error ""line 1507098 column 357: unknown constant NUSR_dot__op_N_cp_P1506B_50"")(error ""line 1507099 column 357: unknown constant NUSR_dot__op_N_cp_P1506B_51"")(error ""line 1507100 column 357: unknown constant NUSR_dot__op_N_cp_P1506B_52"")(error ""line 1507101 column 357: unknown constant NUSR_dot__op_N_cp_P1506B_53"")(error ""line 1507102 column 357: unknown constant NUSR_dot__op_N_cp_P1506B_54"")(error ""line 1507103 column 357: unknown constant NUSR_dot__op_N_cp_P1506B_55"")(error ""line 1507104 column 357: unknown constant NUSR_dot__op_N_cp_P1506B_56"")(error ""line 1507105 column 357: unknown constant NUSR_dot__op_N_cp_P1506B_57"")(error ""line 1507106 column 357: unknown constant NUSR_dot__op_N_cp_P1506B_58"")(error ""line 1507107 column 357: unknown constant NUSR_dot__op_N_cp_P1506B_59"")(error ""line 1507108 column 357: unknown constant NUSR_dot__op_N_cp_P1506B_60"")(error ""line 1507109 column 357: unknown constant NUSR_dot__op_N_cp_P1506B_61"")(error ""line 1507110 column 357: unknown constant NUSR_dot__op_N_cp_P1506B_62"")(error ""line 1507111 column 357: unknown constant NUSR_dot__op_N_cp_P1506B_63"")(error ""line 1507112 column 357: unknown constant NUSR_dot__op_N_cp_P1506B_64"")(error ""line 1507113 column 357: unknown constant NUSR_dot__op_N_cp_P1506B_65"")(error ""line 1507114 column 357: unknown constant NUSR_dot__op_N_cp_P1506B_66"")(error ""line 1507115 column 357: unknown constant NUSR_dot__op_N_cp_P1506B_67"")(error ""line 1507116 column 357: unknown constant NUSR_dot__op_N_cp_P1506B_68"")(error ""line 1507117 column 357: unknown constant NUSR_dot__op_N_cp_P1506B_69"")(error ""line 1507118 column 357: unknown constant NUSR_dot__op_N_cp_P1506B_70"")(error ""line 1507119 column 357: unknown constant NUSR_dot__op_N_cp_P1506B_71"")(error ""line 1507120 column 357: unknown constant NUSR_dot__op_N_cp_P1506B_72"")(error ""line 1507121 column 357: unknown constant NUSR_dot__op_N_cp_P1506B_73"")(error ""line 1507122 column 357: unknown constant NUSR_dot__op_N_cp_P1506B_74"")(error ""line 1507123 column 357: unknown constant NUSR_dot__op_N_cp_P1506B_75"")(error ""line 1507124 column 357: unknown constant NUSR_dot__op_N_cp_P1506B_76"")(error ""line 1507125 column 357: unknown constant NUSR_dot__op_N_cp_P1506B_77"")(error ""line 1507126 column 357: unknown constant NUSR_dot__op_N_cp_P1506B_78"")(error ""line 1507127 column 357: unknown constant NUSR_dot__op_N_cp_P1506B_79"")(error ""line 1507128 column 357: unknown constant NUSR_dot__op_N_cp_P1506B_80"")(error ""line 1507129 column 357: unknown constant NUSR_dot__op_N_cp_P1506B_81"")(error ""line 1507130 column 357: unknown constant NUSR_dot__op_N_cp_P1506B_82"")(error ""line 1507131 column 357: unknown constant NUSR_dot__op_N_cp_P1506B_83"")(error ""line 1507132 column 357: unknown constant NUSR_dot__op_N_cp_P1506B_84"")(error ""line 1507133 column 357: unknown constant NUSR_dot__op_N_cp_P1506B_85"")(error ""line 1507134 column 357: unknown constant NUSR_dot__op_N_cp_P1506B_86"")(error ""line 1507135 column 357: unknown constant NUSR_dot__op_N_cp_P1506B_87"")(error ""line 1507136 column 357: unknown constant NUSR_dot__op_N_cp_P1506B_88"")(error ""line 1507137 column 357: unknown constant NUSR_dot__op_N_cp_P1506B_89"")(error ""line 1507138 column 357: unknown constant NUSR_dot__op_N_cp_P1506B_90"")(error ""line 1507139 column 357: unknown constant NUSR_dot__op_N_cp_P1506B_91"")(error ""line 1507140 column 357: unknown constant NUSR_dot__op_N_cp_P1506B_92"")(error ""line 1507141 column 357: unknown constant NUSR_dot__op_N_cp_P1506B_93"")(error ""line 1507142 column 357: unknown constant NUSR_dot__op_N_cp_P1506B_94"")(error ""line 1507143 column 357: unknown constant NUSR_dot__op_N_cp_P1506B_95"")(error ""line 1507144 column 357: unknown constant NUSR_dot__op_N_cp_P1506B_96"")(error ""line 1507145 column 357: unknown constant NUSR_dot__op_N_cp_P1506B_97"")(error ""line 1507146 column 357: unknown constant NUSR_dot__op_N_cp_P1506B_98"")(error ""line 1507147 column 357: unknown constant NUSR_dot__op_N_cp_P1506B_99"")(error ""line 1507148 column 362: unknown constant NUSR_dot__op_N_cp_P1506B_100"")sat",N/A => Expected predicate keys to be pre-included in a dictionary.,yes,yes,yes,N/A => Expected predicate keys to be pre-included in a dictionary.,0,yes,yes,yes
2_2_2_ProceedWithRouteSectionsLocked_group10,Theorem,CounterSatisfiable,no,18.9190257,Theorem,unsat,unsat,yes,unsat,yes,yes,yes,yes,yes,0.072305,yes,yes,yes
2_2_2_ProceedWithRouteSectionsLocked_group11,Theorem,CounterSatisfiable,no,18.824247,Theorem,unsat,unsat,yes,unsat,yes,yes,yes,yes,yes,0.0674179,yes,yes,yes
2_2_2_ProceedWithRouteSectionsLocked_group12,Theorem,CounterSatisfiable,no,18.8683554,Theorem,unsat,unsat,yes,unsat,yes,yes,yes,yes,yes,0.064986,yes,yes,yes
2_2_2_ProceedWithRouteSectionsLocked_group13,Theorem,CounterSatisfiable,no,18.6819666,CounterSatisfiable,unsat,unsat,yes,unsat,yes,yes,yes,yes,yes,0.066573,yes,yes,yes
2_2_2_ProceedWithRouteSectionsLocked_group14,Theorem,CounterSatisfiable,no,18.803799,Theorem,unsat,unsat,yes,unsat,yes,yes,yes,yes,yes,0.0652219,yes,yes,yes
2_2_2_ProceedWithRouteSectionsLocked_group15,Theorem,Theorem,yes,18.5737415,Theorem,unsat,unsat,yes,unsat,yes,yes,yes,yes,yes,0.0653609,yes,yes,yes
2_2_2_ProceedWithRouteSectionsLocked_group16,Theorem,CounterSatisfiable,no,18.8709972,Theorem,unsat,unsat,yes,unsat,yes,yes,yes,yes,yes,0.0660486,yes,yes,yes
2_2_2_ProceedWithRouteSectionsLocked_group17,Theorem,Theorem,yes,18.7252436,Theorem,unsat,unsat,yes,unsat,yes,yes,yes,yes,yes,0.0683545,yes,yes,yes
2_2_2_ProceedWithRouteSectionsLocked_group18,Theorem,CounterSatisfiable,no,18.9063695,CounterSatisfiable,"(error ""line 32741 column 192: unknown constant OUSR_dot__op_N_cp_P1508A_0"")sat","(error ""line 38710 column 192: unknown constant OUSR_dot__op_N_cp_P1508A_0"")(error ""line 38711 column 192: unknown constant OUSR_dot__op_N_cp_P1508A_1"")sat",no,"(error ""line 1507049 column 222: unknown constant OUSR_dot__op_N_cp_P1508A_0"")(error ""line 1507050 column 222: unknown constant OUSR_dot__op_N_cp_P1508A_1"")(error ""line 1507051 column 222: unknown constant OUSR_dot__op_N_cp_P1508A_2"")(error ""line 1507052 column 222: unknown constant OUSR_dot__op_N_cp_P1508A_3"")(error ""line 1507053 column 222: unknown constant OUSR_dot__op_N_cp_P1508A_4"")(error ""line 1507054 column 222: unknown constant OUSR_dot__op_N_cp_P1508A_5"")(error ""line 1507055 column 222: unknown constant OUSR_dot__op_N_cp_P1508A_6"")(error ""line 1507056 column 222: unknown constant OUSR_dot__op_N_cp_P1508A_7"")(error ""line 1507057 column 222: unknown constant OUSR_dot__op_N_cp_P1508A_8"")(error ""line 1507058 column 224: unknown constant OUSR_dot__op_N_cp_P1508A_9"")(error ""line 1507059 column 228: unknown constant OUSR_dot__op_N_cp_P1508A_10"")(error ""line 1507060 column 228: unknown constant OUSR_dot__op_N_cp_P1508A_11"")(error ""line 1507061 column 228: unknown constant OUSR_dot__op_N_cp_P1508A_12"")(error ""line 1507062 column 228: unknown constant OUSR_dot__op_N_cp_P1508A_13"")(error ""line 1507063 column 228: unknown constant OUSR_dot__op_N_cp_P1508A_14"")(error ""line 1507064 column 228: unknown constant OUSR_dot__op_N_cp_P1508A_15"")(error ""line 1507065 column 228: unknown constant OUSR_dot__op_N_cp_P1508A_16"")(error ""line 1507066 column 228: unknown constant OUSR_dot__op_N_cp_P1508A_17"")(error ""line 1507067 column 228: unknown constant OUSR_dot__op_N_cp_P1508A_18"")(error ""line 1507068 column 228: unknown constant OUSR_dot__op_N_cp_P1508A_19"")(error ""line 1507069 column 228: unknown constant OUSR_dot__op_N_cp_P1508A_20"")(error ""line 1507070 column 228: unknown constant OUSR_dot__op_N_cp_P1508A_21"")(error ""line 1507071 column 228: unknown constant OUSR_dot__op_N_cp_P1508A_22"")(error ""line 1507072 column 228: unknown constant OUSR_dot__op_N_cp_P1508A_23"")(error ""line 1507073 column 228: unknown constant OUSR_dot__op_N_cp_P1508A_24"")(error ""line 1507074 column 228: unknown constant OUSR_dot__op_N_cp_P1508A_25"")(error ""line 1507075 column 228: unknown constant OUSR_dot__op_N_cp_P1508A_26"")(error ""line 1507076 column 228: unknown constant OUSR_dot__op_N_cp_P1508A_27"")(error ""line 1507077 column 228: unknown constant OUSR_dot__op_N_cp_P1508A_28"")(error ""line 1507078 column 228: unknown constant OUSR_dot__op_N_cp_P1508A_29"")(error ""line 1507079 column 228: unknown constant OUSR_dot__op_N_cp_P1508A_30"")(error ""line 1507080 column 228: unknown constant OUSR_dot__op_N_cp_P1508A_31"")(error ""line 1507081 column 228: unknown constant OUSR_dot__op_N_cp_P1508A_32"")(error ""line 1507082 column 228: unknown constant OUSR_dot__op_N_cp_P1508A_33"")(error ""line 1507083 column 228: unknown constant OUSR_dot__op_N_cp_P1508A_34"")(error ""line 1507084 column 228: unknown constant OUSR_dot__op_N_cp_P1508A_35"")(error ""line 1507085 column 228: unknown constant OUSR_dot__op_N_cp_P1508A_36"")(error ""line 1507086 column 228: unknown constant OUSR_dot__op_N_cp_P1508A_37"")(error ""line 1507087 column 228: unknown constant OUSR_dot__op_N_cp_P1508A_38"")(error ""line 1507088 column 228: unknown constant OUSR_dot__op_N_cp_P1508A_39"")(error ""line 1507089 column 228: unknown constant OUSR_dot__op_N_cp_P1508A_40"")(error ""line 1507090 column 228: unknown constant OUSR_dot__op_N_cp_P1508A_41"")(error ""line 1507091 column 228: unknown constant OUSR_dot__op_N_cp_P1508A_42"")(error ""line 1507092 column 228: unknown constant OUSR_dot__op_N_cp_P1508A_43"")(error ""line 1507093 column 228: unknown constant OUSR_dot__op_N_cp_P1508A_44"")(error ""line 1507094 column 228: unknown constant OUSR_dot__op_N_cp_P1508A_45"")(error ""line 1507095 column 228: unknown constant OUSR_dot__op_N_cp_P1508A_46"")(error ""line 1507096 column 228: unknown constant OUSR_dot__op_N_cp_P1508A_47"")(error ""line 1507097 column 228: unknown constant OUSR_dot__op_N_cp_P1508A_48"")(error ""line 1507098 column 228: unknown constant OUSR_dot__op_N_cp_P1508A_49"")(error ""line 1507099 column 228: unknown constant OUSR_dot__op_N_cp_P1508A_50"")(error ""line 1507100 column 228: unknown constant OUSR_dot__op_N_cp_P1508A_51"")(error ""line 1507101 column 228: unknown constant OUSR_dot__op_N_cp_P1508A_52"")(error ""line 1507102 column 228: unknown constant OUSR_dot__op_N_cp_P1508A_53"")(error ""line 1507103 column 228: unknown constant OUSR_dot__op_N_cp_P1508A_54"")(error ""line 1507104 column 228: unknown constant OUSR_dot__op_N_cp_P1508A_55"")(error ""line 1507105 column 228: unknown constant OUSR_dot__op_N_cp_P1508A_56"")(error ""line 1507106 column 228: unknown constant OUSR_dot__op_N_cp_P1508A_57"")(error ""line 1507107 column 228: unknown constant OUSR_dot__op_N_cp_P1508A_58"")(error ""line 1507108 column 228: unknown constant OUSR_dot__op_N_cp_P1508A_59"")(error ""line 1507109 column 228: unknown constant OUSR_dot__op_N_cp_P1508A_60"")(error ""line 1507110 column 228: unknown constant OUSR_dot__op_N_cp_P1508A_61"")(error ""line 1507111 column 228: unknown constant OUSR_dot__op_N_cp_P1508A_62"")(error ""line 1507112 column 228: unknown constant OUSR_dot__op_N_cp_P1508A_63"")(error ""line 1507113 column 228: unknown constant OUSR_dot__op_N_cp_P1508A_64"")(error ""line 1507114 column 228: unknown constant OUSR_dot__op_N_cp_P1508A_65"")(error ""line 1507115 column 228: unknown constant OUSR_dot__op_N_cp_P1508A_66"")(error ""line 1507116 column 228: unknown constant OUSR_dot__op_N_cp_P1508A_67"")(error ""line 1507117 column 228: unknown constant OUSR_dot__op_N_cp_P1508A_68"")(error ""line 1507118 column 228: unknown constant OUSR_dot__op_N_cp_P1508A_69"")(error ""line 1507119 column 228: unknown constant OUSR_dot__op_N_cp_P1508A_70"")(error ""line 1507120 column 228: unknown constant OUSR_dot__op_N_cp_P1508A_71"")(error ""line 1507121 column 228: unknown constant OUSR_dot__op_N_cp_P1508A_72"")(error ""line 1507122 column 228: unknown constant OUSR_dot__op_N_cp_P1508A_73"")(error ""line 1507123 column 228: unknown constant OUSR_dot__op_N_cp_P1508A_74"")(error ""line 1507124 column 228: unknown constant OUSR_dot__op_N_cp_P1508A_75"")(error ""line 1507125 column 228: unknown constant OUSR_dot__op_N_cp_P1508A_76"")(error ""line 1507126 column 228: unknown constant OUSR_dot__op_N_cp_P1508A_77"")(error ""line 1507127 column 228: unknown constant OUSR_dot__op_N_cp_P1508A_78"")(error ""line 1507128 column 228: unknown constant OUSR_dot__op_N_cp_P1508A_79"")(error ""line 1507129 column 228: unknown constant OUSR_dot__op_N_cp_P1508A_80"")(error ""line 1507130 column 228: unknown constant OUSR_dot__op_N_cp_P1508A_81"")(error ""line 1507131 column 228: unknown constant OUSR_dot__op_N_cp_P1508A_82"")(error ""line 1507132 column 228: unknown constant OUSR_dot__op_N_cp_P1508A_83"")(error ""line 1507133 column 228: unknown constant OUSR_dot__op_N_cp_P1508A_84"")(error ""line 1507134 column 228: unknown constant OUSR_dot__op_N_cp_P1508A_85"")(error ""line 1507135 column 228: unknown constant OUSR_dot__op_N_cp_P1508A_86"")(error ""line 1507136 column 228: unknown constant OUSR_dot__op_N_cp_P1508A_87"")(error ""line 1507137 column 228: unknown constant OUSR_dot__op_N_cp_P1508A_88"")(error ""line 1507138 column 228: unknown constant OUSR_dot__op_N_cp_P1508A_89"")(error ""line 1507139 column 228: unknown constant OUSR_dot__op_N_cp_P1508A_90"")(error ""line 1507140 column 228: unknown constant OUSR_dot__op_N_cp_P1508A_91"")(error ""line 1507141 column 228: unknown constant OUSR_dot__op_N_cp_P1508A_92"")(error ""line 1507142 column 228: unknown constant OUSR_dot__op_N_cp_P1508A_93"")(error ""line 1507143 column 228: unknown constant OUSR_dot__op_N_cp_P1508A_94"")(error ""line 1507144 column 228: unknown constant OUSR_dot__op_N_cp_P1508A_95"")(error ""line 1507145 column 228: unknown constant OUSR_dot__op_N_cp_P1508A_96"")(error ""line 1507146 column 228: unknown constant OUSR_dot__op_N_cp_P1508A_97"")(error ""line 1507147 column 228: unknown constant OUSR_dot__op_N_cp_P1508A_98"")(error ""line 1507148 column 230: unknown constant OUSR_dot__op_N_cp_P1508A_99"")sat",N/A => Expected predicate keys to be pre-included in a dictionary.,yes,yes,yes,N/A => Expected predicate keys to be pre-included in a dictionary.,0,yes,yes,yes
2_2_2_ProceedWithRouteSectionsLocked_group19,Theorem,CounterSatisfiable,no,19.1052507,Theorem,unsat,unsat,yes,unsat,yes,yes,yes,yes,yes,0.0657241,yes,yes,yes
2_2_2_ProceedWithRouteSectionsLocked_group2,Theorem,CounterSatisfiable,no,18.8577511,Theorem,unsat,unsat,yes,unsat,yes,yes,yes,yes,yes,0.0668613,yes,yes,yes
2_2_2_ProceedWithRouteSectionsLocked_group20,Theorem,CounterSatisfiable,no,19.0151725,CounterSatisfiable,"(error ""line 32741 column 231: unknown constant OUSR_dot__op_N_cp_P1508A_0"")sat","(error ""line 38710 column 231: unknown constant OUSR_dot__op_N_cp_P1508A_0"")(error ""line 38711 column 231: unknown constant OUSR_dot__op_N_cp_P1508A_1"")sat",no,"(error ""line 1507049 column 261: unknown constant OUSR_dot__op_N_cp_P1508A_0"")(error ""line 1507050 column 261: unknown constant OUSR_dot__op_N_cp_P1508A_1"")(error ""line 1507051 column 261: unknown constant OUSR_dot__op_N_cp_P1508A_2"")(error ""line 1507052 column 261: unknown constant OUSR_dot__op_N_cp_P1508A_3"")(error ""line 1507053 column 261: unknown constant OUSR_dot__op_N_cp_P1508A_4"")(error ""line 1507054 column 261: unknown constant OUSR_dot__op_N_cp_P1508A_5"")(error ""line 1507055 column 261: unknown constant OUSR_dot__op_N_cp_P1508A_6"")(error ""line 1507056 column 261: unknown constant OUSR_dot__op_N_cp_P1508A_7"")(error ""line 1507057 column 261: unknown constant OUSR_dot__op_N_cp_P1508A_8"")(error ""line 1507058 column 263: unknown constant OUSR_dot__op_N_cp_P1508A_9"")(error ""line 1507059 column 268: unknown constant OUSR_dot__op_N_cp_P1508A_10"")(error ""line 1507060 column 268: unknown constant OUSR_dot__op_N_cp_P1508A_11"")(error ""line 1507061 column 268: unknown constant OUSR_dot__op_N_cp_P1508A_12"")(error ""line 1507062 column 268: unknown constant OUSR_dot__op_N_cp_P1508A_13"")(error ""line 1507063 column 268: unknown constant OUSR_dot__op_N_cp_P1508A_14"")(error ""line 1507064 column 268: unknown constant OUSR_dot__op_N_cp_P1508A_15"")(error ""line 1507065 column 268: unknown constant OUSR_dot__op_N_cp_P1508A_16"")(error ""line 1507066 column 268: unknown constant OUSR_dot__op_N_cp_P1508A_17"")(error ""line 1507067 column 268: unknown constant OUSR_dot__op_N_cp_P1508A_18"")(error ""line 1507068 column 268: unknown constant OUSR_dot__op_N_cp_P1508A_19"")(error ""line 1507069 column 268: unknown constant OUSR_dot__op_N_cp_P1508A_20"")(error ""line 1507070 column 268: unknown constant OUSR_dot__op_N_cp_P1508A_21"")(error ""line 1507071 column 268: unknown constant OUSR_dot__op_N_cp_P1508A_22"")(error ""line 1507072 column 268: unknown constant OUSR_dot__op_N_cp_P1508A_23"")(error ""line 1507073 column 268: unknown constant OUSR_dot__op_N_cp_P1508A_24"")(error ""line 1507074 column 268: unknown constant OUSR_dot__op_N_cp_P1508A_25"")(error ""line 1507075 column 268: unknown constant OUSR_dot__op_N_cp_P1508A_26"")(error ""line 1507076 column 268: unknown constant OUSR_dot__op_N_cp_P1508A_27"")(error ""line 1507077 column 268: unknown constant OUSR_dot__op_N_cp_P1508A_28"")(error ""line 1507078 column 268: unknown constant OUSR_dot__op_N_cp_P1508A_29"")(error ""line 1507079 column 268: unknown constant OUSR_dot__op_N_cp_P1508A_30"")(error ""line 1507080 column 268: unknown constant OUSR_dot__op_N_cp_P1508A_31"")(error ""line 1507081 column 268: unknown constant OUSR_dot__op_N_cp_P1508A_32"")(error ""line 1507082 column 268: unknown constant OUSR_dot__op_N_cp_P1508A_33"")(error ""line 1507083 column 268: unknown constant OUSR_dot__op_N_cp_P1508A_34"")(error ""line 1507084 column 268: unknown constant OUSR_dot__op_N_cp_P1508A_35"")(error ""line 1507085 column 268: unknown constant OUSR_dot__op_N_cp_P1508A_36"")(error ""line 1507086 column 268: unknown constant OUSR_dot__op_N_cp_P1508A_37"")(error ""line 1507087 column 268: unknown constant OUSR_dot__op_N_cp_P1508A_38"")(error ""line 1507088 column 268: unknown constant OUSR_dot__op_N_cp_P1508A_39"")(error ""line 1507089 column 268: unknown constant OUSR_dot__op_N_cp_P1508A_40"")(error ""line 1507090 column 268: unknown constant OUSR_dot__op_N_cp_P1508A_41"")(error ""line 1507091 column 268: unknown constant OUSR_dot__op_N_cp_P1508A_42"")(error ""line 1507092 column 268: unknown constant OUSR_dot__op_N_cp_P1508A_43"")(error ""line 1507093 column 268: unknown constant OUSR_dot__op_N_cp_P1508A_44"")(error ""line 1507094 column 268: unknown constant OUSR_dot__op_N_cp_P1508A_45"")(error ""line 1507095 column 268: unknown constant OUSR_dot__op_N_cp_P1508A_46"")(error ""line 1507096 column 268: unknown constant OUSR_dot__op_N_cp_P1508A_47"")(error ""line 1507097 column 268: unknown constant OUSR_dot__op_N_cp_P1508A_48"")(error ""line 1507098 column 268: unknown constant OUSR_dot__op_N_cp_P1508A_49"")(error ""line 1507099 column 268: unknown constant OUSR_dot__op_N_cp_P1508A_50"")(error ""line 1507100 column 268: unknown constant OUSR_dot__op_N_cp_P1508A_51"")(error ""line 1507101 column 268: unknown constant OUSR_dot__op_N_cp_P1508A_52"")(error ""line 1507102 column 268: unknown constant OUSR_dot__op_N_cp_P1508A_53"")(error ""line 1507103 column 268: unknown constant OUSR_dot__op_N_cp_P1508A_54"")(error ""line 1507104 column 268: unknown constant OUSR_dot__op_N_cp_P1508A_55"")(error ""line 1507105 column 268: unknown constant OUSR_dot__op_N_cp_P1508A_56"")(error ""line 1507106 column 268: unknown constant OUSR_dot__op_N_cp_P1508A_57"")(error ""line 1507107 column 268: unknown constant OUSR_dot__op_N_cp_P1508A_58"")(error ""line 1507108 column 268: unknown constant OUSR_dot__op_N_cp_P1508A_59"")(error ""line 1507109 column 268: unknown constant OUSR_dot__op_N_cp_P1508A_60"")(error ""line 1507110 column 268: unknown constant OUSR_dot__op_N_cp_P1508A_61"")(error ""line 1507111 column 268: unknown constant OUSR_dot__op_N_cp_P1508A_62"")(error ""line 1507112 column 268: unknown constant OUSR_dot__op_N_cp_P1508A_63"")(error ""line 1507113 column 268: unknown constant OUSR_dot__op_N_cp_P1508A_64"")(error ""line 1507114 column 268: unknown constant OUSR_dot__op_N_cp_P1508A_65"")(error ""line 1507115 column 268: unknown constant OUSR_dot__op_N_cp_P1508A_66"")(error ""line 1507116 column 268: unknown constant OUSR_dot__op_N_cp_P1508A_67"")(error ""line 1507117 column 268: unknown constant OUSR_dot__op_N_cp_P1508A_68"")(error ""line 1507118 column 268: unknown constant OUSR_dot__op_N_cp_P1508A_69"")(error ""line 1507119 column 268: unknown constant OUSR_dot__op_N_cp_P1508A_70"")(error ""line 1507120 column 268: unknown constant OUSR_dot__op_N_cp_P1508A_71"")(error ""line 1507121 column 268: unknown constant OUSR_dot__op_N_cp_P1508A_72"")(error ""line 1507122 column 268: unknown constant OUSR_dot__op_N_cp_P1508A_73"")(error ""line 1507123 column 268: unknown constant OUSR_dot__op_N_cp_P1508A_74"")(error ""line 1507124 column 268: unknown constant OUSR_dot__op_N_cp_P1508A_75"")(error ""line 1507125 column 268: unknown constant OUSR_dot__op_N_cp_P1508A_76"")(error ""line 1507126 column 268: unknown constant OUSR_dot__op_N_cp_P1508A_77"")(error ""line 1507127 column 268: unknown constant OUSR_dot__op_N_cp_P1508A_78"")(error ""line 1507128 column 268: unknown constant OUSR_dot__op_N_cp_P1508A_79"")(error ""line 1507129 column 268: unknown constant OUSR_dot__op_N_cp_P1508A_80"")(error ""line 1507130 column 268: unknown constant OUSR_dot__op_N_cp_P1508A_81"")(error ""line 1507131 column 268: unknown constant OUSR_dot__op_N_cp_P1508A_82"")(error ""line 1507132 column 268: unknown constant OUSR_dot__op_N_cp_P1508A_83"")(error ""line 1507133 column 268: unknown constant OUSR_dot__op_N_cp_P1508A_84"")(error ""line 1507134 column 268: unknown constant OUSR_dot__op_N_cp_P1508A_85"")(error ""line 1507135 column 268: unknown constant OUSR_dot__op_N_cp_P1508A_86"")(error ""line 1507136 column 268: unknown constant OUSR_dot__op_N_cp_P1508A_87"")(error ""line 1507137 column 268: unknown constant OUSR_dot__op_N_cp_P1508A_88"")(error ""line 1507138 column 268: unknown constant OUSR_dot__op_N_cp_P1508A_89"")(error ""line 1507139 column 268: unknown constant OUSR_dot__op_N_cp_P1508A_90"")(error ""line 1507140 column 268: unknown constant OUSR_dot__op_N_cp_P1508A_91"")(error ""line 1507141 column 268: unknown constant OUSR_dot__op_N_cp_P1508A_92"")(error ""line 1507142 column 268: unknown constant OUSR_dot__op_N_cp_P1508A_93"")(error ""line 1507143 column 268: unknown constant OUSR_dot__op_N_cp_P1508A_94"")(error ""line 1507144 column 268: unknown constant OUSR_dot__op_N_cp_P1508A_95"")(error ""line 1507145 column 268: unknown constant OUSR_dot__op_N_cp_P1508A_96"")(error ""line 1507146 column 268: unknown constant OUSR_dot__op_N_cp_P1508A_97"")(error ""line 1507147 column 268: unknown constant OUSR_dot__op_N_cp_P1508A_98"")(error ""line 1507148 column 270: unknown constant OUSR_dot__op_N_cp_P1508A_99"")sat",N/A => Expected predicate keys to be pre-included in a dictionary.,yes,yes,yes,N/A => Expected predicate keys to be pre-included in a dictionary.,0,yes,yes,yes
2_2_2_ProceedWithRouteSectionsLocked_group21,Theorem,CounterSatisfiable,no,18.8423968,Theorem,unsat,unsat,yes,unsat,yes,yes,yes,yes,yes,0.0638642,yes,yes,yes
2_2_2_ProceedWithRouteSectionsLocked_group22,Theorem,Theorem,yes,18.5751281,Theorem,unsat,unsat,yes,unsat,yes,yes,yes,yes,yes,0.067964,yes,yes,yes
2_2_2_ProceedWithRouteSectionsLocked_group23,Theorem,Theorem,yes,18.5110219,Theorem,unsat,unsat,yes,unsat,yes,yes,yes,yes,yes,0.0930677,yes,yes,yes
2_2_2_ProceedWithRouteSectionsLocked_group24,Theorem,Theorem,yes,18.6324668,Theorem,unsat,unsat,yes,unsat,yes,yes,yes,yes,yes,0.0654639,yes,yes,yes
2_2_2_ProceedWithRouteSectionsLocked_group25,Theorem,Theorem,yes,18.6578619,Theorem,unsat,unsat,yes,unsat,yes,yes,yes,yes,yes,0.063861,yes,yes,yes
2_2_2_ProceedWithRouteSectionsLocked_group26,Theorem,Theorem,yes,18.514786,Theorem,unsat,unsat,yes,unsat,yes,yes,yes,yes,yes,0.0686885,yes,yes,yes
2_2_2_ProceedWithRouteSectionsLocked_group27,Theorem,Theorem,yes,18.5615328,Theorem,unsat,unsat,yes,unsat,yes,yes,yes,yes,yes,0.0686379,yes,yes,yes
2_2_2_ProceedWithRouteSectionsLocked_group3,Theorem,Theorem,yes,18.8142653,Theorem,unsat,unsat,yes,unsat,yes,yes,yes,yes,yes,0.0707452,yes,yes,yes
2_2_2_ProceedWithRouteSectionsLocked_group4,Theorem,CounterSatisfiable,no,18.7707791,CounterSatisfiable,"(error ""line 32741 column 323: unknown constant NUSR_dot__op_N_cp_P1506B_1"")sat","(error ""line 38710 column 323: unknown constant NUSR_dot__op_N_cp_P1506B_1"")(error ""line 38711 column 323: unknown constant NUSR_dot__op_N_cp_P1506B_2"")sat",no,"(error ""line 1507049 column 353: unknown constant NUSR_dot__op_N_cp_P1506B_1"")(error ""line 1507050 column 353: unknown constant NUSR_dot__op_N_cp_P1506B_2"")(error ""line 1507051 column 353: unknown constant NUSR_dot__op_N_cp_P1506B_3"")(error ""line 1507052 column 353: unknown constant NUSR_dot__op_N_cp_P1506B_4"")(error ""line 1507053 column 353: unknown constant NUSR_dot__op_N_cp_P1506B_5"")(error ""line 1507054 column 353: unknown constant NUSR_dot__op_N_cp_P1506B_6"")(error ""line 1507055 column 353: unknown constant NUSR_dot__op_N_cp_P1506B_7"")(error ""line 1507056 column 353: unknown constant NUSR_dot__op_N_cp_P1506B_8"")(error ""line 1507057 column 353: unknown constant NUSR_dot__op_N_cp_P1506B_9"")(error ""line 1507058 column 358: unknown constant NUSR_dot__op_N_cp_P1506B_10"")(error ""line 1507059 column 362: unknown constant NUSR_dot__op_N_cp_P1506B_11"")(error ""line 1507060 column 362: unknown constant NUSR_dot__op_N_cp_P1506B_12"")(error ""line 1507061 column 362: unknown constant NUSR_dot__op_N_cp_P1506B_13"")(error ""line 1507062 column 362: unknown constant NUSR_dot__op_N_cp_P1506B_14"")(error ""line 1507063 column 362: unknown constant NUSR_dot__op_N_cp_P1506B_15"")(error ""line 1507064 column 362: unknown constant NUSR_dot__op_N_cp_P1506B_16"")(error ""line 1507065 column 362: unknown constant NUSR_dot__op_N_cp_P1506B_17"")(error ""line 1507066 column 362: unknown constant NUSR_dot__op_N_cp_P1506B_18"")(error ""line 1507067 column 362: unknown constant NUSR_dot__op_N_cp_P1506B_19"")(error ""line 1507068 column 362: unknown constant NUSR_dot__op_N_cp_P1506B_20"")(error ""line 1507069 column 362: unknown constant NUSR_dot__op_N_cp_P1506B_21"")(error ""line 1507070 column 362: unknown constant NUSR_dot__op_N_cp_P1506B_22"")(error ""line 1507071 column 362: unknown constant NUSR_dot__op_N_cp_P1506B_23"")(error ""line 1507072 column 362: unknown constant NUSR_dot__op_N_cp_P1506B_24"")(error ""line 1507073 column 362: unknown constant NUSR_dot__op_N_cp_P1506B_25"")(error ""line 1507074 column 362: unknown constant NUSR_dot__op_N_cp_P1506B_26"")(error ""line 1507075 column 362: unknown constant NUSR_dot__op_N_cp_P1506B_27"")(error ""line 1507076 column 362: unknown constant NUSR_dot__op_N_cp_P1506B_28"")(error ""line 1507077 column 362: unknown constant NUSR_dot__op_N_cp_P1506B_29"")(error ""line 1507078 column 362: unknown constant NUSR_dot__op_N_cp_P1506B_30"")(error ""line 1507079 column 362: unknown constant NUSR_dot__op_N_cp_P1506B_31"")(error ""line 1507080 column 362: unknown constant NUSR_dot__op_N_cp_P1506B_32"")(error ""line 1507081 column 362: unknown constant NUSR_dot__op_N_cp_P1506B_33"")(error ""line 1507082 column 362: unknown constant NUSR_dot__op_N_cp_P1506B_34"")(error ""line 1507083 column 362: unknown constant NUSR_dot__op_N_cp_P1506B_35"")(error ""line 1507084 column 362: unknown constant NUSR_dot__op_N_cp_P1506B_36"")(error ""line 1507085 column 362: unknown constant NUSR_dot__op_N_cp_P1506B_37"")(error ""line 1507086 column 362: unknown constant NUSR_dot__op_N_cp_P1506B_38"")(error ""line 1507087 column 362: unknown constant NUSR_dot__op_N_cp_P1506B_39"")(error ""line 1507088 column 362: unknown constant NUSR_dot__op_N_cp_P1506B_40"")(error ""line 1507089 column 362: unknown constant NUSR_dot__op_N_cp_P1506B_41"")(error ""line 1507090 column 362: unknown constant NUSR_dot__op_N_cp_P1506B_42"")(error ""line 1507091 column 362: unknown constant NUSR_dot__op_N_cp_P1506B_43"")(error ""line 1507092 column 362: unknown constant NUSR_dot__op_N_cp_P1506B_44"")(error ""line 1507093 column 362: unknown constant NUSR_dot__op_N_cp_P1506B_45"")(error ""line 1507094 column 362: unknown constant NUSR_dot__op_N_cp_P1506B_46"")(error ""line 1507095 column 362: unknown constant NUSR_dot__op_N_cp_P1506B_47"")(error ""line 1507096 column 362: unknown constant NUSR_dot__op_N_cp_P1506B_48"")(error ""line 1507097 column 362: unknown constant NUSR_dot__op_N_cp_P1506B_49"")(error ""line 1507098 column 362: unknown constant NUSR_dot__op_N_cp_P1506B_50"")(error ""line 1507099 column 362: unknown constant NUSR_dot__op_N_cp_P1506B_51"")(error ""line 1507100 column 362: unknown constant NUSR_dot__op_N_cp_P1506B_52"")(error ""line 1507101 column 362: unknown constant NUSR_dot__op_N_cp_P1506B_53"")(error ""line 1507102 column 362: unknown constant NUSR_dot__op_N_cp_P1506B_54"")(error ""line 1507103 column 362: unknown constant NUSR_dot__op_N_cp_P1506B_55"")(error ""line 1507104 column 362: unknown constant NUSR_dot__op_N_cp_P1506B_56"")(error ""line 1507105 column 362: unknown constant NUSR_dot__op_N_cp_P1506B_57"")(error ""line 1507106 column 362: unknown constant NUSR_dot__op_N_cp_P1506B_58"")(error ""line 1507107 column 362: unknown constant NUSR_dot__op_N_cp_P1506B_59"")(error ""line 1507108 column 362: unknown constant NUSR_dot__op_N_cp_P1506B_60"")(error ""line 1507109 column 362: unknown constant NUSR_dot__op_N_cp_P1506B_61"")(error ""line 1507110 column 362: unknown constant NUSR_dot__op_N_cp_P1506B_62"")(error ""line 1507111 column 362: unknown constant NUSR_dot__op_N_cp_P1506B_63"")(error ""line 1507112 column 362: unknown constant NUSR_dot__op_N_cp_P1506B_64"")(error ""line 1507113 column 362: unknown constant NUSR_dot__op_N_cp_P1506B_65"")(error ""line 1507114 column 362: unknown constant NUSR_dot__op_N_cp_P1506B_66"")(error ""line 1507115 column 362: unknown constant NUSR_dot__op_N_cp_P1506B_67"")(error ""line 1507116 column 362: unknown constant NUSR_dot__op_N_cp_P1506B_68"")(error ""line 1507117 column 362: unknown constant NUSR_dot__op_N_cp_P1506B_69"")(error ""line 1507118 column 362: unknown constant NUSR_dot__op_N_cp_P1506B_70"")(error ""line 1507119 column 362: unknown constant NUSR_dot__op_N_cp_P1506B_71"")(error ""line 1507120 column 362: unknown constant NUSR_dot__op_N_cp_P1506B_72"")(error ""line 1507121 column 362: unknown constant NUSR_dot__op_N_cp_P1506B_73"")(error ""line 1507122 column 362: unknown constant NUSR_dot__op_N_cp_P1506B_74"")(error ""line 1507123 column 362: unknown constant NUSR_dot__op_N_cp_P1506B_75"")(error ""line 1507124 column 362: unknown constant NUSR_dot__op_N_cp_P1506B_76"")(error ""line 1507125 column 362: unknown constant NUSR_dot__op_N_cp_P1506B_77"")(error ""line 1507126 column 362: unknown constant NUSR_dot__op_N_cp_P1506B_78"")(error ""line 1507127 column 362: unknown constant NUSR_dot__op_N_cp_P1506B_79"")(error ""line 1507128 column 362: unknown constant NUSR_dot__op_N_cp_P1506B_80"")(error ""line 1507129 column 362: unknown constant NUSR_dot__op_N_cp_P1506B_81"")(error ""line 1507130 column 362: unknown constant NUSR_dot__op_N_cp_P1506B_82"")(error ""line 1507131 column 362: unknown constant NUSR_dot__op_N_cp_P1506B_83"")(error ""line 1507132 column 362: unknown constant NUSR_dot__op_N_cp_P1506B_84"")(error ""line 1507133 column 362: unknown constant NUSR_dot__op_N_cp_P1506B_85"")(error ""line 1507134 column 362: unknown constant NUSR_dot__op_N_cp_P1506B_86"")(error ""line 1507135 column 362: unknown constant NUSR_dot__op_N_cp_P1506B_87"")(error ""line 1507136 column 362: unknown constant NUSR_dot__op_N_cp_P1506B_88"")(error ""line 1507137 column 362: unknown constant NUSR_dot__op_N_cp_P1506B_89"")(error ""line 1507138 column 362: unknown constant NUSR_dot__op_N_cp_P1506B_90"")(error ""line 1507139 column 362: unknown constant NUSR_dot__op_N_cp_P1506B_91"")(error ""line 1507140 column 362: unknown constant NUSR_dot__op_N_cp_P1506B_92"")(error ""line 1507141 column 362: unknown constant NUSR_dot__op_N_cp_P1506B_93"")(error ""line 1507142 column 362: unknown constant NUSR_dot__op_N_cp_P1506B_94"")(error ""line 1507143 column 362: unknown constant NUSR_dot__op_N_cp_P1506B_95"")(error ""line 1507144 column 362: unknown constant NUSR_dot__op_N_cp_P1506B_96"")(error ""line 1507145 column 362: unknown constant NUSR_dot__op_N_cp_P1506B_97"")(error ""line 1507146 column 362: unknown constant NUSR_dot__op_N_cp_P1506B_98"")(error ""line 1507147 column 362: unknown constant NUSR_dot__op_N_cp_P1506B_99"")(error ""line 1507148 column 367: unknown constant NUSR_dot__op_N_cp_P1506B_100"")sat",N/A => Expected predicate keys to be pre-included in a dictionary.,yes,yes,yes,N/A => Expected predicate keys to be pre-included in a dictionary.,0,yes,yes,yes
2_2_2_ProceedWithRouteSectionsLocked_group5,Theorem,CounterSatisfiable,no,18.8228152,CounterSatisfiable,"(error ""line 32741 column 318: unknown constant NUSR_dot__op_N_cp_P1506B_1"")sat","(error ""line 38710 column 318: unknown constant NUSR_dot__op_N_cp_P1506B_1"")(error ""line 38711 column 318: unknown constant NUSR_dot__op_N_cp_P1506B_2"")sat",no,"(error ""line 1507049 column 348: unknown constant NUSR_dot__op_N_cp_P1506B_1"")(error ""line 1507050 column 348: unknown constant NUSR_dot__op_N_cp_P1506B_2"")(error ""line 1507051 column 348: unknown constant NUSR_dot__op_N_cp_P1506B_3"")(error ""line 1507052 column 348: unknown constant NUSR_dot__op_N_cp_P1506B_4"")(error ""line 1507053 column 348: unknown constant NUSR_dot__op_N_cp_P1506B_5"")(error ""line 1507054 column 348: unknown constant NUSR_dot__op_N_cp_P1506B_6"")(error ""line 1507055 column 348: unknown constant NUSR_dot__op_N_cp_P1506B_7"")(error ""line 1507056 column 348: unknown constant NUSR_dot__op_N_cp_P1506B_8"")(error ""line 1507057 column 348: unknown constant NUSR_dot__op_N_cp_P1506B_9"")(error ""line 1507058 column 353: unknown constant NUSR_dot__op_N_cp_P1506B_10"")(error ""line 1507059 column 357: unknown constant NUSR_dot__op_N_cp_P1506B_11"")(error ""line 1507060 column 357: unknown constant NUSR_dot__op_N_cp_P1506B_12"")(error ""line 1507061 column 357: unknown constant NUSR_dot__op_N_cp_P1506B_13"")(error ""line 1507062 column 357: unknown constant NUSR_dot__op_N_cp_P1506B_14"")(error ""line 1507063 column 357: unknown constant NUSR_dot__op_N_cp_P1506B_15"")(error ""line 1507064 column 357: unknown constant NUSR_dot__op_N_cp_P1506B_16"")(error ""line 1507065 column 357: unknown constant NUSR_dot__op_N_cp_P1506B_17"")(error ""line 1507066 column 357: unknown constant NUSR_dot__op_N_cp_P1506B_18"")(error ""line 1507067 column 357: unknown constant NUSR_dot__op_N_cp_P1506B_19"")(error ""line 1507068 column 357: unknown constant NUSR_dot__op_N_cp_P1506B_20"")(error ""line 1507069 column 357: unknown constant NUSR_dot__op_N_cp_P1506B_21"")(error ""line 1507070 column 357: unknown constant NUSR_dot__op_N_cp_P1506B_22"")(error ""line 1507071 column 357: unknown constant NUSR_dot__op_N_cp_P1506B_23"")(error ""line 1507072 column 357: unknown constant NUSR_dot__op_N_cp_P1506B_24"")(error ""line 1507073 column 357: unknown constant NUSR_dot__op_N_cp_P1506B_25"")(error ""line 1507074 column 357: unknown constant NUSR_dot__op_N_cp_P1506B_26"")(error ""line 1507075 column 357: unknown constant NUSR_dot__op_N_cp_P1506B_27"")(error ""line 1507076 column 357: unknown constant NUSR_dot__op_N_cp_P1506B_28"")(error ""line 1507077 column 357: unknown constant NUSR_dot__op_N_cp_P1506B_29"")(error ""line 1507078 column 357: unknown constant NUSR_dot__op_N_cp_P1506B_30"")(error ""line 1507079 column 357: unknown constant NUSR_dot__op_N_cp_P1506B_31"")(error ""line 1507080 column 357: unknown constant NUSR_dot__op_N_cp_P1506B_32"")(error ""line 1507081 column 357: unknown constant NUSR_dot__op_N_cp_P1506B_33"")(error ""line 1507082 column 357: unknown constant NUSR_dot__op_N_cp_P1506B_34"")(error ""line 1507083 column 357: unknown constant NUSR_dot__op_N_cp_P1506B_35"")(error ""line 1507084 column 357: unknown constant NUSR_dot__op_N_cp_P1506B_36"")(error ""line 1507085 column 357: unknown constant NUSR_dot__op_N_cp_P1506B_37"")(error ""line 1507086 column 357: unknown constant NUSR_dot__op_N_cp_P1506B_38"")(error ""line 1507087 column 357: unknown constant NUSR_dot__op_N_cp_P1506B_39"")(error ""line 1507088 column 357: unknown constant NUSR_dot__op_N_cp_P1506B_40"")(error ""line 1507089 column 357: unknown constant NUSR_dot__op_N_cp_P1506B_41"")(error ""line 1507090 column 357: unknown constant NUSR_dot__op_N_cp_P1506B_42"")(error ""line 1507091 column 357: unknown constant NUSR_dot__op_N_cp_P1506B_43"")(error ""line 1507092 column 357: unknown constant NUSR_dot__op_N_cp_P1506B_44"")(error ""line 1507093 column 357: unknown constant NUSR_dot__op_N_cp_P1506B_45"")(error ""line 1507094 column 357: unknown constant NUSR_dot__op_N_cp_P1506B_46"")(error ""line 1507095 column 357: unknown constant NUSR_dot__op_N_cp_P1506B_47"")(error ""line 1507096 column 357: unknown constant NUSR_dot__op_N_cp_P1506B_48"")(error ""line 1507097 column 357: unknown constant NUSR_dot__op_N_cp_P1506B_49"")(error ""line 1507098 column 357: unknown constant NUSR_dot__op_N_cp_P1506B_50"")(error ""line 1507099 column 357: unknown constant NUSR_dot__op_N_cp_P1506B_51"")(error ""line 1507100 column 357: unknown constant NUSR_dot__op_N_cp_P1506B_52"")(error ""line 1507101 column 357: unknown constant NUSR_dot__op_N_cp_P1506B_53"")(error ""line 1507102 column 357: unknown constant NUSR_dot__op_N_cp_P1506B_54"")(error ""line 1507103 column 357: unknown constant NUSR_dot__op_N_cp_P1506B_55"")(error ""line 1507104 column 357: unknown constant NUSR_dot__op_N_cp_P1506B_56"")(error ""line 1507105 column 357: unknown constant NUSR_dot__op_N_cp_P1506B_57"")(error ""line 1507106 column 357: unknown constant NUSR_dot__op_N_cp_P1506B_58"")(error ""line 1507107 column 357: unknown constant NUSR_dot__op_N_cp_P1506B_59"")(error ""line 1507108 column 357: unknown constant NUSR_dot__op_N_cp_P1506B_60"")(error ""line 1507109 column 357: unknown constant NUSR_dot__op_N_cp_P1506B_61"")(error ""line 1507110 column 357: unknown constant NUSR_dot__op_N_cp_P1506B_62"")(error ""line 1507111 column 357: unknown constant NUSR_dot__op_N_cp_P1506B_63"")(error ""line 1507112 column 357: unknown constant NUSR_dot__op_N_cp_P1506B_64"")(error ""line 1507113 column 357: unknown constant NUSR_dot__op_N_cp_P1506B_65"")(error ""line 1507114 column 357: unknown constant NUSR_dot__op_N_cp_P1506B_66"")(error ""line 1507115 column 357: unknown constant NUSR_dot__op_N_cp_P1506B_67"")(error ""line 1507116 column 357: unknown constant NUSR_dot__op_N_cp_P1506B_68"")(error ""line 1507117 column 357: unknown constant NUSR_dot__op_N_cp_P1506B_69"")(error ""line 1507118 column 357: unknown constant NUSR_dot__op_N_cp_P1506B_70"")(error ""line 1507119 column 357: unknown constant NUSR_dot__op_N_cp_P1506B_71"")(error ""line 1507120 column 357: unknown constant NUSR_dot__op_N_cp_P1506B_72"")(error ""line 1507121 column 357: unknown constant NUSR_dot__op_N_cp_P1506B_73"")(error ""line 1507122 column 357: unknown constant NUSR_dot__op_N_cp_P1506B_74"")(error ""line 1507123 column 357: unknown constant NUSR_dot__op_N_cp_P1506B_75"")(error ""line 1507124 column 357: unknown constant NUSR_dot__op_N_cp_P1506B_76"")(error ""line 1507125 column 357: unknown constant NUSR_dot__op_N_cp_P1506B_77"")(error ""line 1507126 column 357: unknown constant NUSR_dot__op_N_cp_P1506B_78"")(error ""line 1507127 column 357: unknown constant NUSR_dot__op_N_cp_P1506B_79"")(error ""line 1507128 column 357: unknown constant NUSR_dot__op_N_cp_P1506B_80"")(error ""line 1507129 column 357: unknown constant NUSR_dot__op_N_cp_P1506B_81"")(error ""line 1507130 column 357: unknown constant NUSR_dot__op_N_cp_P1506B_82"")(error ""line 1507131 column 357: unknown constant NUSR_dot__op_N_cp_P1506B_83"")(error ""line 1507132 column 357: unknown constant NUSR_dot__op_N_cp_P1506B_84"")(error ""line 1507133 column 357: unknown constant NUSR_dot__op_N_cp_P1506B_85"")(error ""line 1507134 column 357: unknown constant NUSR_dot__op_N_cp_P1506B_86"")(error ""line 1507135 column 357: unknown constant NUSR_dot__op_N_cp_P1506B_87"")(error ""line 1507136 column 357: unknown constant NUSR_dot__op_N_cp_P1506B_88"")(error ""line 1507137 column 357: unknown constant NUSR_dot__op_N_cp_P1506B_89"")(error ""line 1507138 column 357: unknown constant NUSR_dot__op_N_cp_P1506B_90"")(error ""line 1507139 column 357: unknown constant NUSR_dot__op_N_cp_P1506B_91"")(error ""line 1507140 column 357: unknown constant NUSR_dot__op_N_cp_P1506B_92"")(error ""line 1507141 column 357: unknown constant NUSR_dot__op_N_cp_P1506B_93"")(error ""line 1507142 column 357: unknown constant NUSR_dot__op_N_cp_P1506B_94"")(error ""line 1507143 column 357: unknown constant NUSR_dot__op_N_cp_P1506B_95"")(error ""line 1507144 column 357: unknown constant NUSR_dot__op_N_cp_P1506B_96"")(error ""line 1507145 column 357: unknown constant NUSR_dot__op_N_cp_P1506B_97"")(error ""line 1507146 column 357: unknown constant NUSR_dot__op_N_cp_P1506B_98"")(error ""line 1507147 column 357: unknown constant NUSR_dot__op_N_cp_P1506B_99"")(error ""line 1507148 column 362: unknown constant NUSR_dot__op_N_cp_P1506B_100"")sat",N/A => Expected predicate keys to be pre-included in a dictionary.,yes,yes,yes,N/A => Expected predicate keys to be pre-included in a dictionary.,0,yes,yes,yes
2_2_2_ProceedWithRouteSectionsLocked_group6,Theorem,CounterSatisfiable,no,18.7598451,CounterSatisfiable,unsat,unsat,yes,unsat,yes,yes,yes,yes,yes,0.0643105,yes,yes,yes
2_2_2_ProceedWithRouteSectionsLocked_group7,Theorem,CounterSatisfiable,no,18.9238653,CounterSatisfiable,unsat,unsat,yes,unsat,yes,yes,yes,yes,yes,0.065253,yes,yes,yes
2_2_2_ProceedWithRouteSectionsLocked_group8,Theorem,CounterSatisfiable,no,19.040382,Theorem,unsat,unsat,yes,unsat,yes,yes,yes,yes,yes,0.0646233,yes,yes,yes
2_2_2_ProceedWithRouteSectionsLocked_group9,Theorem,CounterSatisfiable,no,18.7170388,Theorem,unsat,unsat,yes,unsat,yes,yes,yes,yes,yes,0.0654048,yes,yes,yes
2_2_21_ProceedWithDisengagement_group0,Theorem,Theorem,yes,18.581385,Theorem,unsat,unsat,yes,unsat,yes,yes,yes,yes,yes,0.0676716,yes,yes,yes
2_2_21_ProceedWithDisengagement_group1,Theorem,Theorem,yes,18.5664949,Theorem,unsat,unsat,yes,unsat,yes,yes,yes,yes,yes,0.0655435,yes,yes,yes
2_2_21_ProceedWithDisengagement_group10,Theorem,Theorem,yes,18.644759,Theorem,unsat,unsat,yes,unsat,yes,yes,yes,yes,yes,0.0668512,yes,yes,yes
2_2_21_ProceedWithDisengagement_group11,Theorem,Theorem,yes,18.5592557,Theorem,unsat,unsat,yes,unsat,yes,yes,yes,yes,yes,0.0700464,yes,yes,yes
2_2_21_ProceedWithDisengagement_group12,Theorem,Theorem,yes,18.653975,Theorem,unsat,unsat,yes,unsat,yes,yes,yes,yes,yes,0.0706677,yes,yes,yes
2_2_21_ProceedWithDisengagement_group13,Theorem,Theorem,yes,18.5951076,Theorem,unsat,unsat,yes,unsat,yes,yes,yes,yes,yes,0.0648264,yes,yes,yes
2_2_21_ProceedWithDisengagement_group14,Theorem,Theorem,yes,18.6554363,Theorem,unsat,unsat,yes,unsat,yes,yes,yes,yes,yes,0.0693657,yes,yes,yes
2_2_21_ProceedWithDisengagement_group15,Theorem,Theorem,yes,18.6841267,Theorem,unsat,unsat,yes,unsat,yes,yes,yes,yes,yes,0.073139,yes,yes,yes
2_2_21_ProceedWithDisengagement_group16,Theorem,Theorem,yes,18.6592255,Theorem,unsat,unsat,yes,unsat,yes,yes,yes,yes,yes,0.0588925,yes,yes,yes
2_2_21_ProceedWithDisengagement_group17,Theorem,Theorem,yes,18.5574168,Theorem,unsat,unsat,yes,unsat,yes,yes,yes,yes,yes,0.0666953,yes,yes,yes
2_2_21_ProceedWithDisengagement_group2,Theorem,Theorem,yes,18.5058841,Theorem,unsat,unsat,yes,unsat,yes,yes,yes,yes,yes,0.0664181,yes,yes,yes
2_2_21_ProceedWithDisengagement_group3,Theorem,Theorem,yes,18.5826883,Theorem,unsat,unsat,yes,unsat,yes,yes,yes,yes,yes,0.0667603,yes,yes,yes
2_2_21_ProceedWithDisengagement_group4,Theorem,Theorem,yes,18.4832038,Theorem,unsat,unsat,yes,unsat,yes,yes,yes,yes,yes,0.0669088,yes,yes,yes
2_2_21_ProceedWithDisengagement_group5,Theorem,Theorem,yes,18.5818701,Theorem,unsat,unsat,yes,unsat,yes,yes,yes,yes,yes,0.0664326,yes,yes,yes
2_2_21_ProceedWithDisengagement_group6,Theorem,Theorem,yes,18.71087,Theorem,unsat,unsat,yes,unsat,yes,yes,yes,yes,yes,0.064069,yes,yes,yes
2_2_21_ProceedWithDisengagement_group7,Theorem,Theorem,yes,18.792631,Theorem,unsat,unsat,yes,unsat,yes,yes,yes,yes,yes,0.0658465,yes,yes,yes
2_2_21_ProceedWithDisengagement_group8,Theorem,Theorem,yes,18.6345333,Theorem,unsat,unsat,yes,unsat,yes,yes,yes,yes,yes,0.0676413,yes,yes,yes
2_2_21_ProceedWithDisengagement_group9,Theorem,Theorem,yes,18.6762971,Theorem,unsat,unsat,yes,unsat,yes,yes,yes,yes,yes,0.0632766,yes,yes,yes
2_2_22_ProceedWithSGRC_group0,Theorem,Theorem,yes,18.7418496,Theorem,unsat,unsat,yes,unsat,yes,yes,yes,yes,yes,0.0610988,yes,yes,yes
2_2_22_ProceedWithSGRC_group1,Theorem,Theorem,yes,18.7490202,Theorem,unsat,unsat,yes,unsat,yes,yes,yes,yes,yes,0.0646306,yes,yes,yes
2_2_22_ProceedWithSGRC_group10,Theorem,Theorem,yes,18.7834769,Theorem,unsat,unsat,yes,unsat,yes,yes,yes,yes,yes,0.060042,yes,yes,yes
2_2_22_ProceedWithSGRC_group11,Theorem,Theorem,yes,18.793344,Theorem,unsat,unsat,yes,unsat,yes,yes,yes,yes,yes,0.0696627,yes,yes,yes
2_2_22_ProceedWithSGRC_group12,Theorem,Theorem,yes,18.7670022,Theorem,unsat,unsat,yes,unsat,yes,yes,yes,yes,yes,0.0651179,yes,yes,yes
2_2_22_ProceedWithSGRC_group13,Theorem,Theorem,yes,18.6699566,Theorem,unsat,unsat,yes,unsat,yes,yes,yes,yes,yes,0.0711822,yes,yes,yes
2_2_22_ProceedWithSGRC_group2,Theorem,Theorem,yes,18.7594557,Theorem,unsat,unsat,yes,unsat,yes,yes,yes,yes,yes,0.0700248,yes,yes,yes
2_2_22_ProceedWithSGRC_group3,Theorem,Theorem,yes,18.7338991,Theorem,unsat,unsat,yes,unsat,yes,yes,yes,yes,yes,0.0672176,yes,yes,yes
2_2_22_ProceedWithSGRC_group4,Theorem,Theorem,yes,18.6464501,Theorem,unsat,unsat,yes,unsat,yes,yes,yes,yes,yes,0.0676075,yes,yes,yes
2_2_22_ProceedWithSGRC_group5,Theorem,Theorem,yes,18.7389593,Theorem,unsat,unsat,yes,unsat,yes,yes,yes,yes,yes,0.07145,yes,yes,yes
2_2_22_ProceedWithSGRC_group6,Theorem,Theorem,yes,18.7115486,Theorem,unsat,unsat,yes,unsat,yes,yes,yes,yes,yes,0.0669767,yes,yes,yes
2_2_22_ProceedWithSGRC_group7,Theorem,Theorem,yes,18.7757165,Theorem,unsat,unsat,yes,unsat,yes,yes,yes,yes,yes,0.0598361,yes,yes,yes
2_2_22_ProceedWithSGRC_group8,Theorem,Theorem,yes,18.7981676,Theorem,unsat,unsat,yes,unsat,yes,yes,yes,yes,yes,0.0667347,yes,yes,yes
2_2_22_ProceedWithSGRC_group9,Theorem,Theorem,yes,18.6558057,Theorem,unsat,unsat,yes,unsat,yes,yes,yes,yes,yes,0.0656239,yes,yes,yes
2_2_23_ProceedWithCSFC_group0,Theorem,CounterSatisfiable,no,18.944938,CounterSatisfiable,unsat,sat,no,unsat,yes,yes,yes,yes,yes,0.0695675,yes,yes,yes
2_2_23_ProceedWithCSFC_group1,Theorem,CounterSatisfiable,no,18.746917,CounterSatisfiable,unsat,sat,no,unsat,yes,yes,yes,yes,yes,0.0601072,yes,yes,yes
2_2_23_ProceedWithCSFC_group10,Theorem,CounterSatisfiable,no,18.8528669,CounterSatisfiable,unsat,unsat,yes,unsat,yes,yes,yes,yes,yes,0.0577992,yes,yes,yes
2_2_23_ProceedWithCSFC_group11,Theorem,CounterSatisfiable,no,18.9240968,CounterSatisfiable,unsat,unsat,yes,unsat,yes,yes,yes,yes,yes,0.0660428,yes,yes,yes
2_2_23_ProceedWithCSFC_group12,Theorem,CounterSatisfiable,no,19.0339761,CounterSatisfiable,unsat,unsat,yes,unsat,yes,yes,yes,yes,yes,0.0639068,yes,yes,yes
2_2_23_ProceedWithCSFC_group13,Theorem,CounterSatisfiable,no,18.914747,CounterSatisfiable,unsat,unsat,yes,unsat,yes,yes,yes,yes,yes,0.0663029,yes,yes,yes
2_2_23_ProceedWithCSFC_group2,Theorem,CounterSatisfiable,no,18.7169841,CounterSatisfiable,unsat,unsat,yes,unsat,yes,yes,yes,yes,yes,0.0599352,yes,yes,yes
2_2_23_ProceedWithCSFC_group3,Theorem,CounterSatisfiable,no,18.6822236,CounterSatisfiable,unsat,unsat,yes,unsat,yes,yes,yes,yes,yes,0.0693159,yes,yes,yes
2_2_23_ProceedWithCSFC_group4,Theorem,CounterSatisfiable,no,18.6867751,CounterSatisfiable,unsat,sat,no,unsat,yes,yes,yes,yes,yes,0.0667388,yes,yes,yes
2_2_23_ProceedWithCSFC_group5,Theorem,CounterSatisfiable,no,19.041302,CounterSatisfiable,unsat,unsat,yes,unsat,yes,yes,yes,yes,yes,0.0609718,yes,yes,yes
2_2_23_ProceedWithCSFC_group6,Theorem,CounterSatisfiable,no,18.787763,CounterSatisfiable,unsat,sat,no,unsat,yes,yes,yes,yes,yes,0.062515,yes,yes,yes
2_2_23_ProceedWithCSFC_group7,Theorem,CounterSatisfiable,no,19.1314001,CounterSatisfiable,unsat,unsat,yes,unsat,yes,yes,yes,yes,yes,0.0674971,yes,yes,yes
2_2_23_ProceedWithCSFC_group8,Theorem,CounterSatisfiable,no,19.008002,CounterSatisfiable,unsat,unsat,yes,unsat,yes,yes,yes,yes,yes,0.0670115,yes,yes,yes
2_2_23_ProceedWithCSFC_group9,Theorem,CounterSatisfiable,no,18.7720311,CounterSatisfiable,unsat,unsat,yes,unsat,yes,yes,yes,yes,yes,0.068259,yes,yes,yes
2_2_24_ProceedDuringEPR_group0,Theorem,CounterSatisfiable,no,18.936451,Theorem,unsat,unsat,yes,unsat,yes,yes,yes,yes,yes,0.0643345,yes,yes,yes
2_2_24_ProceedDuringEPR_group1,Theorem,CounterSatisfiable,no,18.8411243,Theorem,unsat,unsat,yes,unsat,yes,yes,yes,yes,yes,0.0684807,yes,yes,yes
2_2_24_ProceedDuringEPR_group10,Theorem,CounterSatisfiable,no,18.8570018,Theorem,unsat,unsat,yes,unsat,yes,yes,yes,yes,yes,0.0641187,yes,yes,yes
2_2_24_ProceedDuringEPR_group11,Theorem,CounterSatisfiable,no,18.7324807,CounterSatisfiable,"(error ""line 32741 column 230: unknown constant TPAP_dot_EPR_0"")sat","(error ""line 38710 column 230: unknown constant TPAP_dot_EPR_0"")(error ""line 38711 column 230: unknown constant TPAP_dot_EPR_1"")sat",no,"(error ""line 1507049 column 241: unknown constant TPAP_dot_EPR_0"")(error ""line 1507050 column 241: unknown constant TPAP_dot_EPR_1"")(error ""line 1507051 column 241: unknown constant TPAP_dot_EPR_2"")(error ""line 1507052 column 241: unknown constant TPAP_dot_EPR_3"")(error ""line 1507053 column 241: unknown constant TPAP_dot_EPR_4"")(error ""line 1507054 column 241: unknown constant TPAP_dot_EPR_5"")(error ""line 1507055 column 241: unknown constant TPAP_dot_EPR_6"")(error ""line 1507056 column 241: unknown constant TPAP_dot_EPR_7"")(error ""line 1507057 column 241: unknown constant TPAP_dot_EPR_8"")(error ""line 1507058 column 242: unknown constant TPAP_dot_EPR_9"")(error ""line 1507059 column 249: unknown constant TPAP_dot_EPR_10"")(error ""line 1507060 column 249: unknown constant TPAP_dot_EPR_11"")(error ""line 1507061 column 249: unknown constant TPAP_dot_EPR_12"")(error ""line 1507062 column 249: unknown constant TPAP_dot_EPR_13"")(error ""line 1507063 column 249: unknown constant TPAP_dot_EPR_14"")(error ""line 1507064 column 249: unknown constant TPAP_dot_EPR_15"")(error ""line 1507065 column 249: unknown constant TPAP_dot_EPR_16"")(error ""line 1507066 column 249: unknown constant TPAP_dot_EPR_17"")(error ""line 1507067 column 249: unknown constant TPAP_dot_EPR_18"")(error ""line 1507068 column 249: unknown constant TPAP_dot_EPR_19"")(error ""line 1507069 column 249: unknown constant TPAP_dot_EPR_20"")(error ""line 1507070 column 249: unknown constant TPAP_dot_EPR_21"")(error ""line 1507071 column 249: unknown constant TPAP_dot_EPR_22"")(error ""line 1507072 column 249: unknown constant TPAP_dot_EPR_23"")(error ""line 1507073 column 249: unknown constant TPAP_dot_EPR_24"")(error ""line 1507074 column 249: unknown constant TPAP_dot_EPR_25"")(error ""line 1507075 column 249: unknown constant TPAP_dot_EPR_26"")(error ""line 1507076 column 249: unknown constant TPAP_dot_EPR_27"")(error ""line 1507077 column 249: unknown constant TPAP_dot_EPR_28"")(error ""line 1507078 column 249: unknown constant TPAP_dot_EPR_29"")(error ""line 1507079 column 249: unknown constant TPAP_dot_EPR_30"")(error ""line 1507080 column 249: unknown constant TPAP_dot_EPR_31"")(error ""line 1507081 column 249: unknown constant TPAP_dot_EPR_32"")(error ""line 1507082 column 249: unknown constant TPAP_dot_EPR_33"")(error ""line 1507083 column 249: unknown constant TPAP_dot_EPR_34"")(error ""line 1507084 column 249: unknown constant TPAP_dot_EPR_35"")(error ""line 1507085 column 249: unknown constant TPAP_dot_EPR_36"")(error ""line 1507086 column 249: unknown constant TPAP_dot_EPR_37"")(error ""line 1507087 column 249: unknown constant TPAP_dot_EPR_38"")(error ""line 1507088 column 249: unknown constant TPAP_dot_EPR_39"")(error ""line 1507089 column 249: unknown constant TPAP_dot_EPR_40"")(error ""line 1507090 column 249: unknown constant TPAP_dot_EPR_41"")(error ""line 1507091 column 249: unknown constant TPAP_dot_EPR_42"")(error ""line 1507092 column 249: unknown constant TPAP_dot_EPR_43"")(error ""line 1507093 column 249: unknown constant TPAP_dot_EPR_44"")(error ""line 1507094 column 249: unknown constant TPAP_dot_EPR_45"")(error ""line 1507095 column 249: unknown constant TPAP_dot_EPR_46"")(error ""line 1507096 column 249: unknown constant TPAP_dot_EPR_47"")(error ""line 1507097 column 249: unknown constant TPAP_dot_EPR_48"")(error ""line 1507098 column 249: unknown constant TPAP_dot_EPR_49"")(error ""line 1507099 column 249: unknown constant TPAP_dot_EPR_50"")(error ""line 1507100 column 249: unknown constant TPAP_dot_EPR_51"")(error ""line 1507101 column 249: unknown constant TPAP_dot_EPR_52"")(error ""line 1507102 column 249: unknown constant TPAP_dot_EPR_53"")(error ""line 1507103 column 249: unknown constant TPAP_dot_EPR_54"")(error ""line 1507104 column 249: unknown constant TPAP_dot_EPR_55"")(error ""line 1507105 column 249: unknown constant TPAP_dot_EPR_56"")(error ""line 1507106 column 249: unknown constant TPAP_dot_EPR_57"")(error ""line 1507107 column 249: unknown constant TPAP_dot_EPR_58"")(error ""line 1507108 column 249: unknown constant TPAP_dot_EPR_59"")(error ""line 1507109 column 249: unknown constant TPAP_dot_EPR_60"")(error ""line 1507110 column 249: unknown constant TPAP_dot_EPR_61"")(error ""line 1507111 column 249: unknown constant TPAP_dot_EPR_62"")(error ""line 1507112 column 249: unknown constant TPAP_dot_EPR_63"")(error ""line 1507113 column 249: unknown constant TPAP_dot_EPR_64"")(error ""line 1507114 column 249: unknown constant TPAP_dot_EPR_65"")(error ""line 1507115 column 249: unknown constant TPAP_dot_EPR_66"")(error ""line 1507116 column 249: unknown constant TPAP_dot_EPR_67"")(error ""line 1507117 column 249: unknown constant TPAP_dot_EPR_68"")(error ""line 1507118 column 249: unknown constant TPAP_dot_EPR_69"")(error ""line 1507119 column 249: unknown constant TPAP_dot_EPR_70"")(error ""line 1507120 column 249: unknown constant TPAP_dot_EPR_71"")(error ""line 1507121 column 249: unknown constant TPAP_dot_EPR_72"")(error ""line 1507122 column 249: unknown constant TPAP_dot_EPR_73"")(error ""line 1507123 column 249: unknown constant TPAP_dot_EPR_74"")(error ""line 1507124 column 249: unknown constant TPAP_dot_EPR_75"")(error ""line 1507125 column 249: unknown constant TPAP_dot_EPR_76"")(error ""line 1507126 column 249: unknown constant TPAP_dot_EPR_77"")(error ""line 1507127 column 249: unknown constant TPAP_dot_EPR_78"")(error ""line 1507128 column 249: unknown constant TPAP_dot_EPR_79"")(error ""line 1507129 column 249: unknown constant TPAP_dot_EPR_80"")(error ""line 1507130 column 249: unknown constant TPAP_dot_EPR_81"")(error ""line 1507131 column 249: unknown constant TPAP_dot_EPR_82"")(error ""line 1507132 column 249: unknown constant TPAP_dot_EPR_83"")(error ""line 1507133 column 249: unknown constant TPAP_dot_EPR_84"")(error ""line 1507134 column 249: unknown constant TPAP_dot_EPR_85"")(error ""line 1507135 column 249: unknown constant TPAP_dot_EPR_86"")(error ""line 1507136 column 249: unknown constant TPAP_dot_EPR_87"")(error ""line 1507137 column 249: unknown constant TPAP_dot_EPR_88"")(error ""line 1507138 column 249: unknown constant TPAP_dot_EPR_89"")(error ""line 1507139 column 249: unknown constant TPAP_dot_EPR_90"")(error ""line 1507140 column 249: unknown constant TPAP_dot_EPR_91"")(error ""line 1507141 column 249: unknown constant TPAP_dot_EPR_92"")(error ""line 1507142 column 249: unknown constant TPAP_dot_EPR_93"")(error ""line 1507143 column 249: unknown constant TPAP_dot_EPR_94"")(error ""line 1507144 column 249: unknown constant TPAP_dot_EPR_95"")(error ""line 1507145 column 249: unknown constant TPAP_dot_EPR_96"")(error ""line 1507146 column 249: unknown constant TPAP_dot_EPR_97"")(error ""line 1507147 column 249: unknown constant TPAP_dot_EPR_98"")(error ""line 1507148 column 250: unknown constant TPAP_dot_EPR_99"")sat",N/A => Expected predicate keys to be pre-included in a dictionary.,yes,yes,yes,N/A => Expected predicate keys to be pre-included in a dictionary.,0,yes,yes,yes
2_2_24_ProceedDuringEPR_group12,Theorem,CounterSatisfiable,no,18.7972059,Theorem,unsat,unsat,yes,unsat,yes,yes,yes,yes,yes,0.0682673,yes,yes,yes
2_2_24_ProceedDuringEPR_group13,Theorem,CounterSatisfiable,no,18.8048578,Theorem,unsat,unsat,yes,unsat,yes,yes,yes,yes,yes,0.0672078,yes,yes,yes
2_2_24_ProceedDuringEPR_group14,Theorem,Theorem,yes,18.8864929,Theorem,unsat,unsat,yes,unsat,yes,yes,yes,yes,yes,0.0671262,yes,yes,yes
2_2_24_ProceedDuringEPR_group15,Theorem,Theorem,yes,18.7366791,Theorem,unsat,unsat,yes,unsat,yes,yes,yes,yes,yes,0.0635211,yes,yes,yes
2_2_24_ProceedDuringEPR_group16,Theorem,CounterSatisfiable,no,18.8769625,Theorem,unsat,unsat,yes,unsat,yes,yes,yes,yes,yes,0.0649325,yes,yes,yes
2_2_24_ProceedDuringEPR_group17,Theorem,Theorem,yes,18.8164534,Theorem,unsat,unsat,yes,unsat,yes,yes,yes,yes,yes,0.0666485,yes,yes,yes
2_2_24_ProceedDuringEPR_group18,Theorem,CounterSatisfiable,no,18.8990008,Theorem,unsat,unsat,yes,unsat,yes,yes,yes,yes,yes,0.0685978,yes,yes,yes
2_2_24_ProceedDuringEPR_group19,Theorem,CounterSatisfiable,no,19.0413426,Theorem,unsat,unsat,yes,unsat,yes,yes,yes,yes,yes,0.0660306,yes,yes,yes
2_2_24_ProceedDuringEPR_group2,Theorem,CounterSatisfiable,no,18.7220172,Theorem,unsat,unsat,yes,unsat,yes,yes,yes,yes,yes,0.0653007,yes,yes,yes
2_2_24_ProceedDuringEPR_group20,Theorem,CounterSatisfiable,no,18.8575354,Theorem,unsat,unsat,yes,unsat,yes,yes,yes,yes,yes,0.0661886,yes,yes,yes
2_2_24_ProceedDuringEPR_group21,Theorem,CounterSatisfiable,no,18.6710282,CounterSatisfiable,"(error ""line 32741 column 306: unknown constant TPAP_dot_EPR_0"")sat","(error ""line 38710 column 306: unknown constant TPAP_dot_EPR_0"")(error ""line 38711 column 306: unknown constant TPAP_dot_EPR_1"")sat",no,"(error ""line 1507049 column 336: unknown constant TPAP_dot_EPR_0"")(error ""line 1507050 column 336: unknown constant TPAP_dot_EPR_1"")(error ""line 1507051 column 336: unknown constant TPAP_dot_EPR_2"")(error ""line 1507052 column 336: unknown constant TPAP_dot_EPR_3"")(error ""line 1507053 column 336: unknown constant TPAP_dot_EPR_4"")(error ""line 1507054 column 336: unknown constant TPAP_dot_EPR_5"")(error ""line 1507055 column 336: unknown constant TPAP_dot_EPR_6"")(error ""line 1507056 column 336: unknown constant TPAP_dot_EPR_7"")(error ""line 1507057 column 336: unknown constant TPAP_dot_EPR_8"")(error ""line 1507058 column 338: unknown constant TPAP_dot_EPR_9"")(error ""line 1507059 column 347: unknown constant TPAP_dot_EPR_10"")(error ""line 1507060 column 347: unknown constant TPAP_dot_EPR_11"")(error ""line 1507061 column 347: unknown constant TPAP_dot_EPR_12"")(error ""line 1507062 column 347: unknown constant TPAP_dot_EPR_13"")(error ""line 1507063 column 347: unknown constant TPAP_dot_EPR_14"")(error ""line 1507064 column 347: unknown constant TPAP_dot_EPR_15"")(error ""line 1507065 column 347: unknown constant TPAP_dot_EPR_16"")(error ""line 1507066 column 347: unknown constant TPAP_dot_EPR_17"")(error ""line 1507067 column 347: unknown constant TPAP_dot_EPR_18"")(error ""line 1507068 column 347: unknown constant TPAP_dot_EPR_19"")(error ""line 1507069 column 347: unknown constant TPAP_dot_EPR_20"")(error ""line 1507070 column 347: unknown constant TPAP_dot_EPR_21"")(error ""line 1507071 column 347: unknown constant TPAP_dot_EPR_22"")(error ""line 1507072 column 347: unknown constant TPAP_dot_EPR_23"")(error ""line 1507073 column 347: unknown constant TPAP_dot_EPR_24"")(error ""line 1507074 column 347: unknown constant TPAP_dot_EPR_25"")(error ""line 1507075 column 347: unknown constant TPAP_dot_EPR_26"")(error ""line 1507076 column 347: unknown constant TPAP_dot_EPR_27"")(error ""line 1507077 column 347: unknown constant TPAP_dot_EPR_28"")(error ""line 1507078 column 347: unknown constant TPAP_dot_EPR_29"")(error ""line 1507079 column 347: unknown constant TPAP_dot_EPR_30"")(error ""line 1507080 column 347: unknown constant TPAP_dot_EPR_31"")(error ""line 1507081 column 347: unknown constant TPAP_dot_EPR_32"")(error ""line 1507082 column 347: unknown constant TPAP_dot_EPR_33"")(error ""line 1507083 column 347: unknown constant TPAP_dot_EPR_34"")(error ""line 1507084 column 347: unknown constant TPAP_dot_EPR_35"")(error ""line 1507085 column 347: unknown constant TPAP_dot_EPR_36"")(error ""line 1507086 column 347: unknown constant TPAP_dot_EPR_37"")(error ""line 1507087 column 347: unknown constant TPAP_dot_EPR_38"")(error ""line 1507088 column 347: unknown constant TPAP_dot_EPR_39"")(error ""line 1507089 column 347: unknown constant TPAP_dot_EPR_40"")(error ""line 1507090 column 347: unknown constant TPAP_dot_EPR_41"")(error ""line 1507091 column 347: unknown constant TPAP_dot_EPR_42"")(error ""line 1507092 column 347: unknown constant TPAP_dot_EPR_43"")(error ""line 1507093 column 347: unknown constant TPAP_dot_EPR_44"")(error ""line 1507094 column 347: unknown constant TPAP_dot_EPR_45"")(error ""line 1507095 column 347: unknown constant TPAP_dot_EPR_46"")(error ""line 1507096 column 347: unknown constant TPAP_dot_EPR_47"")(error ""line 1507097 column 347: unknown constant TPAP_dot_EPR_48"")(error ""line 1507098 column 347: unknown constant TPAP_dot_EPR_49"")(error ""line 1507099 column 347: unknown constant TPAP_dot_EPR_50"")(error ""line 1507100 column 347: unknown constant TPAP_dot_EPR_51"")(error ""line 1507101 column 347: unknown constant TPAP_dot_EPR_52"")(error ""line 1507102 column 347: unknown constant TPAP_dot_EPR_53"")(error ""line 1507103 column 347: unknown constant TPAP_dot_EPR_54"")(error ""line 1507104 column 347: unknown constant TPAP_dot_EPR_55"")(error ""line 1507105 column 347: unknown constant TPAP_dot_EPR_56"")(error ""line 1507106 column 347: unknown constant TPAP_dot_EPR_57"")(error ""line 1507107 column 347: unknown constant TPAP_dot_EPR_58"")(error ""line 1507108 column 347: unknown constant TPAP_dot_EPR_59"")(error ""line 1507109 column 347: unknown constant TPAP_dot_EPR_60"")(error ""line 1507110 column 347: unknown constant TPAP_dot_EPR_61"")(error ""line 1507111 column 347: unknown constant TPAP_dot_EPR_62"")(error ""line 1507112 column 347: unknown constant TPAP_dot_EPR_63"")(error ""line 1507113 column 347: unknown constant TPAP_dot_EPR_64"")(error ""line 1507114 column 347: unknown constant TPAP_dot_EPR_65"")(error ""line 1507115 column 347: unknown constant TPAP_dot_EPR_66"")(error ""line 1507116 column 347: unknown constant TPAP_dot_EPR_67"")(error ""line 1507117 column 347: unknown constant TPAP_dot_EPR_68"")(error ""line 1507118 column 347: unknown constant TPAP_dot_EPR_69"")(error ""line 1507119 column 347: unknown constant TPAP_dot_EPR_70"")(error ""line 1507120 column 347: unknown constant TPAP_dot_EPR_71"")(error ""line 1507121 column 347: unknown constant TPAP_dot_EPR_72"")(error ""line 1507122 column 347: unknown constant TPAP_dot_EPR_73"")(error ""line 1507123 column 347: unknown constant TPAP_dot_EPR_74"")(error ""line 1507124 column 347: unknown constant TPAP_dot_EPR_75"")(error ""line 1507125 column 347: unknown constant TPAP_dot_EPR_76"")(error ""line 1507126 column 347: unknown constant TPAP_dot_EPR_77"")(error ""line 1507127 column 347: unknown constant TPAP_dot_EPR_78"")(error ""line 1507128 column 347: unknown constant TPAP_dot_EPR_79"")(error ""line 1507129 column 347: unknown constant TPAP_dot_EPR_80"")(error ""line 1507130 column 347: unknown constant TPAP_dot_EPR_81"")(error ""line 1507131 column 347: unknown constant TPAP_dot_EPR_82"")(error ""line 1507132 column 347: unknown constant TPAP_dot_EPR_83"")(error ""line 1507133 column 347: unknown constant TPAP_dot_EPR_84"")(error ""line 1507134 column 347: unknown constant TPAP_dot_EPR_85"")(error ""line 1507135 column 347: unknown constant TPAP_dot_EPR_86"")(error ""line 1507136 column 347: unknown constant TPAP_dot_EPR_87"")(error ""line 1507137 column 347: unknown constant TPAP_dot_EPR_88"")(error ""line 1507138 column 347: unknown constant TPAP_dot_EPR_89"")(error ""line 1507139 column 347: unknown constant TPAP_dot_EPR_90"")(error ""line 1507140 column 347: unknown constant TPAP_dot_EPR_91"")(error ""line 1507141 column 347: unknown constant TPAP_dot_EPR_92"")(error ""line 1507142 column 347: unknown constant TPAP_dot_EPR_93"")(error ""line 1507143 column 347: unknown constant TPAP_dot_EPR_94"")(error ""line 1507144 column 347: unknown constant TPAP_dot_EPR_95"")(error ""line 1507145 column 347: unknown constant TPAP_dot_EPR_96"")(error ""line 1507146 column 347: unknown constant TPAP_dot_EPR_97"")(error ""line 1507147 column 347: unknown constant TPAP_dot_EPR_98"")(error ""line 1507148 column 349: unknown constant TPAP_dot_EPR_99"")sat",N/A => Expected predicate keys to be pre-included in a dictionary.,yes,yes,yes,N/A => Expected predicate keys to be pre-included in a dictionary.,0,yes,yes,yes
2_2_24_ProceedDuringEPR_group22,Theorem,Theorem,yes,18.822482,Theorem,unsat,unsat,yes,unsat,yes,yes,yes,yes,yes,0.0680678,yes,yes,yes
2_2_24_ProceedDuringEPR_group23,Theorem,CounterSatisfiable,no,18.8726448,CounterSatisfiable,"(error ""line 32741 column 257: unknown constant TPYM_dot_EPR_0"")sat","(error ""line 38710 column 257: unknown constant TPYM_dot_EPR_0"")(error ""line 38711 column 257: unknown constant TPYM_dot_EPR_1"")sat",no,"(error ""line 1507049 column 268: unknown constant TPYM_dot_EPR_0"")(error ""line 1507050 column 268: unknown constant TPYM_dot_EPR_1"")(error ""line 1507051 column 268: unknown constant TPYM_dot_EPR_2"")(error ""line 1507052 column 268: unknown constant TPYM_dot_EPR_3"")(error ""line 1507053 column 268: unknown constant TPYM_dot_EPR_4"")(error ""line 1507054 column 268: unknown constant TPYM_dot_EPR_5"")(error ""line 1507055 column 268: unknown constant TPYM_dot_EPR_6"")(error ""line 1507056 column 268: unknown constant TPYM_dot_EPR_7"")(error ""line 1507057 column 268: unknown constant TPYM_dot_EPR_8"")(error ""line 1507058 column 269: unknown constant TPYM_dot_EPR_9"")(error ""line 1507059 column 277: unknown constant TPYM_dot_EPR_10"")(error ""line 1507060 column 277: unknown constant TPYM_dot_EPR_11"")(error ""line 1507061 column 277: unknown constant TPYM_dot_EPR_12"")(error ""line 1507062 column 277: unknown constant TPYM_dot_EPR_13"")(error ""line 1507063 column 277: unknown constant TPYM_dot_EPR_14"")(error ""line 1507064 column 277: unknown constant TPYM_dot_EPR_15"")(error ""line 1507065 column 277: unknown constant TPYM_dot_EPR_16"")(error ""line 1507066 column 277: unknown constant TPYM_dot_EPR_17"")(error ""line 1507067 column 277: unknown constant TPYM_dot_EPR_18"")(error ""line 1507068 column 277: unknown constant TPYM_dot_EPR_19"")(error ""line 1507069 column 277: unknown constant TPYM_dot_EPR_20"")(error ""line 1507070 column 277: unknown constant TPYM_dot_EPR_21"")(error ""line 1507071 column 277: unknown constant TPYM_dot_EPR_22"")(error ""line 1507072 column 277: unknown constant TPYM_dot_EPR_23"")(error ""line 1507073 column 277: unknown constant TPYM_dot_EPR_24"")(error ""line 1507074 column 277: unknown constant TPYM_dot_EPR_25"")(error ""line 1507075 column 277: unknown constant TPYM_dot_EPR_26"")(error ""line 1507076 column 277: unknown constant TPYM_dot_EPR_27"")(error ""line 1507077 column 277: unknown constant TPYM_dot_EPR_28"")(error ""line 1507078 column 277: unknown constant TPYM_dot_EPR_29"")(error ""line 1507079 column 277: unknown constant TPYM_dot_EPR_30"")(error ""line 1507080 column 277: unknown constant TPYM_dot_EPR_31"")(error ""line 1507081 column 277: unknown constant TPYM_dot_EPR_32"")(error ""line 1507082 column 277: unknown constant TPYM_dot_EPR_33"")(error ""line 1507083 column 277: unknown constant TPYM_dot_EPR_34"")(error ""line 1507084 column 277: unknown constant TPYM_dot_EPR_35"")(error ""line 1507085 column 277: unknown constant TPYM_dot_EPR_36"")(error ""line 1507086 column 277: unknown constant TPYM_dot_EPR_37"")(error ""line 1507087 column 277: unknown constant TPYM_dot_EPR_38"")(error ""line 1507088 column 277: unknown constant TPYM_dot_EPR_39"")(error ""line 1507089 column 277: unknown constant TPYM_dot_EPR_40"")(error ""line 1507090 column 277: unknown constant TPYM_dot_EPR_41"")(error ""line 1507091 column 277: unknown constant TPYM_dot_EPR_42"")(error ""line 1507092 column 277: unknown constant TPYM_dot_EPR_43"")(error ""line 1507093 column 277: unknown constant TPYM_dot_EPR_44"")(error ""line 1507094 column 277: unknown constant TPYM_dot_EPR_45"")(error ""line 1507095 column 277: unknown constant TPYM_dot_EPR_46"")(error ""line 1507096 column 277: unknown constant TPYM_dot_EPR_47"")(error ""line 1507097 column 277: unknown constant TPYM_dot_EPR_48"")(error ""line 1507098 column 277: unknown constant TPYM_dot_EPR_49"")(error ""line 1507099 column 277: unknown constant TPYM_dot_EPR_50"")(error ""line 1507100 column 277: unknown constant TPYM_dot_EPR_51"")(error ""line 1507101 column 277: unknown constant TPYM_dot_EPR_52"")(error ""line 1507102 column 277: unknown constant TPYM_dot_EPR_53"")(error ""line 1507103 column 277: unknown constant TPYM_dot_EPR_54"")(error ""line 1507104 column 277: unknown constant TPYM_dot_EPR_55"")(error ""line 1507105 column 277: unknown constant TPYM_dot_EPR_56"")(error ""line 1507106 column 277: unknown constant TPYM_dot_EPR_57"")(error ""line 1507107 column 277: unknown constant TPYM_dot_EPR_58"")(error ""line 1507108 column 277: unknown constant TPYM_dot_EPR_59"")(error ""line 1507109 column 277: unknown constant TPYM_dot_EPR_60"")(error ""line 1507110 column 277: unknown constant TPYM_dot_EPR_61"")(error ""line 1507111 column 277: unknown constant TPYM_dot_EPR_62"")(error ""line 1507112 column 277: unknown constant TPYM_dot_EPR_63"")(error ""line 1507113 column 277: unknown constant TPYM_dot_EPR_64"")(error ""line 1507114 column 277: unknown constant TPYM_dot_EPR_65"")(error ""line 1507115 column 277: unknown constant TPYM_dot_EPR_66"")(error ""line 1507116 column 277: unknown constant TPYM_dot_EPR_67"")(error ""line 1507117 column 277: unknown constant TPYM_dot_EPR_68"")(error ""line 1507118 column 277: unknown constant TPYM_dot_EPR_69"")(error ""line 1507119 column 277: unknown constant TPYM_dot_EPR_70"")(error ""line 1507120 column 277: unknown constant TPYM_dot_EPR_71"")(error ""line 1507121 column 277: unknown constant TPYM_dot_EPR_72"")(error ""line 1507122 column 277: unknown constant TPYM_dot_EPR_73"")(error ""line 1507123 column 277: unknown constant TPYM_dot_EPR_74"")(error ""line 1507124 column 277: unknown constant TPYM_dot_EPR_75"")(error ""line 1507125 column 277: unknown constant TPYM_dot_EPR_76"")(error ""line 1507126 column 277: unknown constant TPYM_dot_EPR_77"")(error ""line 1507127 column 277: unknown constant TPYM_dot_EPR_78"")(error ""line 1507128 column 277: unknown constant TPYM_dot_EPR_79"")(error ""line 1507129 column 277: unknown constant TPYM_dot_EPR_80"")(error ""line 1507130 column 277: unknown constant TPYM_dot_EPR_81"")(error ""line 1507131 column 277: unknown constant TPYM_dot_EPR_82"")(error ""line 1507132 column 277: unknown constant TPYM_dot_EPR_83"")(error ""line 1507133 column 277: unknown constant TPYM_dot_EPR_84"")(error ""line 1507134 column 277: unknown constant TPYM_dot_EPR_85"")(error ""line 1507135 column 277: unknown constant TPYM_dot_EPR_86"")(error ""line 1507136 column 277: unknown constant TPYM_dot_EPR_87"")(error ""line 1507137 column 277: unknown constant TPYM_dot_EPR_88"")(error ""line 1507138 column 277: unknown constant TPYM_dot_EPR_89"")(error ""line 1507139 column 277: unknown constant TPYM_dot_EPR_90"")(error ""line 1507140 column 277: unknown constant TPYM_dot_EPR_91"")(error ""line 1507141 column 277: unknown constant TPYM_dot_EPR_92"")(error ""line 1507142 column 277: unknown constant TPYM_dot_EPR_93"")(error ""line 1507143 column 277: unknown constant TPYM_dot_EPR_94"")(error ""line 1507144 column 277: unknown constant TPYM_dot_EPR_95"")(error ""line 1507145 column 277: unknown constant TPYM_dot_EPR_96"")(error ""line 1507146 column 277: unknown constant TPYM_dot_EPR_97"")(error ""line 1507147 column 277: unknown constant TPYM_dot_EPR_98"")(error ""line 1507148 column 278: unknown constant TPYM_dot_EPR_99"")sat",N/A => Expected predicate keys to be pre-included in a dictionary.,yes,yes,yes,N/A => Expected predicate keys to be pre-included in a dictionary.,0,yes,yes,yes
2_2_24_ProceedDuringEPR_group24,Theorem,Theorem,yes,18.7108008,Theorem,unsat,unsat,yes,unsat,yes,yes,yes,yes,yes,0.0666317,yes,yes,yes
2_2_24_ProceedDuringEPR_group25,Theorem,Theorem,yes,18.9841961,Theorem,unsat,unsat,yes,unsat,yes,yes,yes,yes,yes,0.0664669,yes,yes,yes
2_2_24_ProceedDuringEPR_group26,Theorem,Theorem,yes,18.6780439,Theorem,unsat,unsat,yes,unsat,yes,yes,yes,yes,yes,0.0691285,yes,yes,yes
2_2_24_ProceedDuringEPR_group27,Theorem,Theorem,yes,18.6619336,Theorem,unsat,unsat,yes,unsat,yes,yes,yes,yes,yes,0.0711335,yes,yes,yes
2_2_24_ProceedDuringEPR_group3,Theorem,Theorem,yes,18.6899978,Theorem,unsat,unsat,yes,unsat,yes,yes,yes,yes,yes,0.0675709,yes,yes,yes
2_2_24_ProceedDuringEPR_group4,Theorem,CounterSatisfiable,no,18.7671071,Theorem,unsat,unsat,yes,unsat,yes,yes,yes,yes,yes,0.0707363,yes,yes,yes
2_2_24_ProceedDuringEPR_group5,Theorem,CounterSatisfiable,no,18.8482538,Theorem,unsat,unsat,yes,unsat,yes,yes,yes,yes,yes,0.0684632,yes,yes,yes
2_2_24_ProceedDuringEPR_group6,Theorem,CounterSatisfiable,no,18.7588435,Theorem,unsat,unsat,yes,unsat,yes,yes,yes,yes,yes,0.063939,yes,yes,yes
2_2_24_ProceedDuringEPR_group7,Theorem,Theorem,yes,18.7985426,Theorem,unsat,unsat,yes,unsat,yes,yes,yes,yes,yes,0.0652089,yes,yes,yes
2_2_24_ProceedDuringEPR_group8,Theorem,CounterSatisfiable,no,18.7171456,Theorem,unsat,unsat,yes,unsat,yes,yes,yes,yes,yes,0.0665373,yes,yes,yes
2_2_24_ProceedDuringEPR_group9,Theorem,CounterSatisfiable,no,18.9304889,CounterSatisfiable,"(error ""line 32741 column 257: unknown constant TPAP_dot_EPR_0"")sat","(error ""line 38710 column 257: unknown constant TPAP_dot_EPR_0"")(error ""line 38711 column 257: unknown constant TPAP_dot_EPR_1"")sat",no,"(error ""line 1507049 column 268: unknown constant TPAP_dot_EPR_0"")(error ""line 1507050 column 268: unknown constant TPAP_dot_EPR_1"")(error ""line 1507051 column 268: unknown constant TPAP_dot_EPR_2"")(error ""line 1507052 column 268: unknown constant TPAP_dot_EPR_3"")(error ""line 1507053 column 268: unknown constant TPAP_dot_EPR_4"")(error ""line 1507054 column 268: unknown constant TPAP_dot_EPR_5"")(error ""line 1507055 column 268: unknown constant TPAP_dot_EPR_6"")(error ""line 1507056 column 268: unknown constant TPAP_dot_EPR_7"")(error ""line 1507057 column 268: unknown constant TPAP_dot_EPR_8"")(error ""line 1507058 column 269: unknown constant TPAP_dot_EPR_9"")(error ""line 1507059 column 277: unknown constant TPAP_dot_EPR_10"")(error ""line 1507060 column 277: unknown constant TPAP_dot_EPR_11"")(error ""line 1507061 column 277: unknown constant TPAP_dot_EPR_12"")(error ""line 1507062 column 277: unknown constant TPAP_dot_EPR_13"")(error ""line 1507063 column 277: unknown constant TPAP_dot_EPR_14"")(error ""line 1507064 column 277: unknown constant TPAP_dot_EPR_15"")(error ""line 1507065 column 277: unknown constant TPAP_dot_EPR_16"")(error ""line 1507066 column 277: unknown constant TPAP_dot_EPR_17"")(error ""line 1507067 column 277: unknown constant TPAP_dot_EPR_18"")(error ""line 1507068 column 277: unknown constant TPAP_dot_EPR_19"")(error ""line 1507069 column 277: unknown constant TPAP_dot_EPR_20"")(error ""line 1507070 column 277: unknown constant TPAP_dot_EPR_21"")(error ""line 1507071 column 277: unknown constant TPAP_dot_EPR_22"")(error ""line 1507072 column 277: unknown constant TPAP_dot_EPR_23"")(error ""line 1507073 column 277: unknown constant TPAP_dot_EPR_24"")(error ""line 1507074 column 277: unknown constant TPAP_dot_EPR_25"")(error ""line 1507075 column 277: unknown constant TPAP_dot_EPR_26"")(error ""line 1507076 column 277: unknown constant TPAP_dot_EPR_27"")(error ""line 1507077 column 277: unknown constant TPAP_dot_EPR_28"")(error ""line 1507078 column 277: unknown constant TPAP_dot_EPR_29"")(error ""line 1507079 column 277: unknown constant TPAP_dot_EPR_30"")(error ""line 1507080 column 277: unknown constant TPAP_dot_EPR_31"")(error ""line 1507081 column 277: unknown constant TPAP_dot_EPR_32"")(error ""line 1507082 column 277: unknown constant TPAP_dot_EPR_33"")(error ""line 1507083 column 277: unknown constant TPAP_dot_EPR_34"")(error ""line 1507084 column 277: unknown constant TPAP_dot_EPR_35"")(error ""line 1507085 column 277: unknown constant TPAP_dot_EPR_36"")(error ""line 1507086 column 277: unknown constant TPAP_dot_EPR_37"")(error ""line 1507087 column 277: unknown constant TPAP_dot_EPR_38"")(error ""line 1507088 column 277: unknown constant TPAP_dot_EPR_39"")(error ""line 1507089 column 277: unknown constant TPAP_dot_EPR_40"")(error ""line 1507090 column 277: unknown constant TPAP_dot_EPR_41"")(error ""line 1507091 column 277: unknown constant TPAP_dot_EPR_42"")(error ""line 1507092 column 277: unknown constant TPAP_dot_EPR_43"")(error ""line 1507093 column 277: unknown constant TPAP_dot_EPR_44"")(error ""line 1507094 column 277: unknown constant TPAP_dot_EPR_45"")(error ""line 1507095 column 277: unknown constant TPAP_dot_EPR_46"")(error ""line 1507096 column 277: unknown constant TPAP_dot_EPR_47"")(error ""line 1507097 column 277: unknown constant TPAP_dot_EPR_48"")(error ""line 1507098 column 277: unknown constant TPAP_dot_EPR_49"")(error ""line 1507099 column 277: unknown constant TPAP_dot_EPR_50"")(error ""line 1507100 column 277: unknown constant TPAP_dot_EPR_51"")(error ""line 1507101 column 277: unknown constant TPAP_dot_EPR_52"")(error ""line 1507102 column 277: unknown constant TPAP_dot_EPR_53"")(error ""line 1507103 column 277: unknown constant TPAP_dot_EPR_54"")(error ""line 1507104 column 277: unknown constant TPAP_dot_EPR_55"")(error ""line 1507105 column 277: unknown constant TPAP_dot_EPR_56"")(error ""line 1507106 column 277: unknown constant TPAP_dot_EPR_57"")(error ""line 1507107 column 277: unknown constant TPAP_dot_EPR_58"")(error ""line 1507108 column 277: unknown constant TPAP_dot_EPR_59"")(error ""line 1507109 column 277: unknown constant TPAP_dot_EPR_60"")(error ""line 1507110 column 277: unknown constant TPAP_dot_EPR_61"")(error ""line 1507111 column 277: unknown constant TPAP_dot_EPR_62"")(error ""line 1507112 column 277: unknown constant TPAP_dot_EPR_63"")(error ""line 1507113 column 277: unknown constant TPAP_dot_EPR_64"")(error ""line 1507114 column 277: unknown constant TPAP_dot_EPR_65"")(error ""line 1507115 column 277: unknown constant TPAP_dot_EPR_66"")(error ""line 1507116 column 277: unknown constant TPAP_dot_EPR_67"")(error ""line 1507117 column 277: unknown constant TPAP_dot_EPR_68"")(error ""line 1507118 column 277: unknown constant TPAP_dot_EPR_69"")(error ""line 1507119 column 277: unknown constant TPAP_dot_EPR_70"")(error ""line 1507120 column 277: unknown constant TPAP_dot_EPR_71"")(error ""line 1507121 column 277: unknown constant TPAP_dot_EPR_72"")(error ""line 1507122 column 277: unknown constant TPAP_dot_EPR_73"")(error ""line 1507123 column 277: unknown constant TPAP_dot_EPR_74"")(error ""line 1507124 column 277: unknown constant TPAP_dot_EPR_75"")(error ""line 1507125 column 277: unknown constant TPAP_dot_EPR_76"")(error ""line 1507126 column 277: unknown constant TPAP_dot_EPR_77"")(error ""line 1507127 column 277: unknown constant TPAP_dot_EPR_78"")(error ""line 1507128 column 277: unknown constant TPAP_dot_EPR_79"")(error ""line 1507129 column 277: unknown constant TPAP_dot_EPR_80"")(error ""line 1507130 column 277: unknown constant TPAP_dot_EPR_81"")(error ""line 1507131 column 277: unknown constant TPAP_dot_EPR_82"")(error ""line 1507132 column 277: unknown constant TPAP_dot_EPR_83"")(error ""line 1507133 column 277: unknown constant TPAP_dot_EPR_84"")(error ""line 1507134 column 277: unknown constant TPAP_dot_EPR_85"")(error ""line 1507135 column 277: unknown constant TPAP_dot_EPR_86"")(error ""line 1507136 column 277: unknown constant TPAP_dot_EPR_87"")(error ""line 1507137 column 277: unknown constant TPAP_dot_EPR_88"")(error ""line 1507138 column 277: unknown constant TPAP_dot_EPR_89"")(error ""line 1507139 column 277: unknown constant TPAP_dot_EPR_90"")(error ""line 1507140 column 277: unknown constant TPAP_dot_EPR_91"")(error ""line 1507141 column 277: unknown constant TPAP_dot_EPR_92"")(error ""line 1507142 column 277: unknown constant TPAP_dot_EPR_93"")(error ""line 1507143 column 277: unknown constant TPAP_dot_EPR_94"")(error ""line 1507144 column 277: unknown constant TPAP_dot_EPR_95"")(error ""line 1507145 column 277: unknown constant TPAP_dot_EPR_96"")(error ""line 1507146 column 277: unknown constant TPAP_dot_EPR_97"")(error ""line 1507147 column 277: unknown constant TPAP_dot_EPR_98"")(error ""line 1507148 column 278: unknown constant TPAP_dot_EPR_99"")sat",N/A => Expected predicate keys to be pre-included in a dictionary.,yes,yes,yes,N/A => Expected predicate keys to be pre-included in a dictionary.,0,yes,yes,yes
2_2_25_ProceedDuringSTR_group0,Theorem,CounterSatisfiable,no,18.9553219,Theorem,unsat,unsat,yes,unsat,yes,yes,yes,yes,yes,0.0586682,yes,yes,yes
2_2_25_ProceedDuringSTR_group1,Theorem,CounterSatisfiable,no,18.7670296,Theorem,unsat,unsat,yes,unsat,yes,yes,yes,yes,yes,0.0664523,yes,yes,yes
2_2_25_ProceedDuringSTR_group10,Theorem,CounterSatisfiable,no,18.8619848,Theorem,unsat,unsat,yes,unsat,yes,yes,yes,yes,yes,0.0662643,yes,yes,yes
2_2_25_ProceedDuringSTR_group11,Theorem,CounterSatisfiable,no,18.7326487,Theorem,unsat,unsat,yes,unsat,yes,yes,yes,yes,yes,0.0666876,yes,yes,yes
2_2_25_ProceedDuringSTR_group12,Theorem,CounterSatisfiable,no,19.0987467,CounterSatisfiable,unsat,unsat,yes,unsat,yes,yes,yes,yes,yes,0.0652202,yes,yes,yes
2_2_25_ProceedDuringSTR_group13,Theorem,CounterSatisfiable,no,18.744518,Theorem,unsat,unsat,yes,unsat,yes,yes,yes,yes,yes,0.0658293,yes,yes,yes
2_2_25_ProceedDuringSTR_group14,Theorem,CounterSatisfiable,no,18.7166971,Theorem,unsat,unsat,yes,unsat,yes,yes,yes,yes,yes,0.0685332,yes,yes,yes
2_2_25_ProceedDuringSTR_group15,Theorem,CounterSatisfiable,no,18.9125826,Theorem,unsat,unsat,yes,unsat,yes,yes,yes,yes,yes,0.0648753,yes,yes,yes
2_2_25_ProceedDuringSTR_group16,Theorem,CounterSatisfiable,no,18.9347012,Theorem,unsat,unsat,yes,unsat,yes,yes,yes,yes,yes,0.0682563,yes,yes,yes
2_2_25_ProceedDuringSTR_group17,Theorem,CounterSatisfiable,no,18.8054702,Theorem,unsat,unsat,yes,unsat,yes,yes,yes,yes,yes,0.0689707,yes,yes,yes
2_2_25_ProceedDuringSTR_group18,Theorem,CounterSatisfiable,no,18.7486883,CounterSatisfiable,"(error ""line 32741 column 312: unknown constant TPAP_dot_STRU_0"")sat","(error ""line 38710 column 312: unknown constant TPAP_dot_STRU_0"")(error ""line 38711 column 312: unknown constant TPAP_dot_STRU_1"")sat",no,"(error ""line 1507049 column 342: unknown constant TPAP_dot_STRU_0"")(error ""line 1507050 column 342: unknown constant TPAP_dot_STRU_1"")(error ""line 1507051 column 342: unknown constant TPAP_dot_STRU_2"")(error ""line 1507052 column 342: unknown constant TPAP_dot_STRU_3"")(error ""line 1507053 column 342: unknown constant TPAP_dot_STRU_4"")(error ""line 1507054 column 342: unknown constant TPAP_dot_STRU_5"")(error ""line 1507055 column 342: unknown constant TPAP_dot_STRU_6"")(error ""line 1507056 column 342: unknown constant TPAP_dot_STRU_7"")(error ""line 1507057 column 342: unknown constant TPAP_dot_STRU_8"")(error ""line 1507058 column 344: unknown constant TPAP_dot_STRU_9"")(error ""line 1507059 column 353: unknown constant TPAP_dot_STRU_10"")(error ""line 1507060 column 353: unknown constant TPAP_dot_STRU_11"")(error ""line 1507061 column 353: unknown constant TPAP_dot_STRU_12"")(error ""line 1507062 column 353: unknown constant TPAP_dot_STRU_13"")(error ""line 1507063 column 353: unknown constant TPAP_dot_STRU_14"")(error ""line 1507064 column 353: unknown constant TPAP_dot_STRU_15"")(error ""line 1507065 column 353: unknown constant TPAP_dot_STRU_16"")(error ""line 1507066 column 353: unknown constant TPAP_dot_STRU_17"")(error ""line 1507067 column 353: unknown constant TPAP_dot_STRU_18"")(error ""line 1507068 column 353: unknown constant TPAP_dot_STRU_19"")(error ""line 1507069 column 353: unknown constant TPAP_dot_STRU_20"")(error ""line 1507070 column 353: unknown constant TPAP_dot_STRU_21"")(error ""line 1507071 column 353: unknown constant TPAP_dot_STRU_22"")(error ""line 1507072 column 353: unknown constant TPAP_dot_STRU_23"")(error ""line 1507073 column 353: unknown constant TPAP_dot_STRU_24"")(error ""line 1507074 column 353: unknown constant TPAP_dot_STRU_25"")(error ""line 1507075 column 353: unknown constant TPAP_dot_STRU_26"")(error ""line 1507076 column 353: unknown constant TPAP_dot_STRU_27"")(error ""line 1507077 column 353: unknown constant TPAP_dot_STRU_28"")(error ""line 1507078 column 353: unknown constant TPAP_dot_STRU_29"")(error ""line 1507079 column 353: unknown constant TPAP_dot_STRU_30"")(error ""line 1507080 column 353: unknown constant TPAP_dot_STRU_31"")(error ""line 1507081 column 353: unknown constant TPAP_dot_STRU_32"")(error ""line 1507082 column 353: unknown constant TPAP_dot_STRU_33"")(error ""line 1507083 column 353: unknown constant TPAP_dot_STRU_34"")(error ""line 1507084 column 353: unknown constant TPAP_dot_STRU_35"")(error ""line 1507085 column 353: unknown constant TPAP_dot_STRU_36"")(error ""line 1507086 column 353: unknown constant TPAP_dot_STRU_37"")(error ""line 1507087 column 353: unknown constant TPAP_dot_STRU_38"")(error ""line 1507088 column 353: unknown constant TPAP_dot_STRU_39"")(error ""line 1507089 column 353: unknown constant TPAP_dot_STRU_40"")(error ""line 1507090 column 353: unknown constant TPAP_dot_STRU_41"")(error ""line 1507091 column 353: unknown constant TPAP_dot_STRU_42"")(error ""line 1507092 column 353: unknown constant TPAP_dot_STRU_43"")(error ""line 1507093 column 353: unknown constant TPAP_dot_STRU_44"")(error ""line 1507094 column 353: unknown constant TPAP_dot_STRU_45"")(error ""line 1507095 column 353: unknown constant TPAP_dot_STRU_46"")(error ""line 1507096 column 353: unknown constant TPAP_dot_STRU_47"")(error ""line 1507097 column 353: unknown constant TPAP_dot_STRU_48"")(error ""line 1507098 column 353: unknown constant TPAP_dot_STRU_49"")(error ""line 1507099 column 353: unknown constant TPAP_dot_STRU_50"")(error ""line 1507100 column 353: unknown constant TPAP_dot_STRU_51"")(error ""line 1507101 column 353: unknown constant TPAP_dot_STRU_52"")(error ""line 1507102 column 353: unknown constant TPAP_dot_STRU_53"")(error ""line 1507103 column 353: unknown constant TPAP_dot_STRU_54"")(error ""line 1507104 column 353: unknown constant TPAP_dot_STRU_55"")(error ""line 1507105 column 353: unknown constant TPAP_dot_STRU_56"")(error ""line 1507106 column 353: unknown constant TPAP_dot_STRU_57"")(error ""line 1507107 column 353: unknown constant TPAP_dot_STRU_58"")(error ""line 1507108 column 353: unknown constant TPAP_dot_STRU_59"")(error ""line 1507109 column 353: unknown constant TPAP_dot_STRU_60"")(error ""line 1507110 column 353: unknown constant TPAP_dot_STRU_61"")(error ""line 1507111 column 353: unknown constant TPAP_dot_STRU_62"")(error ""line 1507112 column 353: unknown constant TPAP_dot_STRU_63"")(error ""line 1507113 column 353: unknown constant TPAP_dot_STRU_64"")(error ""line 1507114 column 353: unknown constant TPAP_dot_STRU_65"")(error ""line 1507115 column 353: unknown constant TPAP_dot_STRU_66"")(error ""line 1507116 column 353: unknown constant TPAP_dot_STRU_67"")(error ""line 1507117 column 353: unknown constant TPAP_dot_STRU_68"")(error ""line 1507118 column 353: unknown constant TPAP_dot_STRU_69"")(error ""line 1507119 column 353: unknown constant TPAP_dot_STRU_70"")(error ""line 1507120 column 353: unknown constant TPAP_dot_STRU_71"")(error ""line 1507121 column 353: unknown constant TPAP_dot_STRU_72"")(error ""line 1507122 column 353: unknown constant TPAP_dot_STRU_73"")(error ""line 1507123 column 353: unknown constant TPAP_dot_STRU_74"")(error ""line 1507124 column 353: unknown constant TPAP_dot_STRU_75"")(error ""line 1507125 column 353: unknown constant TPAP_dot_STRU_76"")(error ""line 1507126 column 353: unknown constant TPAP_dot_STRU_77"")(error ""line 1507127 column 353: unknown constant TPAP_dot_STRU_78"")(error ""line 1507128 column 353: unknown constant TPAP_dot_STRU_79"")(error ""line 1507129 column 353: unknown constant TPAP_dot_STRU_80"")(error ""line 1507130 column 353: unknown constant TPAP_dot_STRU_81"")(error ""line 1507131 column 353: unknown constant TPAP_dot_STRU_82"")(error ""line 1507132 column 353: unknown constant TPAP_dot_STRU_83"")(error ""line 1507133 column 353: unknown constant TPAP_dot_STRU_84"")(error ""line 1507134 column 353: unknown constant TPAP_dot_STRU_85"")(error ""line 1507135 column 353: unknown constant TPAP_dot_STRU_86"")(error ""line 1507136 column 353: unknown constant TPAP_dot_STRU_87"")(error ""line 1507137 column 353: unknown constant TPAP_dot_STRU_88"")(error ""line 1507138 column 353: unknown constant TPAP_dot_STRU_89"")(error ""line 1507139 column 353: unknown constant TPAP_dot_STRU_90"")(error ""line 1507140 column 353: unknown constant TPAP_dot_STRU_91"")(error ""line 1507141 column 353: unknown constant TPAP_dot_STRU_92"")(error ""line 1507142 column 353: unknown constant TPAP_dot_STRU_93"")(error ""line 1507143 column 353: unknown constant TPAP_dot_STRU_94"")(error ""line 1507144 column 353: unknown constant TPAP_dot_STRU_95"")(error ""line 1507145 column 353: unknown constant TPAP_dot_STRU_96"")(error ""line 1507146 column 353: unknown constant TPAP_dot_STRU_97"")(error ""line 1507147 column 353: unknown constant TPAP_dot_STRU_98"")(error ""line 1507148 column 355: unknown constant TPAP_dot_STRU_99"")sat",N/A => Expected predicate keys to be pre-included in a dictionary.,yes,yes,yes,N/A => Expected predicate keys to be pre-included in a dictionary.,0,yes,yes,yes
2_2_25_ProceedDuringSTR_group19,Theorem,Theorem,yes,18.7971396,Theorem,unsat,unsat,yes,unsat,yes,yes,yes,yes,yes,0.0694957,yes,yes,yes
2_2_25_ProceedDuringSTR_group2,Theorem,CounterSatisfiable,no,19.007361,Theorem,unsat,unsat,yes,unsat,yes,yes,yes,yes,yes,0.0643043,yes,yes,yes
2_2_25_ProceedDuringSTR_group20,Theorem,CounterSatisfiable,no,19.0424727,CounterSatisfiable,"(error ""line 32741 column 263: unknown constant TPYM_dot_STRU_0"")sat","(error ""line 38710 column 263: unknown constant TPYM_dot_STRU_0"")(error ""line 38711 column 263: unknown constant TPYM_dot_STRU_1"")sat",no,"(error ""line 1507049 column 274: unknown constant TPYM_dot_STRU_0"")(error ""line 1507050 column 274: unknown constant TPYM_dot_STRU_1"")(error ""line 1507051 column 274: unknown constant TPYM_dot_STRU_2"")(error ""line 1507052 column 274: unknown constant TPYM_dot_STRU_3"")(error ""line 1507053 column 274: unknown constant TPYM_dot_STRU_4"")(error ""line 1507054 column 274: unknown constant TPYM_dot_STRU_5"")(error ""line 1507055 column 274: unknown constant TPYM_dot_STRU_6"")(error ""line 1507056 column 274: unknown constant TPYM_dot_STRU_7"")(error ""line 1507057 column 274: unknown constant TPYM_dot_STRU_8"")(error ""line 1507058 column 275: unknown constant TPYM_dot_STRU_9"")(error ""line 1507059 column 283: unknown constant TPYM_dot_STRU_10"")(error ""line 1507060 column 283: unknown constant TPYM_dot_STRU_11"")(error ""line 1507061 column 283: unknown constant TPYM_dot_STRU_12"")(error ""line 1507062 column 283: unknown constant TPYM_dot_STRU_13"")(error ""line 1507063 column 283: unknown constant TPYM_dot_STRU_14"")(error ""line 1507064 column 283: unknown constant TPYM_dot_STRU_15"")(error ""line 1507065 column 283: unknown constant TPYM_dot_STRU_16"")(error ""line 1507066 column 283: unknown constant TPYM_dot_STRU_17"")(error ""line 1507067 column 283: unknown constant TPYM_dot_STRU_18"")(error ""line 1507068 column 283: unknown constant TPYM_dot_STRU_19"")(error ""line 1507069 column 283: unknown constant TPYM_dot_STRU_20"")(error ""line 1507070 column 283: unknown constant TPYM_dot_STRU_21"")(error ""line 1507071 column 283: unknown constant TPYM_dot_STRU_22"")(error ""line 1507072 column 283: unknown constant TPYM_dot_STRU_23"")(error ""line 1507073 column 283: unknown constant TPYM_dot_STRU_24"")(error ""line 1507074 column 283: unknown constant TPYM_dot_STRU_25"")(error ""line 1507075 column 283: unknown constant TPYM_dot_STRU_26"")(error ""line 1507076 column 283: unknown constant TPYM_dot_STRU_27"")(error ""line 1507077 column 283: unknown constant TPYM_dot_STRU_28"")(error ""line 1507078 column 283: unknown constant TPYM_dot_STRU_29"")(error ""line 1507079 column 283: unknown constant TPYM_dot_STRU_30"")(error ""line 1507080 column 283: unknown constant TPYM_dot_STRU_31"")(error ""line 1507081 column 283: unknown constant TPYM_dot_STRU_32"")(error ""line 1507082 column 283: unknown constant TPYM_dot_STRU_33"")(error ""line 1507083 column 283: unknown constant TPYM_dot_STRU_34"")(error ""line 1507084 column 283: unknown constant TPYM_dot_STRU_35"")(error ""line 1507085 column 283: unknown constant TPYM_dot_STRU_36"")(error ""line 1507086 column 283: unknown constant TPYM_dot_STRU_37"")(error ""line 1507087 column 283: unknown constant TPYM_dot_STRU_38"")(error ""line 1507088 column 283: unknown constant TPYM_dot_STRU_39"")(error ""line 1507089 column 283: unknown constant TPYM_dot_STRU_40"")(error ""line 1507090 column 283: unknown constant TPYM_dot_STRU_41"")(error ""line 1507091 column 283: unknown constant TPYM_dot_STRU_42"")(error ""line 1507092 column 283: unknown constant TPYM_dot_STRU_43"")(error ""line 1507093 column 283: unknown constant TPYM_dot_STRU_44"")(error ""line 1507094 column 283: unknown constant TPYM_dot_STRU_45"")(error ""line 1507095 column 283: unknown constant TPYM_dot_STRU_46"")(error ""line 1507096 column 283: unknown constant TPYM_dot_STRU_47"")(error ""line 1507097 column 283: unknown constant TPYM_dot_STRU_48"")(error ""line 1507098 column 283: unknown constant TPYM_dot_STRU_49"")(error ""line 1507099 column 283: unknown constant TPYM_dot_STRU_50"")(error ""line 1507100 column 283: unknown constant TPYM_dot_STRU_51"")(error ""line 1507101 column 283: unknown constant TPYM_dot_STRU_52"")(error ""line 1507102 column 283: unknown constant TPYM_dot_STRU_53"")(error ""line 1507103 column 283: unknown constant TPYM_dot_STRU_54"")(error ""line 1507104 column 283: unknown constant TPYM_dot_STRU_55"")(error ""line 1507105 column 283: unknown constant TPYM_dot_STRU_56"")(error ""line 1507106 column 283: unknown constant TPYM_dot_STRU_57"")(error ""line 1507107 column 283: unknown constant TPYM_dot_STRU_58"")(error ""line 1507108 column 283: unknown constant TPYM_dot_STRU_59"")(error ""line 1507109 column 283: unknown constant TPYM_dot_STRU_60"")(error ""line 1507110 column 283: unknown constant TPYM_dot_STRU_61"")(error ""line 1507111 column 283: unknown constant TPYM_dot_STRU_62"")(error ""line 1507112 column 283: unknown constant TPYM_dot_STRU_63"")(error ""line 1507113 column 283: unknown constant TPYM_dot_STRU_64"")(error ""line 1507114 column 283: unknown constant TPYM_dot_STRU_65"")(error ""line 1507115 column 283: unknown constant TPYM_dot_STRU_66"")(error ""line 1507116 column 283: unknown constant TPYM_dot_STRU_67"")(error ""line 1507117 column 283: unknown constant TPYM_dot_STRU_68"")(error ""line 1507118 column 283: unknown constant TPYM_dot_STRU_69"")(error ""line 1507119 column 283: unknown constant TPYM_dot_STRU_70"")(error ""line 1507120 column 283: unknown constant TPYM_dot_STRU_71"")(error ""line 1507121 column 283: unknown constant TPYM_dot_STRU_72"")(error ""line 1507122 column 283: unknown constant TPYM_dot_STRU_73"")(error ""line 1507123 column 283: unknown constant TPYM_dot_STRU_74"")(error ""line 1507124 column 283: unknown constant TPYM_dot_STRU_75"")(error ""line 1507125 column 283: unknown constant TPYM_dot_STRU_76"")(error ""line 1507126 column 283: unknown constant TPYM_dot_STRU_77"")(error ""line 1507127 column 283: unknown constant TPYM_dot_STRU_78"")(error ""line 1507128 column 283: unknown constant TPYM_dot_STRU_79"")(error ""line 1507129 column 283: unknown constant TPYM_dot_STRU_80"")(error ""line 1507130 column 283: unknown constant TPYM_dot_STRU_81"")(error ""line 1507131 column 283: unknown constant TPYM_dot_STRU_82"")(error ""line 1507132 column 283: unknown constant TPYM_dot_STRU_83"")(error ""line 1507133 column 283: unknown constant TPYM_dot_STRU_84"")(error ""line 1507134 column 283: unknown constant TPYM_dot_STRU_85"")(error ""line 1507135 column 283: unknown constant TPYM_dot_STRU_86"")(error ""line 1507136 column 283: unknown constant TPYM_dot_STRU_87"")(error ""line 1507137 column 283: unknown constant TPYM_dot_STRU_88"")(error ""line 1507138 column 283: unknown constant TPYM_dot_STRU_89"")(error ""line 1507139 column 283: unknown constant TPYM_dot_STRU_90"")(error ""line 1507140 column 283: unknown constant TPYM_dot_STRU_91"")(error ""line 1507141 column 283: unknown constant TPYM_dot_STRU_92"")(error ""line 1507142 column 283: unknown constant TPYM_dot_STRU_93"")(error ""line 1507143 column 283: unknown constant TPYM_dot_STRU_94"")(error ""line 1507144 column 283: unknown constant TPYM_dot_STRU_95"")(error ""line 1507145 column 283: unknown constant TPYM_dot_STRU_96"")(error ""line 1507146 column 283: unknown constant TPYM_dot_STRU_97"")(error ""line 1507147 column 283: unknown constant TPYM_dot_STRU_98"")(error ""line 1507148 column 284: unknown constant TPYM_dot_STRU_99"")sat",N/A => Expected predicate keys to be pre-included in a dictionary.,yes,yes,yes,N/A => Expected predicate keys to be pre-included in a dictionary.,0,yes,yes,yes
2_2_25_ProceedDuringSTR_group21,Theorem,Theorem,yes,18.7226139,Theorem,unsat,unsat,yes,unsat,yes,yes,yes,yes,yes,0.067079,yes,yes,yes
2_2_25_ProceedDuringSTR_group22,Theorem,Theorem,yes,18.7190941,Theorem,unsat,unsat,yes,unsat,yes,yes,yes,yes,yes,0.0637189,yes,yes,yes
2_2_25_ProceedDuringSTR_group23,Theorem,Theorem,yes,18.7867082,Theorem,unsat,unsat,yes,unsat,yes,yes,yes,yes,yes,0.0684964,yes,yes,yes
2_2_25_ProceedDuringSTR_group24,Theorem,Theorem,yes,18.8633396,Theorem,unsat,unsat,yes,unsat,yes,yes,yes,yes,yes,0.0654869,yes,yes,yes
2_2_25_ProceedDuringSTR_group3,Theorem,CounterSatisfiable,no,18.8443081,Theorem,unsat,unsat,yes,unsat,yes,yes,yes,yes,yes,0.0708308,yes,yes,yes
2_2_25_ProceedDuringSTR_group4,Theorem,CounterSatisfiable,no,18.8440486,Theorem,unsat,unsat,yes,unsat,yes,yes,yes,yes,yes,0.06518,yes,yes,yes
2_2_25_ProceedDuringSTR_group5,Theorem,CounterSatisfiable,no,19.032924,Theorem,unsat,unsat,yes,unsat,yes,yes,yes,yes,yes,0.0634174,yes,yes,yes
2_2_25_ProceedDuringSTR_group6,Theorem,CounterSatisfiable,no,18.7626704,Theorem,unsat,unsat,yes,unsat,yes,yes,yes,yes,yes,0.0579931,yes,yes,yes
2_2_25_ProceedDuringSTR_group7,Theorem,CounterSatisfiable,no,18.7894543,CounterSatisfiable,"(error ""line 32741 column 263: unknown constant TPAP_dot_STRU_0"")sat","(error ""line 38710 column 263: unknown constant TPAP_dot_STRU_0"")(error ""line 38711 column 263: unknown constant TPAP_dot_STRU_1"")sat",no,"(error ""line 1507049 column 274: unknown constant TPAP_dot_STRU_0"")(error ""line 1507050 column 274: unknown constant TPAP_dot_STRU_1"")(error ""line 1507051 column 274: unknown constant TPAP_dot_STRU_2"")(error ""line 1507052 column 274: unknown constant TPAP_dot_STRU_3"")(error ""line 1507053 column 274: unknown constant TPAP_dot_STRU_4"")(error ""line 1507054 column 274: unknown constant TPAP_dot_STRU_5"")(error ""line 1507055 column 274: unknown constant TPAP_dot_STRU_6"")(error ""line 1507056 column 274: unknown constant TPAP_dot_STRU_7"")(error ""line 1507057 column 274: unknown constant TPAP_dot_STRU_8"")(error ""line 1507058 column 275: unknown constant TPAP_dot_STRU_9"")(error ""line 1507059 column 283: unknown constant TPAP_dot_STRU_10"")(error ""line 1507060 column 283: unknown constant TPAP_dot_STRU_11"")(error ""line 1507061 column 283: unknown constant TPAP_dot_STRU_12"")(error ""line 1507062 column 283: unknown constant TPAP_dot_STRU_13"")(error ""line 1507063 column 283: unknown constant TPAP_dot_STRU_14"")(error ""line 1507064 column 283: unknown constant TPAP_dot_STRU_15"")(error ""line 1507065 column 283: unknown constant TPAP_dot_STRU_16"")(error ""line 1507066 column 283: unknown constant TPAP_dot_STRU_17"")(error ""line 1507067 column 283: unknown constant TPAP_dot_STRU_18"")(error ""line 1507068 column 283: unknown constant TPAP_dot_STRU_19"")(error ""line 1507069 column 283: unknown constant TPAP_dot_STRU_20"")(error ""line 1507070 column 283: unknown constant TPAP_dot_STRU_21"")(error ""line 1507071 column 283: unknown constant TPAP_dot_STRU_22"")(error ""line 1507072 column 283: unknown constant TPAP_dot_STRU_23"")(error ""line 1507073 column 283: unknown constant TPAP_dot_STRU_24"")(error ""line 1507074 column 283: unknown constant TPAP_dot_STRU_25"")(error ""line 1507075 column 283: unknown constant TPAP_dot_STRU_26"")(error ""line 1507076 column 283: unknown constant TPAP_dot_STRU_27"")(error ""line 1507077 column 283: unknown constant TPAP_dot_STRU_28"")(error ""line 1507078 column 283: unknown constant TPAP_dot_STRU_29"")(error ""line 1507079 column 283: unknown constant TPAP_dot_STRU_30"")(error ""line 1507080 column 283: unknown constant TPAP_dot_STRU_31"")(error ""line 1507081 column 283: unknown constant TPAP_dot_STRU_32"")(error ""line 1507082 column 283: unknown constant TPAP_dot_STRU_33"")(error ""line 1507083 column 283: unknown constant TPAP_dot_STRU_34"")(error ""line 1507084 column 283: unknown constant TPAP_dot_STRU_35"")(error ""line 1507085 column 283: unknown constant TPAP_dot_STRU_36"")(error ""line 1507086 column 283: unknown constant TPAP_dot_STRU_37"")(error ""line 1507087 column 283: unknown constant TPAP_dot_STRU_38"")(error ""line 1507088 column 283: unknown constant TPAP_dot_STRU_39"")(error ""line 1507089 column 283: unknown constant TPAP_dot_STRU_40"")(error ""line 1507090 column 283: unknown constant TPAP_dot_STRU_41"")(error ""line 1507091 column 283: unknown constant TPAP_dot_STRU_42"")(error ""line 1507092 column 283: unknown constant TPAP_dot_STRU_43"")(error ""line 1507093 column 283: unknown constant TPAP_dot_STRU_44"")(error ""line 1507094 column 283: unknown constant TPAP_dot_STRU_45"")(error ""line 1507095 column 283: unknown constant TPAP_dot_STRU_46"")(error ""line 1507096 column 283: unknown constant TPAP_dot_STRU_47"")(error ""line 1507097 column 283: unknown constant TPAP_dot_STRU_48"")(error ""line 1507098 column 283: unknown constant TPAP_dot_STRU_49"")(error ""line 1507099 column 283: unknown constant TPAP_dot_STRU_50"")(error ""line 1507100 column 283: unknown constant TPAP_dot_STRU_51"")(error ""line 1507101 column 283: unknown constant TPAP_dot_STRU_52"")(error ""line 1507102 column 283: unknown constant TPAP_dot_STRU_53"")(error ""line 1507103 column 283: unknown constant TPAP_dot_STRU_54"")(error ""line 1507104 column 283: unknown constant TPAP_dot_STRU_55"")(error ""line 1507105 column 283: unknown constant TPAP_dot_STRU_56"")(error ""line 1507106 column 283: unknown constant TPAP_dot_STRU_57"")(error ""line 1507107 column 283: unknown constant TPAP_dot_STRU_58"")(error ""line 1507108 column 283: unknown constant TPAP_dot_STRU_59"")(error ""line 1507109 column 283: unknown constant TPAP_dot_STRU_60"")(error ""line 1507110 column 283: unknown constant TPAP_dot_STRU_61"")(error ""line 1507111 column 283: unknown constant TPAP_dot_STRU_62"")(error ""line 1507112 column 283: unknown constant TPAP_dot_STRU_63"")(error ""line 1507113 column 283: unknown constant TPAP_dot_STRU_64"")(error ""line 1507114 column 283: unknown constant TPAP_dot_STRU_65"")(error ""line 1507115 column 283: unknown constant TPAP_dot_STRU_66"")(error ""line 1507116 column 283: unknown constant TPAP_dot_STRU_67"")(error ""line 1507117 column 283: unknown constant TPAP_dot_STRU_68"")(error ""line 1507118 column 283: unknown constant TPAP_dot_STRU_69"")(error ""line 1507119 column 283: unknown constant TPAP_dot_STRU_70"")(error ""line 1507120 column 283: unknown constant TPAP_dot_STRU_71"")(error ""line 1507121 column 283: unknown constant TPAP_dot_STRU_72"")(error ""line 1507122 column 283: unknown constant TPAP_dot_STRU_73"")(error ""line 1507123 column 283: unknown constant TPAP_dot_STRU_74"")(error ""line 1507124 column 283: unknown constant TPAP_dot_STRU_75"")(error ""line 1507125 column 283: unknown constant TPAP_dot_STRU_76"")(error ""line 1507126 column 283: unknown constant TPAP_dot_STRU_77"")(error ""line 1507127 column 283: unknown constant TPAP_dot_STRU_78"")(error ""line 1507128 column 283: unknown constant TPAP_dot_STRU_79"")(error ""line 1507129 column 283: unknown constant TPAP_dot_STRU_80"")(error ""line 1507130 column 283: unknown constant TPAP_dot_STRU_81"")(error ""line 1507131 column 283: unknown constant TPAP_dot_STRU_82"")(error ""line 1507132 column 283: unknown constant TPAP_dot_STRU_83"")(error ""line 1507133 column 283: unknown constant TPAP_dot_STRU_84"")(error ""line 1507134 column 283: unknown constant TPAP_dot_STRU_85"")(error ""line 1507135 column 283: unknown constant TPAP_dot_STRU_86"")(error ""line 1507136 column 283: unknown constant TPAP_dot_STRU_87"")(error ""line 1507137 column 283: unknown constant TPAP_dot_STRU_88"")(error ""line 1507138 column 283: unknown constant TPAP_dot_STRU_89"")(error ""line 1507139 column 283: unknown constant TPAP_dot_STRU_90"")(error ""line 1507140 column 283: unknown constant TPAP_dot_STRU_91"")(error ""line 1507141 column 283: unknown constant TPAP_dot_STRU_92"")(error ""line 1507142 column 283: unknown constant TPAP_dot_STRU_93"")(error ""line 1507143 column 283: unknown constant TPAP_dot_STRU_94"")(error ""line 1507144 column 283: unknown constant TPAP_dot_STRU_95"")(error ""line 1507145 column 283: unknown constant TPAP_dot_STRU_96"")(error ""line 1507146 column 283: unknown constant TPAP_dot_STRU_97"")(error ""line 1507147 column 283: unknown constant TPAP_dot_STRU_98"")(error ""line 1507148 column 284: unknown constant TPAP_dot_STRU_99"")sat",N/A => Expected predicate keys to be pre-included in a dictionary.,yes,yes,yes,N/A => Expected predicate keys to be pre-included in a dictionary.,0,yes,yes,yes
2_2_25_ProceedDuringSTR_group8,Theorem,CounterSatisfiable,no,18.858791,Theorem,unsat,unsat,yes,unsat,yes,yes,yes,yes,yes,0.06439,yes,yes,yes
2_2_25_ProceedDuringSTR_group9,Theorem,CounterSatisfiable,no,18.7403699,CounterSatisfiable,"(error ""line 32741 column 235: unknown constant TPAP_dot_STRU_0"")sat","(error ""line 38710 column 235: unknown constant TPAP_dot_STRU_0"")(error ""line 38711 column 235: unknown constant TPAP_dot_STRU_1"")sat",no,"(error ""line 1507049 column 246: unknown constant TPAP_dot_STRU_0"")(error ""line 1507050 column 246: unknown constant TPAP_dot_STRU_1"")(error ""line 1507051 column 246: unknown constant TPAP_dot_STRU_2"")(error ""line 1507052 column 246: unknown constant TPAP_dot_STRU_3"")(error ""line 1507053 column 246: unknown constant TPAP_dot_STRU_4"")(error ""line 1507054 column 246: unknown constant TPAP_dot_STRU_5"")(error ""line 1507055 column 246: unknown constant TPAP_dot_STRU_6"")(error ""line 1507056 column 246: unknown constant TPAP_dot_STRU_7"")(error ""line 1507057 column 246: unknown constant TPAP_dot_STRU_8"")(error ""line 1507058 column 247: unknown constant TPAP_dot_STRU_9"")(error ""line 1507059 column 254: unknown constant TPAP_dot_STRU_10"")(error ""line 1507060 column 254: unknown constant TPAP_dot_STRU_11"")(error ""line 1507061 column 254: unknown constant TPAP_dot_STRU_12"")(error ""line 1507062 column 254: unknown constant TPAP_dot_STRU_13"")(error ""line 1507063 column 254: unknown constant TPAP_dot_STRU_14"")(error ""line 1507064 column 254: unknown constant TPAP_dot_STRU_15"")(error ""line 1507065 column 254: unknown constant TPAP_dot_STRU_16"")(error ""line 1507066 column 254: unknown constant TPAP_dot_STRU_17"")(error ""line 1507067 column 254: unknown constant TPAP_dot_STRU_18"")(error ""line 1507068 column 254: unknown constant TPAP_dot_STRU_19"")(error ""line 1507069 column 254: unknown constant TPAP_dot_STRU_20"")(error ""line 1507070 column 254: unknown constant TPAP_dot_STRU_21"")(error ""line 1507071 column 254: unknown constant TPAP_dot_STRU_22"")(error ""line 1507072 column 254: unknown constant TPAP_dot_STRU_23"")(error ""line 1507073 column 254: unknown constant TPAP_dot_STRU_24"")(error ""line 1507074 column 254: unknown constant TPAP_dot_STRU_25"")(error ""line 1507075 column 254: unknown constant TPAP_dot_STRU_26"")(error ""line 1507076 column 254: unknown constant TPAP_dot_STRU_27"")(error ""line 1507077 column 254: unknown constant TPAP_dot_STRU_28"")(error ""line 1507078 column 254: unknown constant TPAP_dot_STRU_29"")(error ""line 1507079 column 254: unknown constant TPAP_dot_STRU_30"")(error ""line 1507080 column 254: unknown constant TPAP_dot_STRU_31"")(error ""line 1507081 column 254: unknown constant TPAP_dot_STRU_32"")(error ""line 1507082 column 254: unknown constant TPAP_dot_STRU_33"")(error ""line 1507083 column 254: unknown constant TPAP_dot_STRU_34"")(error ""line 1507084 column 254: unknown constant TPAP_dot_STRU_35"")(error ""line 1507085 column 254: unknown constant TPAP_dot_STRU_36"")(error ""line 1507086 column 254: unknown constant TPAP_dot_STRU_37"")(error ""line 1507087 column 254: unknown constant TPAP_dot_STRU_38"")(error ""line 1507088 column 254: unknown constant TPAP_dot_STRU_39"")(error ""line 1507089 column 254: unknown constant TPAP_dot_STRU_40"")(error ""line 1507090 column 254: unknown constant TPAP_dot_STRU_41"")(error ""line 1507091 column 254: unknown constant TPAP_dot_STRU_42"")(error ""line 1507092 column 254: unknown constant TPAP_dot_STRU_43"")(error ""line 1507093 column 254: unknown constant TPAP_dot_STRU_44"")(error ""line 1507094 column 254: unknown constant TPAP_dot_STRU_45"")(error ""line 1507095 column 254: unknown constant TPAP_dot_STRU_46"")(error ""line 1507096 column 254: unknown constant TPAP_dot_STRU_47"")(error ""line 1507097 column 254: unknown constant TPAP_dot_STRU_48"")(error ""line 1507098 column 254: unknown constant TPAP_dot_STRU_49"")(error ""line 1507099 column 254: unknown constant TPAP_dot_STRU_50"")(error ""line 1507100 column 254: unknown constant TPAP_dot_STRU_51"")(error ""line 1507101 column 254: unknown constant TPAP_dot_STRU_52"")(error ""line 1507102 column 254: unknown constant TPAP_dot_STRU_53"")(error ""line 1507103 column 254: unknown constant TPAP_dot_STRU_54"")(error ""line 1507104 column 254: unknown constant TPAP_dot_STRU_55"")(error ""line 1507105 column 254: unknown constant TPAP_dot_STRU_56"")(error ""line 1507106 column 254: unknown constant TPAP_dot_STRU_57"")(error ""line 1507107 column 254: unknown constant TPAP_dot_STRU_58"")(error ""line 1507108 column 254: unknown constant TPAP_dot_STRU_59"")(error ""line 1507109 column 254: unknown constant TPAP_dot_STRU_60"")(error ""line 1507110 column 254: unknown constant TPAP_dot_STRU_61"")(error ""line 1507111 column 254: unknown constant TPAP_dot_STRU_62"")(error ""line 1507112 column 254: unknown constant TPAP_dot_STRU_63"")(error ""line 1507113 column 254: unknown constant TPAP_dot_STRU_64"")(error ""line 1507114 column 254: unknown constant TPAP_dot_STRU_65"")(error ""line 1507115 column 254: unknown constant TPAP_dot_STRU_66"")(error ""line 1507116 column 254: unknown constant TPAP_dot_STRU_67"")(error ""line 1507117 column 254: unknown constant TPAP_dot_STRU_68"")(error ""line 1507118 column 254: unknown constant TPAP_dot_STRU_69"")(error ""line 1507119 column 254: unknown constant TPAP_dot_STRU_70"")(error ""line 1507120 column 254: unknown constant TPAP_dot_STRU_71"")(error ""line 1507121 column 254: unknown constant TPAP_dot_STRU_72"")(error ""line 1507122 column 254: unknown constant TPAP_dot_STRU_73"")(error ""line 1507123 column 254: unknown constant TPAP_dot_STRU_74"")(error ""line 1507124 column 254: unknown constant TPAP_dot_STRU_75"")(error ""line 1507125 column 254: unknown constant TPAP_dot_STRU_76"")(error ""line 1507126 column 254: unknown constant TPAP_dot_STRU_77"")(error ""line 1507127 column 254: unknown constant TPAP_dot_STRU_78"")(error ""line 1507128 column 254: unknown constant TPAP_dot_STRU_79"")(error ""line 1507129 column 254: unknown constant TPAP_dot_STRU_80"")(error ""line 1507130 column 254: unknown constant TPAP_dot_STRU_81"")(error ""line 1507131 column 254: unknown constant TPAP_dot_STRU_82"")(error ""line 1507132 column 254: unknown constant TPAP_dot_STRU_83"")(error ""line 1507133 column 254: unknown constant TPAP_dot_STRU_84"")(error ""line 1507134 column 254: unknown constant TPAP_dot_STRU_85"")(error ""line 1507135 column 254: unknown constant TPAP_dot_STRU_86"")(error ""line 1507136 column 254: unknown constant TPAP_dot_STRU_87"")(error ""line 1507137 column 254: unknown constant TPAP_dot_STRU_88"")(error ""line 1507138 column 254: unknown constant TPAP_dot_STRU_89"")(error ""line 1507139 column 254: unknown constant TPAP_dot_STRU_90"")(error ""line 1507140 column 254: unknown constant TPAP_dot_STRU_91"")(error ""line 1507141 column 254: unknown constant TPAP_dot_STRU_92"")(error ""line 1507142 column 254: unknown constant TPAP_dot_STRU_93"")(error ""line 1507143 column 254: unknown constant TPAP_dot_STRU_94"")(error ""line 1507144 column 254: unknown constant TPAP_dot_STRU_95"")(error ""line 1507145 column 254: unknown constant TPAP_dot_STRU_96"")(error ""line 1507146 column 254: unknown constant TPAP_dot_STRU_97"")(error ""line 1507147 column 254: unknown constant TPAP_dot_STRU_98"")(error ""line 1507148 column 255: unknown constant TPAP_dot_STRU_99"")sat",N/A => Expected predicate keys to be pre-included in a dictionary.,yes,yes,yes,N/A => Expected predicate keys to be pre-included in a dictionary.,0,yes,yes,yes
2_2_26_ProceedDuringSTRPermissive_group0,Theorem,CounterSatisfiable,no,19.1711337,CounterSatisfiable,unsat,unsat,yes,unsat,yes,yes,yes,yes,yes,0.0679855,yes,yes,yes
2_2_26_ProceedDuringSTRPermissive_group1,Theorem,CounterSatisfiable,no,18.8603971,CounterSatisfiable,unsat,unsat,yes,unsat,yes,yes,yes,yes,yes,0.0584653,yes,yes,yes
2_2_26_ProceedDuringSTRPermissive_group2,Theorem,CounterSatisfiable,no,18.8209002,CounterSatisfiable,unsat,unsat,yes,unsat,yes,yes,yes,yes,yes,0.0662463,yes,yes,yes
2_2_27_ProceedWithAspRestriction_group0,Theorem,CounterSatisfiable,no,18.7018769,CounterSatisfiable,unsat,unsat,yes,unsat,yes,yes,yes,yes,yes,0.0657896,yes,yes,yes
2_2_27_ProceedWithAspRestriction_group1,Theorem,CounterSatisfiable,no,18.8816261,CounterSatisfiable,"(error ""line 32741 column 763: unknown constant P1508A_op_N_cp__dot_AR_0"")sat","(error ""line 38710 column 763: unknown constant P1508A_op_N_cp__dot_AR_0"")(error ""line 38711 column 763: unknown constant P1508A_op_N_cp__dot_AR_1"")sat",no,"(error ""line 1507049 column 793: unknown constant P1508A_op_N_cp__dot_AR_0"")(error ""line 1507050 column 793: unknown constant P1508A_op_N_cp__dot_AR_1"")(error ""line 1507051 column 793: unknown constant P1508A_op_N_cp__dot_AR_2"")(error ""line 1507052 column 793: unknown constant P1508A_op_N_cp__dot_AR_3"")(error ""line 1507053 column 793: unknown constant P1508A_op_N_cp__dot_AR_4"")(error ""line 1507054 column 793: unknown constant P1508A_op_N_cp__dot_AR_5"")(error ""line 1507055 column 793: unknown constant P1508A_op_N_cp__dot_AR_6"")(error ""line 1507056 column 793: unknown constant P1508A_op_N_cp__dot_AR_7"")(error ""line 1507057 column 793: unknown constant P1508A_op_N_cp__dot_AR_8"")(error ""line 1507058 column 795: unknown constant P1508A_op_N_cp__dot_AR_9"")(error ""line 1507059 column 815: unknown constant P1508A_op_N_cp__dot_AR_10"")(error ""line 1507060 column 815: unknown constant P1508A_op_N_cp__dot_AR_11"")(error ""line 1507061 column 815: unknown constant P1508A_op_N_cp__dot_AR_12"")(error ""line 1507062 column 815: unknown constant P1508A_op_N_cp__dot_AR_13"")(error ""line 1507063 column 815: unknown constant P1508A_op_N_cp__dot_AR_14"")(error ""line 1507064 column 815: unknown constant P1508A_op_N_cp__dot_AR_15"")(error ""line 1507065 column 815: unknown constant P1508A_op_N_cp__dot_AR_16"")(error ""line 1507066 column 815: unknown constant P1508A_op_N_cp__dot_AR_17"")(error ""line 1507067 column 815: unknown constant P1508A_op_N_cp__dot_AR_18"")(error ""line 1507068 column 815: unknown constant P1508A_op_N_cp__dot_AR_19"")(error ""line 1507069 column 815: unknown constant P1508A_op_N_cp__dot_AR_20"")(error ""line 1507070 column 815: unknown constant P1508A_op_N_cp__dot_AR_21"")(error ""line 1507071 column 815: unknown constant P1508A_op_N_cp__dot_AR_22"")(error ""line 1507072 column 815: unknown constant P1508A_op_N_cp__dot_AR_23"")(error ""line 1507073 column 815: unknown constant P1508A_op_N_cp__dot_AR_24"")(error ""line 1507074 column 815: unknown constant P1508A_op_N_cp__dot_AR_25"")(error ""line 1507075 column 815: unknown constant P1508A_op_N_cp__dot_AR_26"")(error ""line 1507076 column 815: unknown constant P1508A_op_N_cp__dot_AR_27"")(error ""line 1507077 column 815: unknown constant P1508A_op_N_cp__dot_AR_28"")(error ""line 1507078 column 815: unknown constant P1508A_op_N_cp__dot_AR_29"")(error ""line 1507079 column 815: unknown constant P1508A_op_N_cp__dot_AR_30"")(error ""line 1507080 column 815: unknown constant P1508A_op_N_cp__dot_AR_31"")(error ""line 1507081 column 815: unknown constant P1508A_op_N_cp__dot_AR_32"")(error ""line 1507082 column 815: unknown constant P1508A_op_N_cp__dot_AR_33"")(error ""line 1507083 column 815: unknown constant P1508A_op_N_cp__dot_AR_34"")(error ""line 1507084 column 815: unknown constant P1508A_op_N_cp__dot_AR_35"")(error ""line 1507085 column 815: unknown constant P1508A_op_N_cp__dot_AR_36"")(error ""line 1507086 column 815: unknown constant P1508A_op_N_cp__dot_AR_37"")(error ""line 1507087 column 815: unknown constant P1508A_op_N_cp__dot_AR_38"")(error ""line 1507088 column 815: unknown constant P1508A_op_N_cp__dot_AR_39"")(error ""line 1507089 column 815: unknown constant P1508A_op_N_cp__dot_AR_40"")(error ""line 1507090 column 815: unknown constant P1508A_op_N_cp__dot_AR_41"")(error ""line 1507091 column 815: unknown constant P1508A_op_N_cp__dot_AR_42"")(error ""line 1507092 column 815: unknown constant P1508A_op_N_cp__dot_AR_43"")(error ""line 1507093 column 815: unknown constant P1508A_op_N_cp__dot_AR_44"")(error ""line 1507094 column 815: unknown constant P1508A_op_N_cp__dot_AR_45"")(error ""line 1507095 column 815: unknown constant P1508A_op_N_cp__dot_AR_46"")(error ""line 1507096 column 815: unknown constant P1508A_op_N_cp__dot_AR_47"")(error ""line 1507097 column 815: unknown constant P1508A_op_N_cp__dot_AR_48"")(error ""line 1507098 column 815: unknown constant P1508A_op_N_cp__dot_AR_49"")(error ""line 1507099 column 815: unknown constant P1508A_op_N_cp__dot_AR_50"")(error ""line 1507100 column 815: unknown constant P1508A_op_N_cp__dot_AR_51"")(error ""line 1507101 column 815: unknown constant P1508A_op_N_cp__dot_AR_52"")(error ""line 1507102 column 815: unknown constant P1508A_op_N_cp__dot_AR_53"")(error ""line 1507103 column 815: unknown constant P1508A_op_N_cp__dot_AR_54"")(error ""line 1507104 column 815: unknown constant P1508A_op_N_cp__dot_AR_55"")(error ""line 1507105 column 815: unknown constant P1508A_op_N_cp__dot_AR_56"")(error ""line 1507106 column 815: unknown constant P1508A_op_N_cp__dot_AR_57"")(error ""line 1507107 column 815: unknown constant P1508A_op_N_cp__dot_AR_58"")(error ""line 1507108 column 815: unknown constant P1508A_op_N_cp__dot_AR_59"")(error ""line 1507109 column 815: unknown constant P1508A_op_N_cp__dot_AR_60"")(error ""line 1507110 column 815: unknown constant P1508A_op_N_cp__dot_AR_61"")(error ""line 1507111 column 815: unknown constant P1508A_op_N_cp__dot_AR_62"")(error ""line 1507112 column 815: unknown constant P1508A_op_N_cp__dot_AR_63"")(error ""line 1507113 column 815: unknown constant P1508A_op_N_cp__dot_AR_64"")(error ""line 1507114 column 815: unknown constant P1508A_op_N_cp__dot_AR_65"")(error ""line 1507115 column 815: unknown constant P1508A_op_N_cp__dot_AR_66"")(error ""line 1507116 column 815: unknown constant P1508A_op_N_cp__dot_AR_67"")(error ""line 1507117 column 815: unknown constant P1508A_op_N_cp__dot_AR_68"")(error ""line 1507118 column 815: unknown constant P1508A_op_N_cp__dot_AR_69"")(error ""line 1507119 column 815: unknown constant P1508A_op_N_cp__dot_AR_70"")(error ""line 1507120 column 815: unknown constant P1508A_op_N_cp__dot_AR_71"")(error ""line 1507121 column 815: unknown constant P1508A_op_N_cp__dot_AR_72"")(error ""line 1507122 column 815: unknown constant P1508A_op_N_cp__dot_AR_73"")(error ""line 1507123 column 815: unknown constant P1508A_op_N_cp__dot_AR_74"")(error ""line 1507124 column 815: unknown constant P1508A_op_N_cp__dot_AR_75"")(error ""line 1507125 column 815: unknown constant P1508A_op_N_cp__dot_AR_76"")(error ""line 1507126 column 815: unknown constant P1508A_op_N_cp__dot_AR_77"")(error ""line 1507127 column 815: unknown constant P1508A_op_N_cp__dot_AR_78"")(error ""line 1507128 column 815: unknown constant P1508A_op_N_cp__dot_AR_79"")(error ""line 1507129 column 815: unknown constant P1508A_op_N_cp__dot_AR_80"")(error ""line 1507130 column 815: unknown constant P1508A_op_N_cp__dot_AR_81"")(error ""line 1507131 column 815: unknown constant P1508A_op_N_cp__dot_AR_82"")(error ""line 1507132 column 815: unknown constant P1508A_op_N_cp__dot_AR_83"")(error ""line 1507133 column 815: unknown constant P1508A_op_N_cp__dot_AR_84"")(error ""line 1507134 column 815: unknown constant P1508A_op_N_cp__dot_AR_85"")(error ""line 1507135 column 815: unknown constant P1508A_op_N_cp__dot_AR_86"")(error ""line 1507136 column 815: unknown constant P1508A_op_N_cp__dot_AR_87"")(error ""line 1507137 column 815: unknown constant P1508A_op_N_cp__dot_AR_88"")(error ""line 1507138 column 815: unknown constant P1508A_op_N_cp__dot_AR_89"")(error ""line 1507139 column 815: unknown constant P1508A_op_N_cp__dot_AR_90"")(error ""line 1507140 column 815: unknown constant P1508A_op_N_cp__dot_AR_91"")(error ""line 1507141 column 815: unknown constant P1508A_op_N_cp__dot_AR_92"")(error ""line 1507142 column 815: unknown constant P1508A_op_N_cp__dot_AR_93"")(error ""line 1507143 column 815: unknown constant P1508A_op_N_cp__dot_AR_94"")(error ""line 1507144 column 815: unknown constant P1508A_op_N_cp__dot_AR_95"")(error ""line 1507145 column 815: unknown constant P1508A_op_N_cp__dot_AR_96"")(error ""line 1507146 column 815: unknown constant P1508A_op_N_cp__dot_AR_97"")(error ""line 1507147 column 815: unknown constant P1508A_op_N_cp__dot_AR_98"")(error ""line 1507148 column 817: unknown constant P1508A_op_N_cp__dot_AR_99"")sat",N/A => Expected predicate keys to be pre-included in a dictionary.,yes,yes,yes,N/A => Expected predicate keys to be pre-included in a dictionary.,0,yes,yes,yes
2_2_27_ProceedWithAspRestriction_group10,Theorem,CounterSatisfiable,no,18.7958115,CounterSatisfiable,unsat,unsat,yes,unsat,yes,yes,yes,yes,yes,0.0645063,yes,yes,yes
2_2_27_ProceedWithAspRestriction_group11,Theorem,CounterSatisfiable,no,18.8364006,CounterSatisfiable,"(error ""line 32741 column 617: unknown constant TPAP_dot_AR_0"")sat","(error ""line 38710 column 617: unknown constant TPAP_dot_AR_0"")(error ""line 38711 column 617: unknown constant TPAP_dot_AR_1"")sat",no,"(error ""line 1507049 column 628: unknown constant TPAP_dot_AR_0"")(error ""line 1507050 column 628: unknown constant TPAP_dot_AR_1"")(error ""line 1507051 column 628: unknown constant TPAP_dot_AR_2"")(error ""line 1507052 column 628: unknown constant TPAP_dot_AR_3"")(error ""line 1507053 column 628: unknown constant TPAP_dot_AR_4"")(error ""line 1507054 column 628: unknown constant TPAP_dot_AR_5"")(error ""line 1507055 column 628: unknown constant TPAP_dot_AR_6"")(error ""line 1507056 column 628: unknown constant TPAP_dot_AR_7"")(error ""line 1507057 column 628: unknown constant TPAP_dot_AR_8"")(error ""line 1507058 column 629: unknown constant TPAP_dot_AR_9"")(error ""line 1507059 column 646: unknown constant TPAP_dot_AR_10"")(error ""line 1507060 column 646: unknown constant TPAP_dot_AR_11"")(error ""line 1507061 column 646: unknown constant TPAP_dot_AR_12"")(error ""line 1507062 column 646: unknown constant TPAP_dot_AR_13"")(error ""line 1507063 column 646: unknown constant TPAP_dot_AR_14"")(error ""line 1507064 column 646: unknown constant TPAP_dot_AR_15"")(error ""line 1507065 column 646: unknown constant TPAP_dot_AR_16"")(error ""line 1507066 column 646: unknown constant TPAP_dot_AR_17"")(error ""line 1507067 column 646: unknown constant TPAP_dot_AR_18"")(error ""line 1507068 column 646: unknown constant TPAP_dot_AR_19"")(error ""line 1507069 column 646: unknown constant TPAP_dot_AR_20"")(error ""line 1507070 column 646: unknown constant TPAP_dot_AR_21"")(error ""line 1507071 column 646: unknown constant TPAP_dot_AR_22"")(error ""line 1507072 column 646: unknown constant TPAP_dot_AR_23"")(error ""line 1507073 column 646: unknown constant TPAP_dot_AR_24"")(error ""line 1507074 column 646: unknown constant TPAP_dot_AR_25"")(error ""line 1507075 column 646: unknown constant TPAP_dot_AR_26"")(error ""line 1507076 column 646: unknown constant TPAP_dot_AR_27"")(error ""line 1507077 column 646: unknown constant TPAP_dot_AR_28"")(error ""line 1507078 column 646: unknown constant TPAP_dot_AR_29"")(error ""line 1507079 column 646: unknown constant TPAP_dot_AR_30"")(error ""line 1507080 column 646: unknown constant TPAP_dot_AR_31"")(error ""line 1507081 column 646: unknown constant TPAP_dot_AR_32"")(error ""line 1507082 column 646: unknown constant TPAP_dot_AR_33"")(error ""line 1507083 column 646: unknown constant TPAP_dot_AR_34"")(error ""line 1507084 column 646: unknown constant TPAP_dot_AR_35"")(error ""line 1507085 column 646: unknown constant TPAP_dot_AR_36"")(error ""line 1507086 column 646: unknown constant TPAP_dot_AR_37"")(error ""line 1507087 column 646: unknown constant TPAP_dot_AR_38"")(error ""line 1507088 column 646: unknown constant TPAP_dot_AR_39"")(error ""line 1507089 column 646: unknown constant TPAP_dot_AR_40"")(error ""line 1507090 column 646: unknown constant TPAP_dot_AR_41"")(error ""line 1507091 column 646: unknown constant TPAP_dot_AR_42"")(error ""line 1507092 column 646: unknown constant TPAP_dot_AR_43"")(error ""line 1507093 column 646: unknown constant TPAP_dot_AR_44"")(error ""line 1507094 column 646: unknown constant TPAP_dot_AR_45"")(error ""line 1507095 column 646: unknown constant TPAP_dot_AR_46"")(error ""line 1507096 column 646: unknown constant TPAP_dot_AR_47"")(error ""line 1507097 column 646: unknown constant TPAP_dot_AR_48"")(error ""line 1507098 column 646: unknown constant TPAP_dot_AR_49"")(error ""line 1507099 column 646: unknown constant TPAP_dot_AR_50"")(error ""line 1507100 column 646: unknown constant TPAP_dot_AR_51"")(error ""line 1507101 column 646: unknown constant TPAP_dot_AR_52"")(error ""line 1507102 column 646: unknown constant TPAP_dot_AR_53"")(error ""line 1507103 column 646: unknown constant TPAP_dot_AR_54"")(error ""line 1507104 column 646: unknown constant TPAP_dot_AR_55"")(error ""line 1507105 column 646: unknown constant TPAP_dot_AR_56"")(error ""line 1507106 column 646: unknown constant TPAP_dot_AR_57"")(error ""line 1507107 column 646: unknown constant TPAP_dot_AR_58"")(error ""line 1507108 column 646: unknown constant TPAP_dot_AR_59"")(error ""line 1507109 column 646: unknown constant TPAP_dot_AR_60"")(error ""line 1507110 column 646: unknown constant TPAP_dot_AR_61"")(error ""line 1507111 column 646: unknown constant TPAP_dot_AR_62"")(error ""line 1507112 column 646: unknown constant TPAP_dot_AR_63"")(error ""line 1507113 column 646: unknown constant TPAP_dot_AR_64"")(error ""line 1507114 column 646: unknown constant TPAP_dot_AR_65"")(error ""line 1507115 column 646: unknown constant TPAP_dot_AR_66"")(error ""line 1507116 column 646: unknown constant TPAP_dot_AR_67"")(error ""line 1507117 column 646: unknown constant TPAP_dot_AR_68"")(error ""line 1507118 column 646: unknown constant TPAP_dot_AR_69"")(error ""line 1507119 column 646: unknown constant TPAP_dot_AR_70"")(error ""line 1507120 column 646: unknown constant TPAP_dot_AR_71"")(error ""line 1507121 column 646: unknown constant TPAP_dot_AR_72"")(error ""line 1507122 column 646: unknown constant TPAP_dot_AR_73"")(error ""line 1507123 column 646: unknown constant TPAP_dot_AR_74"")(error ""line 1507124 column 646: unknown constant TPAP_dot_AR_75"")(error ""line 1507125 column 646: unknown constant TPAP_dot_AR_76"")(error ""line 1507126 column 646: unknown constant TPAP_dot_AR_77"")(error ""line 1507127 column 646: unknown constant TPAP_dot_AR_78"")(error ""line 1507128 column 646: unknown constant TPAP_dot_AR_79"")(error ""line 1507129 column 646: unknown constant TPAP_dot_AR_80"")(error ""line 1507130 column 646: unknown constant TPAP_dot_AR_81"")(error ""line 1507131 column 646: unknown constant TPAP_dot_AR_82"")(error ""line 1507132 column 646: unknown constant TPAP_dot_AR_83"")(error ""line 1507133 column 646: unknown constant TPAP_dot_AR_84"")(error ""line 1507134 column 646: unknown constant TPAP_dot_AR_85"")(error ""line 1507135 column 646: unknown constant TPAP_dot_AR_86"")(error ""line 1507136 column 646: unknown constant TPAP_dot_AR_87"")(error ""line 1507137 column 646: unknown constant TPAP_dot_AR_88"")(error ""line 1507138 column 646: unknown constant TPAP_dot_AR_89"")(error ""line 1507139 column 646: unknown constant TPAP_dot_AR_90"")(error ""line 1507140 column 646: unknown constant TPAP_dot_AR_91"")(error ""line 1507141 column 646: unknown constant TPAP_dot_AR_92"")(error ""line 1507142 column 646: unknown constant TPAP_dot_AR_93"")(error ""line 1507143 column 646: unknown constant TPAP_dot_AR_94"")(error ""line 1507144 column 646: unknown constant TPAP_dot_AR_95"")(error ""line 1507145 column 646: unknown constant TPAP_dot_AR_96"")(error ""line 1507146 column 646: unknown constant TPAP_dot_AR_97"")(error ""line 1507147 column 646: unknown constant TPAP_dot_AR_98"")(error ""line 1507148 column 647: unknown constant TPAP_dot_AR_99"")sat",N/A => Expected predicate keys to be pre-included in a dictionary.,yes,yes,yes,N/A => Expected predicate keys to be pre-included in a dictionary.,0,yes,yes,yes
2_2_27_ProceedWithAspRestriction_group12,Theorem,CounterSatisfiable,no,18.7359023,CounterSatisfiable,"(error ""line 32741 column 305: unknown constant P1508A_op_N_cp__dot_AR_0"")sat","(error ""line 38710 column 305: unknown constant P1508A_op_N_cp__dot_AR_0"")(error ""line 38711 column 305: unknown constant P1508A_op_N_cp__dot_AR_1"")sat",no,"(error ""line 1507049 column 316: unknown constant P1508A_op_N_cp__dot_AR_0"")(error ""line 1507050 column 316: unknown constant P1508A_op_N_cp__dot_AR_1"")(error ""line 1507051 column 316: unknown constant P1508A_op_N_cp__dot_AR_2"")(error ""line 1507052 column 316: unknown constant P1508A_op_N_cp__dot_AR_3"")(error ""line 1507053 column 316: unknown constant P1508A_op_N_cp__dot_AR_4"")(error ""line 1507054 column 316: unknown constant P1508A_op_N_cp__dot_AR_5"")(error ""line 1507055 column 316: unknown constant P1508A_op_N_cp__dot_AR_6"")(error ""line 1507056 column 316: unknown constant P1508A_op_N_cp__dot_AR_7"")(error ""line 1507057 column 316: unknown constant P1508A_op_N_cp__dot_AR_8"")(error ""line 1507058 column 317: unknown constant P1508A_op_N_cp__dot_AR_9"")(error ""line 1507059 column 324: unknown constant P1508A_op_N_cp__dot_AR_10"")(error ""line 1507060 column 324: unknown constant P1508A_op_N_cp__dot_AR_11"")(error ""line 1507061 column 324: unknown constant P1508A_op_N_cp__dot_AR_12"")(error ""line 1507062 column 324: unknown constant P1508A_op_N_cp__dot_AR_13"")(error ""line 1507063 column 324: unknown constant P1508A_op_N_cp__dot_AR_14"")(error ""line 1507064 column 324: unknown constant P1508A_op_N_cp__dot_AR_15"")(error ""line 1507065 column 324: unknown constant P1508A_op_N_cp__dot_AR_16"")(error ""line 1507066 column 324: unknown constant P1508A_op_N_cp__dot_AR_17"")(error ""line 1507067 column 324: unknown constant P1508A_op_N_cp__dot_AR_18"")(error ""line 1507068 column 324: unknown constant P1508A_op_N_cp__dot_AR_19"")(error ""line 1507069 column 324: unknown constant P1508A_op_N_cp__dot_AR_20"")(error ""line 1507070 column 324: unknown constant P1508A_op_N_cp__dot_AR_21"")(error ""line 1507071 column 324: unknown constant P1508A_op_N_cp__dot_AR_22"")(error ""line 1507072 column 324: unknown constant P1508A_op_N_cp__dot_AR_23"")(error ""line 1507073 column 324: unknown constant P1508A_op_N_cp__dot_AR_24"")(error ""line 1507074 column 324: unknown constant P1508A_op_N_cp__dot_AR_25"")(error ""line 1507075 column 324: unknown constant P1508A_op_N_cp__dot_AR_26"")(error ""line 1507076 column 324: unknown constant P1508A_op_N_cp__dot_AR_27"")(error ""line 1507077 column 324: unknown constant P1508A_op_N_cp__dot_AR_28"")(error ""line 1507078 column 324: unknown constant P1508A_op_N_cp__dot_AR_29"")(error ""line 1507079 column 324: unknown constant P1508A_op_N_cp__dot_AR_30"")(error ""line 1507080 column 324: unknown constant P1508A_op_N_cp__dot_AR_31"")(error ""line 1507081 column 324: unknown constant P1508A_op_N_cp__dot_AR_32"")(error ""line 1507082 column 324: unknown constant P1508A_op_N_cp__dot_AR_33"")(error ""line 1507083 column 324: unknown constant P1508A_op_N_cp__dot_AR_34"")(error ""line 1507084 column 324: unknown constant P1508A_op_N_cp__dot_AR_35"")(error ""line 1507085 column 324: unknown constant P1508A_op_N_cp__dot_AR_36"")(error ""line 1507086 column 324: unknown constant P1508A_op_N_cp__dot_AR_37"")(error ""line 1507087 column 324: unknown constant P1508A_op_N_cp__dot_AR_38"")(error ""line 1507088 column 324: unknown constant P1508A_op_N_cp__dot_AR_39"")(error ""line 1507089 column 324: unknown constant P1508A_op_N_cp__dot_AR_40"")(error ""line 1507090 column 324: unknown constant P1508A_op_N_cp__dot_AR_41"")(error ""line 1507091 column 324: unknown constant P1508A_op_N_cp__dot_AR_42"")(error ""line 1507092 column 324: unknown constant P1508A_op_N_cp__dot_AR_43"")(error ""line 1507093 column 324: unknown constant P1508A_op_N_cp__dot_AR_44"")(error ""line 1507094 column 324: unknown constant P1508A_op_N_cp__dot_AR_45"")(error ""line 1507095 column 324: unknown constant P1508A_op_N_cp__dot_AR_46"")(error ""line 1507096 column 324: unknown constant P1508A_op_N_cp__dot_AR_47"")(error ""line 1507097 column 324: unknown constant P1508A_op_N_cp__dot_AR_48"")(error ""line 1507098 column 324: unknown constant P1508A_op_N_cp__dot_AR_49"")(error ""line 1507099 column 324: unknown constant P1508A_op_N_cp__dot_AR_50"")(error ""line 1507100 column 324: unknown constant P1508A_op_N_cp__dot_AR_51"")(error ""line 1507101 column 324: unknown constant P1508A_op_N_cp__dot_AR_52"")(error ""line 1507102 column 324: unknown constant P1508A_op_N_cp__dot_AR_53"")(error ""line 1507103 column 324: unknown constant P1508A_op_N_cp__dot_AR_54"")(error ""line 1507104 column 324: unknown constant P1508A_op_N_cp__dot_AR_55"")(error ""line 1507105 column 324: unknown constant P1508A_op_N_cp__dot_AR_56"")(error ""line 1507106 column 324: unknown constant P1508A_op_N_cp__dot_AR_57"")(error ""line 1507107 column 324: unknown constant P1508A_op_N_cp__dot_AR_58"")(error ""line 1507108 column 324: unknown constant P1508A_op_N_cp__dot_AR_59"")(error ""line 1507109 column 324: unknown constant P1508A_op_N_cp__dot_AR_60"")(error ""line 1507110 column 324: unknown constant P1508A_op_N_cp__dot_AR_61"")(error ""line 1507111 column 324: unknown constant P1508A_op_N_cp__dot_AR_62"")(error ""line 1507112 column 324: unknown constant P1508A_op_N_cp__dot_AR_63"")(error ""line 1507113 column 324: unknown constant P1508A_op_N_cp__dot_AR_64"")(error ""line 1507114 column 324: unknown constant P1508A_op_N_cp__dot_AR_65"")(error ""line 1507115 column 324: unknown constant P1508A_op_N_cp__dot_AR_66"")(error ""line 1507116 column 324: unknown constant P1508A_op_N_cp__dot_AR_67"")(error ""line 1507117 column 324: unknown constant P1508A_op_N_cp__dot_AR_68"")(error ""line 1507118 column 324: unknown constant P1508A_op_N_cp__dot_AR_69"")(error ""line 1507119 column 324: unknown constant P1508A_op_N_cp__dot_AR_70"")(error ""line 1507120 column 324: unknown constant P1508A_op_N_cp__dot_AR_71"")(error ""line 1507121 column 324: unknown constant P1508A_op_N_cp__dot_AR_72"")(error ""line 1507122 column 324: unknown constant P1508A_op_N_cp__dot_AR_73"")(error ""line 1507123 column 324: unknown constant P1508A_op_N_cp__dot_AR_74"")(error ""line 1507124 column 324: unknown constant P1508A_op_N_cp__dot_AR_75"")(error ""line 1507125 column 324: unknown constant P1508A_op_N_cp__dot_AR_76"")(error ""line 1507126 column 324: unknown constant P1508A_op_N_cp__dot_AR_77"")(error ""line 1507127 column 324: unknown constant P1508A_op_N_cp__dot_AR_78"")(error ""line 1507128 column 324: unknown constant P1508A_op_N_cp__dot_AR_79"")(error ""line 1507129 column 324: unknown constant P1508A_op_N_cp__dot_AR_80"")(error ""line 1507130 column 324: unknown constant P1508A_op_N_cp__dot_AR_81"")(error ""line 1507131 column 324: unknown constant P1508A_op_N_cp__dot_AR_82"")(error ""line 1507132 column 324: unknown constant P1508A_op_N_cp__dot_AR_83"")(error ""line 1507133 column 324: unknown constant P1508A_op_N_cp__dot_AR_84"")(error ""line 1507134 column 324: unknown constant P1508A_op_N_cp__dot_AR_85"")(error ""line 1507135 column 324: unknown constant P1508A_op_N_cp__dot_AR_86"")(error ""line 1507136 column 324: unknown constant P1508A_op_N_cp__dot_AR_87"")(error ""line 1507137 column 324: unknown constant P1508A_op_N_cp__dot_AR_88"")(error ""line 1507138 column 324: unknown constant P1508A_op_N_cp__dot_AR_89"")(error ""line 1507139 column 324: unknown constant P1508A_op_N_cp__dot_AR_90"")(error ""line 1507140 column 324: unknown constant P1508A_op_N_cp__dot_AR_91"")(error ""line 1507141 column 324: unknown constant P1508A_op_N_cp__dot_AR_92"")(error ""line 1507142 column 324: unknown constant P1508A_op_N_cp__dot_AR_93"")(error ""line 1507143 column 324: unknown constant P1508A_op_N_cp__dot_AR_94"")(error ""line 1507144 column 324: unknown constant P1508A_op_N_cp__dot_AR_95"")(error ""line 1507145 column 324: unknown constant P1508A_op_N_cp__dot_AR_96"")(error ""line 1507146 column 324: unknown constant P1508A_op_N_cp__dot_AR_97"")(error ""line 1507147 column 324: unknown constant P1508A_op_N_cp__dot_AR_98"")(error ""line 1507148 column 325: unknown constant P1508A_op_N_cp__dot_AR_99"")sat",N/A => Expected predicate keys to be pre-included in a dictionary.,yes,yes,yes,N/A => Expected predicate keys to be pre-included in a dictionary.,0,yes,yes,yes
2_2_27_ProceedWithAspRestriction_group13,Theorem,CounterSatisfiable,no,19.0456726,CounterSatisfiable,"(error ""line 32741 column 511: unknown constant P1508A_op_N_cp__dot_AR_0"")sat","(error ""line 38710 column 511: unknown constant P1508A_op_N_cp__dot_AR_0"")(error ""line 38711 column 511: unknown constant P1508A_op_N_cp__dot_AR_1"")sat",no,"(error ""line 1507049 column 522: unknown constant P1508A_op_N_cp__dot_AR_0"")(error ""line 1507050 column 522: unknown constant P1508A_op_N_cp__dot_AR_1"")(error ""line 1507051 column 522: unknown constant P1508A_op_N_cp__dot_AR_2"")(error ""line 1507052 column 522: unknown constant P1508A_op_N_cp__dot_AR_3"")(error ""line 1507053 column 522: unknown constant P1508A_op_N_cp__dot_AR_4"")(error ""line 1507054 column 522: unknown constant P1508A_op_N_cp__dot_AR_5"")(error ""line 1507055 column 522: unknown constant P1508A_op_N_cp__dot_AR_6"")(error ""line 1507056 column 522: unknown constant P1508A_op_N_cp__dot_AR_7"")(error ""line 1507057 column 522: unknown constant P1508A_op_N_cp__dot_AR_8"")(error ""line 1507058 column 523: unknown constant P1508A_op_N_cp__dot_AR_9"")(error ""line 1507059 column 536: unknown constant P1508A_op_N_cp__dot_AR_10"")(error ""line 1507060 column 536: unknown constant P1508A_op_N_cp__dot_AR_11"")(error ""line 1507061 column 536: unknown constant P1508A_op_N_cp__dot_AR_12"")(error ""line 1507062 column 536: unknown constant P1508A_op_N_cp__dot_AR_13"")(error ""line 1507063 column 536: unknown constant P1508A_op_N_cp__dot_AR_14"")(error ""line 1507064 column 536: unknown constant P1508A_op_N_cp__dot_AR_15"")(error ""line 1507065 column 536: unknown constant P1508A_op_N_cp__dot_AR_16"")(error ""line 1507066 column 536: unknown constant P1508A_op_N_cp__dot_AR_17"")(error ""line 1507067 column 536: unknown constant P1508A_op_N_cp__dot_AR_18"")(error ""line 1507068 column 536: unknown constant P1508A_op_N_cp__dot_AR_19"")(error ""line 1507069 column 536: unknown constant P1508A_op_N_cp__dot_AR_20"")(error ""line 1507070 column 536: unknown constant P1508A_op_N_cp__dot_AR_21"")(error ""line 1507071 column 536: unknown constant P1508A_op_N_cp__dot_AR_22"")(error ""line 1507072 column 536: unknown constant P1508A_op_N_cp__dot_AR_23"")(error ""line 1507073 column 536: unknown constant P1508A_op_N_cp__dot_AR_24"")(error ""line 1507074 column 536: unknown constant P1508A_op_N_cp__dot_AR_25"")(error ""line 1507075 column 536: unknown constant P1508A_op_N_cp__dot_AR_26"")(error ""line 1507076 column 536: unknown constant P1508A_op_N_cp__dot_AR_27"")(error ""line 1507077 column 536: unknown constant P1508A_op_N_cp__dot_AR_28"")(error ""line 1507078 column 536: unknown constant P1508A_op_N_cp__dot_AR_29"")(error ""line 1507079 column 536: unknown constant P1508A_op_N_cp__dot_AR_30"")(error ""line 1507080 column 536: unknown constant P1508A_op_N_cp__dot_AR_31"")(error ""line 1507081 column 536: unknown constant P1508A_op_N_cp__dot_AR_32"")(error ""line 1507082 column 536: unknown constant P1508A_op_N_cp__dot_AR_33"")(error ""line 1507083 column 536: unknown constant P1508A_op_N_cp__dot_AR_34"")(error ""line 1507084 column 536: unknown constant P1508A_op_N_cp__dot_AR_35"")(error ""line 1507085 column 536: unknown constant P1508A_op_N_cp__dot_AR_36"")(error ""line 1507086 column 536: unknown constant P1508A_op_N_cp__dot_AR_37"")(error ""line 1507087 column 536: unknown constant P1508A_op_N_cp__dot_AR_38"")(error ""line 1507088 column 536: unknown constant P1508A_op_N_cp__dot_AR_39"")(error ""line 1507089 column 536: unknown constant P1508A_op_N_cp__dot_AR_40"")(error ""line 1507090 column 536: unknown constant P1508A_op_N_cp__dot_AR_41"")(error ""line 1507091 column 536: unknown constant P1508A_op_N_cp__dot_AR_42"")(error ""line 1507092 column 536: unknown constant P1508A_op_N_cp__dot_AR_43"")(error ""line 1507093 column 536: unknown constant P1508A_op_N_cp__dot_AR_44"")(error ""line 1507094 column 536: unknown constant P1508A_op_N_cp__dot_AR_45"")(error ""line 1507095 column 536: unknown constant P1508A_op_N_cp__dot_AR_46"")(error ""line 1507096 column 536: unknown constant P1508A_op_N_cp__dot_AR_47"")(error ""line 1507097 column 536: unknown constant P1508A_op_N_cp__dot_AR_48"")(error ""line 1507098 column 536: unknown constant P1508A_op_N_cp__dot_AR_49"")(error ""line 1507099 column 536: unknown constant P1508A_op_N_cp__dot_AR_50"")(error ""line 1507100 column 536: unknown constant P1508A_op_N_cp__dot_AR_51"")(error ""line 1507101 column 536: unknown constant P1508A_op_N_cp__dot_AR_52"")(error ""line 1507102 column 536: unknown constant P1508A_op_N_cp__dot_AR_53"")(error ""line 1507103 column 536: unknown constant P1508A_op_N_cp__dot_AR_54"")(error ""line 1507104 column 536: unknown constant P1508A_op_N_cp__dot_AR_55"")(error ""line 1507105 column 536: unknown constant P1508A_op_N_cp__dot_AR_56"")(error ""line 1507106 column 536: unknown constant P1508A_op_N_cp__dot_AR_57"")(error ""line 1507107 column 536: unknown constant P1508A_op_N_cp__dot_AR_58"")(error ""line 1507108 column 536: unknown constant P1508A_op_N_cp__dot_AR_59"")(error ""line 1507109 column 536: unknown constant P1508A_op_N_cp__dot_AR_60"")(error ""line 1507110 column 536: unknown constant P1508A_op_N_cp__dot_AR_61"")(error ""line 1507111 column 536: unknown constant P1508A_op_N_cp__dot_AR_62"")(error ""line 1507112 column 536: unknown constant P1508A_op_N_cp__dot_AR_63"")(error ""line 1507113 column 536: unknown constant P1508A_op_N_cp__dot_AR_64"")(error ""line 1507114 column 536: unknown constant P1508A_op_N_cp__dot_AR_65"")(error ""line 1507115 column 536: unknown constant P1508A_op_N_cp__dot_AR_66"")(error ""line 1507116 column 536: unknown constant P1508A_op_N_cp__dot_AR_67"")(error ""line 1507117 column 536: unknown constant P1508A_op_N_cp__dot_AR_68"")(error ""line 1507118 column 536: unknown constant P1508A_op_N_cp__dot_AR_69"")(error ""line 1507119 column 536: unknown constant P1508A_op_N_cp__dot_AR_70"")(error ""line 1507120 column 536: unknown constant P1508A_op_N_cp__dot_AR_71"")(error ""line 1507121 column 536: unknown constant P1508A_op_N_cp__dot_AR_72"")(error ""line 1507122 column 536: unknown constant P1508A_op_N_cp__dot_AR_73"")(error ""line 1507123 column 536: unknown constant P1508A_op_N_cp__dot_AR_74"")(error ""line 1507124 column 536: unknown constant P1508A_op_N_cp__dot_AR_75"")(error ""line 1507125 column 536: unknown constant P1508A_op_N_cp__dot_AR_76"")(error ""line 1507126 column 536: unknown constant P1508A_op_N_cp__dot_AR_77"")(error ""line 1507127 column 536: unknown constant P1508A_op_N_cp__dot_AR_78"")(error ""line 1507128 column 536: unknown constant P1508A_op_N_cp__dot_AR_79"")(error ""line 1507129 column 536: unknown constant P1508A_op_N_cp__dot_AR_80"")(error ""line 1507130 column 536: unknown constant P1508A_op_N_cp__dot_AR_81"")(error ""line 1507131 column 536: unknown constant P1508A_op_N_cp__dot_AR_82"")(error ""line 1507132 column 536: unknown constant P1508A_op_N_cp__dot_AR_83"")(error ""line 1507133 column 536: unknown constant P1508A_op_N_cp__dot_AR_84"")(error ""line 1507134 column 536: unknown constant P1508A_op_N_cp__dot_AR_85"")(error ""line 1507135 column 536: unknown constant P1508A_op_N_cp__dot_AR_86"")(error ""line 1507136 column 536: unknown constant P1508A_op_N_cp__dot_AR_87"")(error ""line 1507137 column 536: unknown constant P1508A_op_N_cp__dot_AR_88"")(error ""line 1507138 column 536: unknown constant P1508A_op_N_cp__dot_AR_89"")(error ""line 1507139 column 536: unknown constant P1508A_op_N_cp__dot_AR_90"")(error ""line 1507140 column 536: unknown constant P1508A_op_N_cp__dot_AR_91"")(error ""line 1507141 column 536: unknown constant P1508A_op_N_cp__dot_AR_92"")(error ""line 1507142 column 536: unknown constant P1508A_op_N_cp__dot_AR_93"")(error ""line 1507143 column 536: unknown constant P1508A_op_N_cp__dot_AR_94"")(error ""line 1507144 column 536: unknown constant P1508A_op_N_cp__dot_AR_95"")(error ""line 1507145 column 536: unknown constant P1508A_op_N_cp__dot_AR_96"")(error ""line 1507146 column 536: unknown constant P1508A_op_N_cp__dot_AR_97"")(error ""line 1507147 column 536: unknown constant P1508A_op_N_cp__dot_AR_98"")(error ""line 1507148 column 537: unknown constant P1508A_op_N_cp__dot_AR_99"")sat",N/A => Expected predicate keys to be pre-included in a dictionary.,yes,yes,yes,N/A => Expected predicate keys to be pre-included in a dictionary.,0,yes,yes,yes
2_2_27_ProceedWithAspRestriction_group14,Theorem,CounterSatisfiable,no,18.8834103,CounterSatisfiable,unsat,unsat,yes,unsat,yes,yes,yes,yes,yes,0.0675047,yes,yes,yes
2_2_27_ProceedWithAspRestriction_group15,Theorem,CounterSatisfiable,no,18.7330991,CounterSatisfiable,unsat,unsat,yes,unsat,yes,yes,yes,yes,yes,0.0694626,yes,yes,yes
2_2_27_ProceedWithAspRestriction_group16,Theorem,CounterSatisfiable,no,18.9314132,CounterSatisfiable,"(error ""line 32741 column 478: unknown constant P1508A_op_N_cp__dot_AR_0"")sat","(error ""line 38710 column 478: unknown constant P1508A_op_N_cp__dot_AR_0"")(error ""line 38711 column 478: unknown constant P1508A_op_N_cp__dot_AR_1"")sat",no,"(error ""line 1507049 column 508: unknown constant P1508A_op_N_cp__dot_AR_0"")(error ""line 1507050 column 508: unknown constant P1508A_op_N_cp__dot_AR_1"")(error ""line 1507051 column 508: unknown constant P1508A_op_N_cp__dot_AR_2"")(error ""line 1507052 column 508: unknown constant P1508A_op_N_cp__dot_AR_3"")(error ""line 1507053 column 508: unknown constant P1508A_op_N_cp__dot_AR_4"")(error ""line 1507054 column 508: unknown constant P1508A_op_N_cp__dot_AR_5"")(error ""line 1507055 column 508: unknown constant P1508A_op_N_cp__dot_AR_6"")(error ""line 1507056 column 508: unknown constant P1508A_op_N_cp__dot_AR_7"")(error ""line 1507057 column 508: unknown constant P1508A_op_N_cp__dot_AR_8"")(error ""line 1507058 column 510: unknown constant P1508A_op_N_cp__dot_AR_9"")(error ""line 1507059 column 522: unknown constant P1508A_op_N_cp__dot_AR_10"")(error ""line 1507060 column 522: unknown constant P1508A_op_N_cp__dot_AR_11"")(error ""line 1507061 column 522: unknown constant P1508A_op_N_cp__dot_AR_12"")(error ""line 1507062 column 522: unknown constant P1508A_op_N_cp__dot_AR_13"")(error ""line 1507063 column 522: unknown constant P1508A_op_N_cp__dot_AR_14"")(error ""line 1507064 column 522: unknown constant P1508A_op_N_cp__dot_AR_15"")(error ""line 1507065 column 522: unknown constant P1508A_op_N_cp__dot_AR_16"")(error ""line 1507066 column 522: unknown constant P1508A_op_N_cp__dot_AR_17"")(error ""line 1507067 column 522: unknown constant P1508A_op_N_cp__dot_AR_18"")(error ""line 1507068 column 522: unknown constant P1508A_op_N_cp__dot_AR_19"")(error ""line 1507069 column 522: unknown constant P1508A_op_N_cp__dot_AR_20"")(error ""line 1507070 column 522: unknown constant P1508A_op_N_cp__dot_AR_21"")(error ""line 1507071 column 522: unknown constant P1508A_op_N_cp__dot_AR_22"")(error ""line 1507072 column 522: unknown constant P1508A_op_N_cp__dot_AR_23"")(error ""line 1507073 column 522: unknown constant P1508A_op_N_cp__dot_AR_24"")(error ""line 1507074 column 522: unknown constant P1508A_op_N_cp__dot_AR_25"")(error ""line 1507075 column 522: unknown constant P1508A_op_N_cp__dot_AR_26"")(error ""line 1507076 column 522: unknown constant P1508A_op_N_cp__dot_AR_27"")(error ""line 1507077 column 522: unknown constant P1508A_op_N_cp__dot_AR_28"")(error ""line 1507078 column 522: unknown constant P1508A_op_N_cp__dot_AR_29"")(error ""line 1507079 column 522: unknown constant P1508A_op_N_cp__dot_AR_30"")(error ""line 1507080 column 522: unknown constant P1508A_op_N_cp__dot_AR_31"")(error ""line 1507081 column 522: unknown constant P1508A_op_N_cp__dot_AR_32"")(error ""line 1507082 column 522: unknown constant P1508A_op_N_cp__dot_AR_33"")(error ""line 1507083 column 522: unknown constant P1508A_op_N_cp__dot_AR_34"")(error ""line 1507084 column 522: unknown constant P1508A_op_N_cp__dot_AR_35"")(error ""line 1507085 column 522: unknown constant P1508A_op_N_cp__dot_AR_36"")(error ""line 1507086 column 522: unknown constant P1508A_op_N_cp__dot_AR_37"")(error ""line 1507087 column 522: unknown constant P1508A_op_N_cp__dot_AR_38"")(error ""line 1507088 column 522: unknown constant P1508A_op_N_cp__dot_AR_39"")(error ""line 1507089 column 522: unknown constant P1508A_op_N_cp__dot_AR_40"")(error ""line 1507090 column 522: unknown constant P1508A_op_N_cp__dot_AR_41"")(error ""line 1507091 column 522: unknown constant P1508A_op_N_cp__dot_AR_42"")(error ""line 1507092 column 522: unknown constant P1508A_op_N_cp__dot_AR_43"")(error ""line 1507093 column 522: unknown constant P1508A_op_N_cp__dot_AR_44"")(error ""line 1507094 column 522: unknown constant P1508A_op_N_cp__dot_AR_45"")(error ""line 1507095 column 522: unknown constant P1508A_op_N_cp__dot_AR_46"")(error ""line 1507096 column 522: unknown constant P1508A_op_N_cp__dot_AR_47"")(error ""line 1507097 column 522: unknown constant P1508A_op_N_cp__dot_AR_48"")(error ""line 1507098 column 522: unknown constant P1508A_op_N_cp__dot_AR_49"")(error ""line 1507099 column 522: unknown constant P1508A_op_N_cp__dot_AR_50"")(error ""line 1507100 column 522: unknown constant P1508A_op_N_cp__dot_AR_51"")(error ""line 1507101 column 522: unknown constant P1508A_op_N_cp__dot_AR_52"")(error ""line 1507102 column 522: unknown constant P1508A_op_N_cp__dot_AR_53"")(error ""line 1507103 column 522: unknown constant P1508A_op_N_cp__dot_AR_54"")(error ""line 1507104 column 522: unknown constant P1508A_op_N_cp__dot_AR_55"")(error ""line 1507105 column 522: unknown constant P1508A_op_N_cp__dot_AR_56"")(error ""line 1507106 column 522: unknown constant P1508A_op_N_cp__dot_AR_57"")(error ""line 1507107 column 522: unknown constant P1508A_op_N_cp__dot_AR_58"")(error ""line 1507108 column 522: unknown constant P1508A_op_N_cp__dot_AR_59"")(error ""line 1507109 column 522: unknown constant P1508A_op_N_cp__dot_AR_60"")(error ""line 1507110 column 522: unknown constant P1508A_op_N_cp__dot_AR_61"")(error ""line 1507111 column 522: unknown constant P1508A_op_N_cp__dot_AR_62"")(error ""line 1507112 column 522: unknown constant P1508A_op_N_cp__dot_AR_63"")(error ""line 1507113 column 522: unknown constant P1508A_op_N_cp__dot_AR_64"")(error ""line 1507114 column 522: unknown constant P1508A_op_N_cp__dot_AR_65"")(error ""line 1507115 column 522: unknown constant P1508A_op_N_cp__dot_AR_66"")(error ""line 1507116 column 522: unknown constant P1508A_op_N_cp__dot_AR_67"")(error ""line 1507117 column 522: unknown constant P1508A_op_N_cp__dot_AR_68"")(error ""line 1507118 column 522: unknown constant P1508A_op_N_cp__dot_AR_69"")(error ""line 1507119 column 522: unknown constant P1508A_op_N_cp__dot_AR_70"")(error ""line 1507120 column 522: unknown constant P1508A_op_N_cp__dot_AR_71"")(error ""line 1507121 column 522: unknown constant P1508A_op_N_cp__dot_AR_72"")(error ""line 1507122 column 522: unknown constant P1508A_op_N_cp__dot_AR_73"")(error ""line 1507123 column 522: unknown constant P1508A_op_N_cp__dot_AR_74"")(error ""line 1507124 column 522: unknown constant P1508A_op_N_cp__dot_AR_75"")(error ""line 1507125 column 522: unknown constant P1508A_op_N_cp__dot_AR_76"")(error ""line 1507126 column 522: unknown constant P1508A_op_N_cp__dot_AR_77"")(error ""line 1507127 column 522: unknown constant P1508A_op_N_cp__dot_AR_78"")(error ""line 1507128 column 522: unknown constant P1508A_op_N_cp__dot_AR_79"")(error ""line 1507129 column 522: unknown constant P1508A_op_N_cp__dot_AR_80"")(error ""line 1507130 column 522: unknown constant P1508A_op_N_cp__dot_AR_81"")(error ""line 1507131 column 522: unknown constant P1508A_op_N_cp__dot_AR_82"")(error ""line 1507132 column 522: unknown constant P1508A_op_N_cp__dot_AR_83"")(error ""line 1507133 column 522: unknown constant P1508A_op_N_cp__dot_AR_84"")(error ""line 1507134 column 522: unknown constant P1508A_op_N_cp__dot_AR_85"")(error ""line 1507135 column 522: unknown constant P1508A_op_N_cp__dot_AR_86"")(error ""line 1507136 column 522: unknown constant P1508A_op_N_cp__dot_AR_87"")(error ""line 1507137 column 522: unknown constant P1508A_op_N_cp__dot_AR_88"")(error ""line 1507138 column 522: unknown constant P1508A_op_N_cp__dot_AR_89"")(error ""line 1507139 column 522: unknown constant P1508A_op_N_cp__dot_AR_90"")(error ""line 1507140 column 522: unknown constant P1508A_op_N_cp__dot_AR_91"")(error ""line 1507141 column 522: unknown constant P1508A_op_N_cp__dot_AR_92"")(error ""line 1507142 column 522: unknown constant P1508A_op_N_cp__dot_AR_93"")(error ""line 1507143 column 522: unknown constant P1508A_op_N_cp__dot_AR_94"")(error ""line 1507144 column 522: unknown constant P1508A_op_N_cp__dot_AR_95"")(error ""line 1507145 column 522: unknown constant P1508A_op_N_cp__dot_AR_96"")(error ""line 1507146 column 522: unknown constant P1508A_op_N_cp__dot_AR_97"")(error ""line 1507147 column 522: unknown constant P1508A_op_N_cp__dot_AR_98"")(error ""line 1507148 column 524: unknown constant P1508A_op_N_cp__dot_AR_99"")sat",N/A => Expected predicate keys to be pre-included in a dictionary.,yes,yes,yes,N/A => Expected predicate keys to be pre-included in a dictionary.,0,yes,yes,yes
2_2_27_ProceedWithAspRestriction_group17,Theorem,CounterSatisfiable,no,19.1804743,CounterSatisfiable,"(error ""line 32741 column 449: unknown constant P1508A_op_N_cp__dot_AR_0"")sat","(error ""line 38710 column 449: unknown constant P1508A_op_N_cp__dot_AR_0"")(error ""line 38711 column 449: unknown constant P1508A_op_N_cp__dot_AR_1"")sat",no,"(error ""line 1507049 column 460: unknown constant P1508A_op_N_cp__dot_AR_0"")(error ""line 1507050 column 460: unknown constant P1508A_op_N_cp__dot_AR_1"")(error ""line 1507051 column 460: unknown constant P1508A_op_N_cp__dot_AR_2"")(error ""line 1507052 column 460: unknown constant P1508A_op_N_cp__dot_AR_3"")(error ""line 1507053 column 460: unknown constant P1508A_op_N_cp__dot_AR_4"")(error ""line 1507054 column 460: unknown constant P1508A_op_N_cp__dot_AR_5"")(error ""line 1507055 column 460: unknown constant P1508A_op_N_cp__dot_AR_6"")(error ""line 1507056 column 460: unknown constant P1508A_op_N_cp__dot_AR_7"")(error ""line 1507057 column 460: unknown constant P1508A_op_N_cp__dot_AR_8"")(error ""line 1507058 column 461: unknown constant P1508A_op_N_cp__dot_AR_9"")(error ""line 1507059 column 472: unknown constant P1508A_op_N_cp__dot_AR_10"")(error ""line 1507060 column 472: unknown constant P1508A_op_N_cp__dot_AR_11"")(error ""line 1507061 column 472: unknown constant P1508A_op_N_cp__dot_AR_12"")(error ""line 1507062 column 472: unknown constant P1508A_op_N_cp__dot_AR_13"")(error ""line 1507063 column 472: unknown constant P1508A_op_N_cp__dot_AR_14"")(error ""line 1507064 column 472: unknown constant P1508A_op_N_cp__dot_AR_15"")(error ""line 1507065 column 472: unknown constant P1508A_op_N_cp__dot_AR_16"")(error ""line 1507066 column 472: unknown constant P1508A_op_N_cp__dot_AR_17"")(error ""line 1507067 column 472: unknown constant P1508A_op_N_cp__dot_AR_18"")(error ""line 1507068 column 472: unknown constant P1508A_op_N_cp__dot_AR_19"")(error ""line 1507069 column 472: unknown constant P1508A_op_N_cp__dot_AR_20"")(error ""line 1507070 column 472: unknown constant P1508A_op_N_cp__dot_AR_21"")(error ""line 1507071 column 472: unknown constant P1508A_op_N_cp__dot_AR_22"")(error ""line 1507072 column 472: unknown constant P1508A_op_N_cp__dot_AR_23"")(error ""line 1507073 column 472: unknown constant P1508A_op_N_cp__dot_AR_24"")(error ""line 1507074 column 472: unknown constant P1508A_op_N_cp__dot_AR_25"")(error ""line 1507075 column 472: unknown constant P1508A_op_N_cp__dot_AR_26"")(error ""line 1507076 column 472: unknown constant P1508A_op_N_cp__dot_AR_27"")(error ""line 1507077 column 472: unknown constant P1508A_op_N_cp__dot_AR_28"")(error ""line 1507078 column 472: unknown constant P1508A_op_N_cp__dot_AR_29"")(error ""line 1507079 column 472: unknown constant P1508A_op_N_cp__dot_AR_30"")(error ""line 1507080 column 472: unknown constant P1508A_op_N_cp__dot_AR_31"")(error ""line 1507081 column 472: unknown constant P1508A_op_N_cp__dot_AR_32"")(error ""line 1507082 column 472: unknown constant P1508A_op_N_cp__dot_AR_33"")(error ""line 1507083 column 472: unknown constant P1508A_op_N_cp__dot_AR_34"")(error ""line 1507084 column 472: unknown constant P1508A_op_N_cp__dot_AR_35"")(error ""line 1507085 column 472: unknown constant P1508A_op_N_cp__dot_AR_36"")(error ""line 1507086 column 472: unknown constant P1508A_op_N_cp__dot_AR_37"")(error ""line 1507087 column 472: unknown constant P1508A_op_N_cp__dot_AR_38"")(error ""line 1507088 column 472: unknown constant P1508A_op_N_cp__dot_AR_39"")(error ""line 1507089 column 472: unknown constant P1508A_op_N_cp__dot_AR_40"")(error ""line 1507090 column 472: unknown constant P1508A_op_N_cp__dot_AR_41"")(error ""line 1507091 column 472: unknown constant P1508A_op_N_cp__dot_AR_42"")(error ""line 1507092 column 472: unknown constant P1508A_op_N_cp__dot_AR_43"")(error ""line 1507093 column 472: unknown constant P1508A_op_N_cp__dot_AR_44"")(error ""line 1507094 column 472: unknown constant P1508A_op_N_cp__dot_AR_45"")(error ""line 1507095 column 472: unknown constant P1508A_op_N_cp__dot_AR_46"")(error ""line 1507096 column 472: unknown constant P1508A_op_N_cp__dot_AR_47"")(error ""line 1507097 column 472: unknown constant P1508A_op_N_cp__dot_AR_48"")(error ""line 1507098 column 472: unknown constant P1508A_op_N_cp__dot_AR_49"")(error ""line 1507099 column 472: unknown constant P1508A_op_N_cp__dot_AR_50"")(error ""line 1507100 column 472: unknown constant P1508A_op_N_cp__dot_AR_51"")(error ""line 1507101 column 472: unknown constant P1508A_op_N_cp__dot_AR_52"")(error ""line 1507102 column 472: unknown constant P1508A_op_N_cp__dot_AR_53"")(error ""line 1507103 column 472: unknown constant P1508A_op_N_cp__dot_AR_54"")(error ""line 1507104 column 472: unknown constant P1508A_op_N_cp__dot_AR_55"")(error ""line 1507105 column 472: unknown constant P1508A_op_N_cp__dot_AR_56"")(error ""line 1507106 column 472: unknown constant P1508A_op_N_cp__dot_AR_57"")(error ""line 1507107 column 472: unknown constant P1508A_op_N_cp__dot_AR_58"")(error ""line 1507108 column 472: unknown constant P1508A_op_N_cp__dot_AR_59"")(error ""line 1507109 column 472: unknown constant P1508A_op_N_cp__dot_AR_60"")(error ""line 1507110 column 472: unknown constant P1508A_op_N_cp__dot_AR_61"")(error ""line 1507111 column 472: unknown constant P1508A_op_N_cp__dot_AR_62"")(error ""line 1507112 column 472: unknown constant P1508A_op_N_cp__dot_AR_63"")(error ""line 1507113 column 472: unknown constant P1508A_op_N_cp__dot_AR_64"")(error ""line 1507114 column 472: unknown constant P1508A_op_N_cp__dot_AR_65"")(error ""line 1507115 column 472: unknown constant P1508A_op_N_cp__dot_AR_66"")(error ""line 1507116 column 472: unknown constant P1508A_op_N_cp__dot_AR_67"")(error ""line 1507117 column 472: unknown constant P1508A_op_N_cp__dot_AR_68"")(error ""line 1507118 column 472: unknown constant P1508A_op_N_cp__dot_AR_69"")(error ""line 1507119 column 472: unknown constant P1508A_op_N_cp__dot_AR_70"")(error ""line 1507120 column 472: unknown constant P1508A_op_N_cp__dot_AR_71"")(error ""line 1507121 column 472: unknown constant P1508A_op_N_cp__dot_AR_72"")(error ""line 1507122 column 472: unknown constant P1508A_op_N_cp__dot_AR_73"")(error ""line 1507123 column 472: unknown constant P1508A_op_N_cp__dot_AR_74"")(error ""line 1507124 column 472: unknown constant P1508A_op_N_cp__dot_AR_75"")(error ""line 1507125 column 472: unknown constant P1508A_op_N_cp__dot_AR_76"")(error ""line 1507126 column 472: unknown constant P1508A_op_N_cp__dot_AR_77"")(error ""line 1507127 column 472: unknown constant P1508A_op_N_cp__dot_AR_78"")(error ""line 1507128 column 472: unknown constant P1508A_op_N_cp__dot_AR_79"")(error ""line 1507129 column 472: unknown constant P1508A_op_N_cp__dot_AR_80"")(error ""line 1507130 column 472: unknown constant P1508A_op_N_cp__dot_AR_81"")(error ""line 1507131 column 472: unknown constant P1508A_op_N_cp__dot_AR_82"")(error ""line 1507132 column 472: unknown constant P1508A_op_N_cp__dot_AR_83"")(error ""line 1507133 column 472: unknown constant P1508A_op_N_cp__dot_AR_84"")(error ""line 1507134 column 472: unknown constant P1508A_op_N_cp__dot_AR_85"")(error ""line 1507135 column 472: unknown constant P1508A_op_N_cp__dot_AR_86"")(error ""line 1507136 column 472: unknown constant P1508A_op_N_cp__dot_AR_87"")(error ""line 1507137 column 472: unknown constant P1508A_op_N_cp__dot_AR_88"")(error ""line 1507138 column 472: unknown constant P1508A_op_N_cp__dot_AR_89"")(error ""line 1507139 column 472: unknown constant P1508A_op_N_cp__dot_AR_90"")(error ""line 1507140 column 472: unknown constant P1508A_op_N_cp__dot_AR_91"")(error ""line 1507141 column 472: unknown constant P1508A_op_N_cp__dot_AR_92"")(error ""line 1507142 column 472: unknown constant P1508A_op_N_cp__dot_AR_93"")(error ""line 1507143 column 472: unknown constant P1508A_op_N_cp__dot_AR_94"")(error ""line 1507144 column 472: unknown constant P1508A_op_N_cp__dot_AR_95"")(error ""line 1507145 column 472: unknown constant P1508A_op_N_cp__dot_AR_96"")(error ""line 1507146 column 472: unknown constant P1508A_op_N_cp__dot_AR_97"")(error ""line 1507147 column 472: unknown constant P1508A_op_N_cp__dot_AR_98"")(error ""line 1507148 column 473: unknown constant P1508A_op_N_cp__dot_AR_99"")sat",N/A => Expected predicate keys to be pre-included in a dictionary.,yes,yes,yes,N/A => Expected predicate keys to be pre-included in a dictionary.,0,yes,yes,yes
2_2_27_ProceedWithAspRestriction_group18,Theorem,CounterSatisfiable,no,18.7976242,CounterSatisfiable,"(error ""line 32741 column 262: unknown constant P1508A_op_N_cp__dot_AR_0"")sat","(error ""line 38710 column 262: unknown constant P1508A_op_N_cp__dot_AR_0"")(error ""line 38711 column 262: unknown constant P1508A_op_N_cp__dot_AR_1"")sat",no,"(error ""line 1507049 column 292: unknown constant P1508A_op_N_cp__dot_AR_0"")(error ""line 1507050 column 292: unknown constant P1508A_op_N_cp__dot_AR_1"")(error ""line 1507051 column 292: unknown constant P1508A_op_N_cp__dot_AR_2"")(error ""line 1507052 column 292: unknown constant P1508A_op_N_cp__dot_AR_3"")(error ""line 1507053 column 292: unknown constant P1508A_op_N_cp__dot_AR_4"")(error ""line 1507054 column 292: unknown constant P1508A_op_N_cp__dot_AR_5"")(error ""line 1507055 column 292: unknown constant P1508A_op_N_cp__dot_AR_6"")(error ""line 1507056 column 292: unknown constant P1508A_op_N_cp__dot_AR_7"")(error ""line 1507057 column 292: unknown constant P1508A_op_N_cp__dot_AR_8"")(error ""line 1507058 column 294: unknown constant P1508A_op_N_cp__dot_AR_9"")(error ""line 1507059 column 300: unknown constant P1508A_op_N_cp__dot_AR_10"")(error ""line 1507060 column 300: unknown constant P1508A_op_N_cp__dot_AR_11"")(error ""line 1507061 column 300: unknown constant P1508A_op_N_cp__dot_AR_12"")(error ""line 1507062 column 300: unknown constant P1508A_op_N_cp__dot_AR_13"")(error ""line 1507063 column 300: unknown constant P1508A_op_N_cp__dot_AR_14"")(error ""line 1507064 column 300: unknown constant P1508A_op_N_cp__dot_AR_15"")(error ""line 1507065 column 300: unknown constant P1508A_op_N_cp__dot_AR_16"")(error ""line 1507066 column 300: unknown constant P1508A_op_N_cp__dot_AR_17"")(error ""line 1507067 column 300: unknown constant P1508A_op_N_cp__dot_AR_18"")(error ""line 1507068 column 300: unknown constant P1508A_op_N_cp__dot_AR_19"")(error ""line 1507069 column 300: unknown constant P1508A_op_N_cp__dot_AR_20"")(error ""line 1507070 column 300: unknown constant P1508A_op_N_cp__dot_AR_21"")(error ""line 1507071 column 300: unknown constant P1508A_op_N_cp__dot_AR_22"")(error ""line 1507072 column 300: unknown constant P1508A_op_N_cp__dot_AR_23"")(error ""line 1507073 column 300: unknown constant P1508A_op_N_cp__dot_AR_24"")(error ""line 1507074 column 300: unknown constant P1508A_op_N_cp__dot_AR_25"")(error ""line 1507075 column 300: unknown constant P1508A_op_N_cp__dot_AR_26"")(error ""line 1507076 column 300: unknown constant P1508A_op_N_cp__dot_AR_27"")(error ""line 1507077 column 300: unknown constant P1508A_op_N_cp__dot_AR_28"")(error ""line 1507078 column 300: unknown constant P1508A_op_N_cp__dot_AR_29"")(error ""line 1507079 column 300: unknown constant P1508A_op_N_cp__dot_AR_30"")(error ""line 1507080 column 300: unknown constant P1508A_op_N_cp__dot_AR_31"")(error ""line 1507081 column 300: unknown constant P1508A_op_N_cp__dot_AR_32"")(error ""line 1507082 column 300: unknown constant P1508A_op_N_cp__dot_AR_33"")(error ""line 1507083 column 300: unknown constant P1508A_op_N_cp__dot_AR_34"")(error ""line 1507084 column 300: unknown constant P1508A_op_N_cp__dot_AR_35"")(error ""line 1507085 column 300: unknown constant P1508A_op_N_cp__dot_AR_36"")(error ""line 1507086 column 300: unknown constant P1508A_op_N_cp__dot_AR_37"")(error ""line 1507087 column 300: unknown constant P1508A_op_N_cp__dot_AR_38"")(error ""line 1507088 column 300: unknown constant P1508A_op_N_cp__dot_AR_39"")(error ""line 1507089 column 300: unknown constant P1508A_op_N_cp__dot_AR_40"")(error ""line 1507090 column 300: unknown constant P1508A_op_N_cp__dot_AR_41"")(error ""line 1507091 column 300: unknown constant P1508A_op_N_cp__dot_AR_42"")(error ""line 1507092 column 300: unknown constant P1508A_op_N_cp__dot_AR_43"")(error ""line 1507093 column 300: unknown constant P1508A_op_N_cp__dot_AR_44"")(error ""line 1507094 column 300: unknown constant P1508A_op_N_cp__dot_AR_45"")(error ""line 1507095 column 300: unknown constant P1508A_op_N_cp__dot_AR_46"")(error ""line 1507096 column 300: unknown constant P1508A_op_N_cp__dot_AR_47"")(error ""line 1507097 column 300: unknown constant P1508A_op_N_cp__dot_AR_48"")(error ""line 1507098 column 300: unknown constant P1508A_op_N_cp__dot_AR_49"")(error ""line 1507099 column 300: unknown constant P1508A_op_N_cp__dot_AR_50"")(error ""line 1507100 column 300: unknown constant P1508A_op_N_cp__dot_AR_51"")(error ""line 1507101 column 300: unknown constant P1508A_op_N_cp__dot_AR_52"")(error ""line 1507102 column 300: unknown constant P1508A_op_N_cp__dot_AR_53"")(error ""line 1507103 column 300: unknown constant P1508A_op_N_cp__dot_AR_54"")(error ""line 1507104 column 300: unknown constant P1508A_op_N_cp__dot_AR_55"")(error ""line 1507105 column 300: unknown constant P1508A_op_N_cp__dot_AR_56"")(error ""line 1507106 column 300: unknown constant P1508A_op_N_cp__dot_AR_57"")(error ""line 1507107 column 300: unknown constant P1508A_op_N_cp__dot_AR_58"")(error ""line 1507108 column 300: unknown constant P1508A_op_N_cp__dot_AR_59"")(error ""line 1507109 column 300: unknown constant P1508A_op_N_cp__dot_AR_60"")(error ""line 1507110 column 300: unknown constant P1508A_op_N_cp__dot_AR_61"")(error ""line 1507111 column 300: unknown constant P1508A_op_N_cp__dot_AR_62"")(error ""line 1507112 column 300: unknown constant P1508A_op_N_cp__dot_AR_63"")(error ""line 1507113 column 300: unknown constant P1508A_op_N_cp__dot_AR_64"")(error ""line 1507114 column 300: unknown constant P1508A_op_N_cp__dot_AR_65"")(error ""line 1507115 column 300: unknown constant P1508A_op_N_cp__dot_AR_66"")(error ""line 1507116 column 300: unknown constant P1508A_op_N_cp__dot_AR_67"")(error ""line 1507117 column 300: unknown constant P1508A_op_N_cp__dot_AR_68"")(error ""line 1507118 column 300: unknown constant P1508A_op_N_cp__dot_AR_69"")(error ""line 1507119 column 300: unknown constant P1508A_op_N_cp__dot_AR_70"")(error ""line 1507120 column 300: unknown constant P1508A_op_N_cp__dot_AR_71"")(error ""line 1507121 column 300: unknown constant P1508A_op_N_cp__dot_AR_72"")(error ""line 1507122 column 300: unknown constant P1508A_op_N_cp__dot_AR_73"")(error ""line 1507123 column 300: unknown constant P1508A_op_N_cp__dot_AR_74"")(error ""line 1507124 column 300: unknown constant P1508A_op_N_cp__dot_AR_75"")(error ""line 1507125 column 300: unknown constant P1508A_op_N_cp__dot_AR_76"")(error ""line 1507126 column 300: unknown constant P1508A_op_N_cp__dot_AR_77"")(error ""line 1507127 column 300: unknown constant P1508A_op_N_cp__dot_AR_78"")(error ""line 1507128 column 300: unknown constant P1508A_op_N_cp__dot_AR_79"")(error ""line 1507129 column 300: unknown constant P1508A_op_N_cp__dot_AR_80"")(error ""line 1507130 column 300: unknown constant P1508A_op_N_cp__dot_AR_81"")(error ""line 1507131 column 300: unknown constant P1508A_op_N_cp__dot_AR_82"")(error ""line 1507132 column 300: unknown constant P1508A_op_N_cp__dot_AR_83"")(error ""line 1507133 column 300: unknown constant P1508A_op_N_cp__dot_AR_84"")(error ""line 1507134 column 300: unknown constant P1508A_op_N_cp__dot_AR_85"")(error ""line 1507135 column 300: unknown constant P1508A_op_N_cp__dot_AR_86"")(error ""line 1507136 column 300: unknown constant P1508A_op_N_cp__dot_AR_87"")(error ""line 1507137 column 300: unknown constant P1508A_op_N_cp__dot_AR_88"")(error ""line 1507138 column 300: unknown constant P1508A_op_N_cp__dot_AR_89"")(error ""line 1507139 column 300: unknown constant P1508A_op_N_cp__dot_AR_90"")(error ""line 1507140 column 300: unknown constant P1508A_op_N_cp__dot_AR_91"")(error ""line 1507141 column 300: unknown constant P1508A_op_N_cp__dot_AR_92"")(error ""line 1507142 column 300: unknown constant P1508A_op_N_cp__dot_AR_93"")(error ""line 1507143 column 300: unknown constant P1508A_op_N_cp__dot_AR_94"")(error ""line 1507144 column 300: unknown constant P1508A_op_N_cp__dot_AR_95"")(error ""line 1507145 column 300: unknown constant P1508A_op_N_cp__dot_AR_96"")(error ""line 1507146 column 300: unknown constant P1508A_op_N_cp__dot_AR_97"")(error ""line 1507147 column 300: unknown constant P1508A_op_N_cp__dot_AR_98"")(error ""line 1507148 column 302: unknown constant P1508A_op_N_cp__dot_AR_99"")sat",N/A => Expected predicate keys to be pre-included in a dictionary.,yes,yes,yes,N/A => Expected predicate keys to be pre-included in a dictionary.,0,yes,yes,yes
2_2_27_ProceedWithAspRestriction_group19,Theorem,CounterSatisfiable,no,18.9897675,CounterSatisfiable,"(error ""line 32741 column 489: unknown constant P1508A_op_N_cp__dot_AR_0"")sat","(error ""line 38710 column 489: unknown constant P1508A_op_N_cp__dot_AR_0"")(error ""line 38711 column 489: unknown constant P1508A_op_N_cp__dot_AR_1"")sat",no,"(error ""line 1507049 column 519: unknown constant P1508A_op_N_cp__dot_AR_0"")(error ""line 1507050 column 519: unknown constant P1508A_op_N_cp__dot_AR_1"")(error ""line 1507051 column 519: unknown constant P1508A_op_N_cp__dot_AR_2"")(error ""line 1507052 column 519: unknown constant P1508A_op_N_cp__dot_AR_3"")(error ""line 1507053 column 519: unknown constant P1508A_op_N_cp__dot_AR_4"")(error ""line 1507054 column 519: unknown constant P1508A_op_N_cp__dot_AR_5"")(error ""line 1507055 column 519: unknown constant P1508A_op_N_cp__dot_AR_6"")(error ""line 1507056 column 519: unknown constant P1508A_op_N_cp__dot_AR_7"")(error ""line 1507057 column 519: unknown constant P1508A_op_N_cp__dot_AR_8"")(error ""line 1507058 column 521: unknown constant P1508A_op_N_cp__dot_AR_9"")(error ""line 1507059 column 533: unknown constant P1508A_op_N_cp__dot_AR_10"")(error ""line 1507060 column 533: unknown constant P1508A_op_N_cp__dot_AR_11"")(error ""line 1507061 column 533: unknown constant P1508A_op_N_cp__dot_AR_12"")(error ""line 1507062 column 533: unknown constant P1508A_op_N_cp__dot_AR_13"")(error ""line 1507063 column 533: unknown constant P1508A_op_N_cp__dot_AR_14"")(error ""line 1507064 column 533: unknown constant P1508A_op_N_cp__dot_AR_15"")(error ""line 1507065 column 533: unknown constant P1508A_op_N_cp__dot_AR_16"")(error ""line 1507066 column 533: unknown constant P1508A_op_N_cp__dot_AR_17"")(error ""line 1507067 column 533: unknown constant P1508A_op_N_cp__dot_AR_18"")(error ""line 1507068 column 533: unknown constant P1508A_op_N_cp__dot_AR_19"")(error ""line 1507069 column 533: unknown constant P1508A_op_N_cp__dot_AR_20"")(error ""line 1507070 column 533: unknown constant P1508A_op_N_cp__dot_AR_21"")(error ""line 1507071 column 533: unknown constant P1508A_op_N_cp__dot_AR_22"")(error ""line 1507072 column 533: unknown constant P1508A_op_N_cp__dot_AR_23"")(error ""line 1507073 column 533: unknown constant P1508A_op_N_cp__dot_AR_24"")(error ""line 1507074 column 533: unknown constant P1508A_op_N_cp__dot_AR_25"")(error ""line 1507075 column 533: unknown constant P1508A_op_N_cp__dot_AR_26"")(error ""line 1507076 column 533: unknown constant P1508A_op_N_cp__dot_AR_27"")(error ""line 1507077 column 533: unknown constant P1508A_op_N_cp__dot_AR_28"")(error ""line 1507078 column 533: unknown constant P1508A_op_N_cp__dot_AR_29"")(error ""line 1507079 column 533: unknown constant P1508A_op_N_cp__dot_AR_30"")(error ""line 1507080 column 533: unknown constant P1508A_op_N_cp__dot_AR_31"")(error ""line 1507081 column 533: unknown constant P1508A_op_N_cp__dot_AR_32"")(error ""line 1507082 column 533: unknown constant P1508A_op_N_cp__dot_AR_33"")(error ""line 1507083 column 533: unknown constant P1508A_op_N_cp__dot_AR_34"")(error ""line 1507084 column 533: unknown constant P1508A_op_N_cp__dot_AR_35"")(error ""line 1507085 column 533: unknown constant P1508A_op_N_cp__dot_AR_36"")(error ""line 1507086 column 533: unknown constant P1508A_op_N_cp__dot_AR_37"")(error ""line 1507087 column 533: unknown constant P1508A_op_N_cp__dot_AR_38"")(error ""line 1507088 column 533: unknown constant P1508A_op_N_cp__dot_AR_39"")(error ""line 1507089 column 533: unknown constant P1508A_op_N_cp__dot_AR_40"")(error ""line 1507090 column 533: unknown constant P1508A_op_N_cp__dot_AR_41"")(error ""line 1507091 column 533: unknown constant P1508A_op_N_cp__dot_AR_42"")(error ""line 1507092 column 533: unknown constant P1508A_op_N_cp__dot_AR_43"")(error ""line 1507093 column 533: unknown constant P1508A_op_N_cp__dot_AR_44"")(error ""line 1507094 column 533: unknown constant P1508A_op_N_cp__dot_AR_45"")(error ""line 1507095 column 533: unknown constant P1508A_op_N_cp__dot_AR_46"")(error ""line 1507096 column 533: unknown constant P1508A_op_N_cp__dot_AR_47"")(error ""line 1507097 column 533: unknown constant P1508A_op_N_cp__dot_AR_48"")(error ""line 1507098 column 533: unknown constant P1508A_op_N_cp__dot_AR_49"")(error ""line 1507099 column 533: unknown constant P1508A_op_N_cp__dot_AR_50"")(error ""line 1507100 column 533: unknown constant P1508A_op_N_cp__dot_AR_51"")(error ""line 1507101 column 533: unknown constant P1508A_op_N_cp__dot_AR_52"")(error ""line 1507102 column 533: unknown constant P1508A_op_N_cp__dot_AR_53"")(error ""line 1507103 column 533: unknown constant P1508A_op_N_cp__dot_AR_54"")(error ""line 1507104 column 533: unknown constant P1508A_op_N_cp__dot_AR_55"")(error ""line 1507105 column 533: unknown constant P1508A_op_N_cp__dot_AR_56"")(error ""line 1507106 column 533: unknown constant P1508A_op_N_cp__dot_AR_57"")(error ""line 1507107 column 533: unknown constant P1508A_op_N_cp__dot_AR_58"")(error ""line 1507108 column 533: unknown constant P1508A_op_N_cp__dot_AR_59"")(error ""line 1507109 column 533: unknown constant P1508A_op_N_cp__dot_AR_60"")(error ""line 1507110 column 533: unknown constant P1508A_op_N_cp__dot_AR_61"")(error ""line 1507111 column 533: unknown constant P1508A_op_N_cp__dot_AR_62"")(error ""line 1507112 column 533: unknown constant P1508A_op_N_cp__dot_AR_63"")(error ""line 1507113 column 533: unknown constant P1508A_op_N_cp__dot_AR_64"")(error ""line 1507114 column 533: unknown constant P1508A_op_N_cp__dot_AR_65"")(error ""line 1507115 column 533: unknown constant P1508A_op_N_cp__dot_AR_66"")(error ""line 1507116 column 533: unknown constant P1508A_op_N_cp__dot_AR_67"")(error ""line 1507117 column 533: unknown constant P1508A_op_N_cp__dot_AR_68"")(error ""line 1507118 column 533: unknown constant P1508A_op_N_cp__dot_AR_69"")(error ""line 1507119 column 533: unknown constant P1508A_op_N_cp__dot_AR_70"")(error ""line 1507120 column 533: unknown constant P1508A_op_N_cp__dot_AR_71"")(error ""line 1507121 column 533: unknown constant P1508A_op_N_cp__dot_AR_72"")(error ""line 1507122 column 533: unknown constant P1508A_op_N_cp__dot_AR_73"")(error ""line 1507123 column 533: unknown constant P1508A_op_N_cp__dot_AR_74"")(error ""line 1507124 column 533: unknown constant P1508A_op_N_cp__dot_AR_75"")(error ""line 1507125 column 533: unknown constant P1508A_op_N_cp__dot_AR_76"")(error ""line 1507126 column 533: unknown constant P1508A_op_N_cp__dot_AR_77"")(error ""line 1507127 column 533: unknown constant P1508A_op_N_cp__dot_AR_78"")(error ""line 1507128 column 533: unknown constant P1508A_op_N_cp__dot_AR_79"")(error ""line 1507129 column 533: unknown constant P1508A_op_N_cp__dot_AR_80"")(error ""line 1507130 column 533: unknown constant P1508A_op_N_cp__dot_AR_81"")(error ""line 1507131 column 533: unknown constant P1508A_op_N_cp__dot_AR_82"")(error ""line 1507132 column 533: unknown constant P1508A_op_N_cp__dot_AR_83"")(error ""line 1507133 column 533: unknown constant P1508A_op_N_cp__dot_AR_84"")(error ""line 1507134 column 533: unknown constant P1508A_op_N_cp__dot_AR_85"")(error ""line 1507135 column 533: unknown constant P1508A_op_N_cp__dot_AR_86"")(error ""line 1507136 column 533: unknown constant P1508A_op_N_cp__dot_AR_87"")(error ""line 1507137 column 533: unknown constant P1508A_op_N_cp__dot_AR_88"")(error ""line 1507138 column 533: unknown constant P1508A_op_N_cp__dot_AR_89"")(error ""line 1507139 column 533: unknown constant P1508A_op_N_cp__dot_AR_90"")(error ""line 1507140 column 533: unknown constant P1508A_op_N_cp__dot_AR_91"")(error ""line 1507141 column 533: unknown constant P1508A_op_N_cp__dot_AR_92"")(error ""line 1507142 column 533: unknown constant P1508A_op_N_cp__dot_AR_93"")(error ""line 1507143 column 533: unknown constant P1508A_op_N_cp__dot_AR_94"")(error ""line 1507144 column 533: unknown constant P1508A_op_N_cp__dot_AR_95"")(error ""line 1507145 column 533: unknown constant P1508A_op_N_cp__dot_AR_96"")(error ""line 1507146 column 533: unknown constant P1508A_op_N_cp__dot_AR_97"")(error ""line 1507147 column 533: unknown constant P1508A_op_N_cp__dot_AR_98"")(error ""line 1507148 column 535: unknown constant P1508A_op_N_cp__dot_AR_99"")sat",N/A => Expected predicate keys to be pre-included in a dictionary.,yes,yes,yes,N/A => Expected predicate keys to be pre-included in a dictionary.,0,yes,yes,yes
2_2_27_ProceedWithAspRestriction_group2,Theorem,CounterSatisfiable,no,18.8934933,CounterSatisfiable,unsat,unsat,yes,unsat,yes,yes,yes,yes,yes,0.0639201,yes,yes,yes
2_2_27_ProceedWithAspRestriction_group20,Theorem,CounterSatisfiable,no,18.7787159,CounterSatisfiable,"(error ""line 32741 column 479: unknown constant P1508A_op_N_cp__dot_AR_0"")sat","(error ""line 38710 column 479: unknown constant P1508A_op_N_cp__dot_AR_0"")(error ""line 38711 column 479: unknown constant P1508A_op_N_cp__dot_AR_1"")sat",no,"(error ""line 1507049 column 509: unknown constant P1508A_op_N_cp__dot_AR_0"")(error ""line 1507050 column 509: unknown constant P1508A_op_N_cp__dot_AR_1"")(error ""line 1507051 column 509: unknown constant P1508A_op_N_cp__dot_AR_2"")(error ""line 1507052 column 509: unknown constant P1508A_op_N_cp__dot_AR_3"")(error ""line 1507053 column 509: unknown constant P1508A_op_N_cp__dot_AR_4"")(error ""line 1507054 column 509: unknown constant P1508A_op_N_cp__dot_AR_5"")(error ""line 1507055 column 509: unknown constant P1508A_op_N_cp__dot_AR_6"")(error ""line 1507056 column 509: unknown constant P1508A_op_N_cp__dot_AR_7"")(error ""line 1507057 column 509: unknown constant P1508A_op_N_cp__dot_AR_8"")(error ""line 1507058 column 511: unknown constant P1508A_op_N_cp__dot_AR_9"")(error ""line 1507059 column 523: unknown constant P1508A_op_N_cp__dot_AR_10"")(error ""line 1507060 column 523: unknown constant P1508A_op_N_cp__dot_AR_11"")(error ""line 1507061 column 523: unknown constant P1508A_op_N_cp__dot_AR_12"")(error ""line 1507062 column 523: unknown constant P1508A_op_N_cp__dot_AR_13"")(error ""line 1507063 column 523: unknown constant P1508A_op_N_cp__dot_AR_14"")(error ""line 1507064 column 523: unknown constant P1508A_op_N_cp__dot_AR_15"")(error ""line 1507065 column 523: unknown constant P1508A_op_N_cp__dot_AR_16"")(error ""line 1507066 column 523: unknown constant P1508A_op_N_cp__dot_AR_17"")(error ""line 1507067 column 523: unknown constant P1508A_op_N_cp__dot_AR_18"")(error ""line 1507068 column 523: unknown constant P1508A_op_N_cp__dot_AR_19"")(error ""line 1507069 column 523: unknown constant P1508A_op_N_cp__dot_AR_20"")(error ""line 1507070 column 523: unknown constant P1508A_op_N_cp__dot_AR_21"")(error ""line 1507071 column 523: unknown constant P1508A_op_N_cp__dot_AR_22"")(error ""line 1507072 column 523: unknown constant P1508A_op_N_cp__dot_AR_23"")(error ""line 1507073 column 523: unknown constant P1508A_op_N_cp__dot_AR_24"")(error ""line 1507074 column 523: unknown constant P1508A_op_N_cp__dot_AR_25"")(error ""line 1507075 column 523: unknown constant P1508A_op_N_cp__dot_AR_26"")(error ""line 1507076 column 523: unknown constant P1508A_op_N_cp__dot_AR_27"")(error ""line 1507077 column 523: unknown constant P1508A_op_N_cp__dot_AR_28"")(error ""line 1507078 column 523: unknown constant P1508A_op_N_cp__dot_AR_29"")(error ""line 1507079 column 523: unknown constant P1508A_op_N_cp__dot_AR_30"")(error ""line 1507080 column 523: unknown constant P1508A_op_N_cp__dot_AR_31"")(error ""line 1507081 column 523: unknown constant P1508A_op_N_cp__dot_AR_32"")(error ""line 1507082 column 523: unknown constant P1508A_op_N_cp__dot_AR_33"")(error ""line 1507083 column 523: unknown constant P1508A_op_N_cp__dot_AR_34"")(error ""line 1507084 column 523: unknown constant P1508A_op_N_cp__dot_AR_35"")(error ""line 1507085 column 523: unknown constant P1508A_op_N_cp__dot_AR_36"")(error ""line 1507086 column 523: unknown constant P1508A_op_N_cp__dot_AR_37"")(error ""line 1507087 column 523: unknown constant P1508A_op_N_cp__dot_AR_38"")(error ""line 1507088 column 523: unknown constant P1508A_op_N_cp__dot_AR_39"")(error ""line 1507089 column 523: unknown constant P1508A_op_N_cp__dot_AR_40"")(error ""line 1507090 column 523: unknown constant P1508A_op_N_cp__dot_AR_41"")(error ""line 1507091 column 523: unknown constant P1508A_op_N_cp__dot_AR_42"")(error ""line 1507092 column 523: unknown constant P1508A_op_N_cp__dot_AR_43"")(error ""line 1507093 column 523: unknown constant P1508A_op_N_cp__dot_AR_44"")(error ""line 1507094 column 523: unknown constant P1508A_op_N_cp__dot_AR_45"")(error ""line 1507095 column 523: unknown constant P1508A_op_N_cp__dot_AR_46"")(error ""line 1507096 column 523: unknown constant P1508A_op_N_cp__dot_AR_47"")(error ""line 1507097 column 523: unknown constant P1508A_op_N_cp__dot_AR_48"")(error ""line 1507098 column 523: unknown constant P1508A_op_N_cp__dot_AR_49"")(error ""line 1507099 column 523: unknown constant P1508A_op_N_cp__dot_AR_50"")(error ""line 1507100 column 523: unknown constant P1508A_op_N_cp__dot_AR_51"")(error ""line 1507101 column 523: unknown constant P1508A_op_N_cp__dot_AR_52"")(error ""line 1507102 column 523: unknown constant P1508A_op_N_cp__dot_AR_53"")(error ""line 1507103 column 523: unknown constant P1508A_op_N_cp__dot_AR_54"")(error ""line 1507104 column 523: unknown constant P1508A_op_N_cp__dot_AR_55"")(error ""line 1507105 column 523: unknown constant P1508A_op_N_cp__dot_AR_56"")(error ""line 1507106 column 523: unknown constant P1508A_op_N_cp__dot_AR_57"")(error ""line 1507107 column 523: unknown constant P1508A_op_N_cp__dot_AR_58"")(error ""line 1507108 column 523: unknown constant P1508A_op_N_cp__dot_AR_59"")(error ""line 1507109 column 523: unknown constant P1508A_op_N_cp__dot_AR_60"")(error ""line 1507110 column 523: unknown constant P1508A_op_N_cp__dot_AR_61"")(error ""line 1507111 column 523: unknown constant P1508A_op_N_cp__dot_AR_62"")(error ""line 1507112 column 523: unknown constant P1508A_op_N_cp__dot_AR_63"")(error ""line 1507113 column 523: unknown constant P1508A_op_N_cp__dot_AR_64"")(error ""line 1507114 column 523: unknown constant P1508A_op_N_cp__dot_AR_65"")(error ""line 1507115 column 523: unknown constant P1508A_op_N_cp__dot_AR_66"")(error ""line 1507116 column 523: unknown constant P1508A_op_N_cp__dot_AR_67"")(error ""line 1507117 column 523: unknown constant P1508A_op_N_cp__dot_AR_68"")(error ""line 1507118 column 523: unknown constant P1508A_op_N_cp__dot_AR_69"")(error ""line 1507119 column 523: unknown constant P1508A_op_N_cp__dot_AR_70"")(error ""line 1507120 column 523: unknown constant P1508A_op_N_cp__dot_AR_71"")(error ""line 1507121 column 523: unknown constant P1508A_op_N_cp__dot_AR_72"")(error ""line 1507122 column 523: unknown constant P1508A_op_N_cp__dot_AR_73"")(error ""line 1507123 column 523: unknown constant P1508A_op_N_cp__dot_AR_74"")(error ""line 1507124 column 523: unknown constant P1508A_op_N_cp__dot_AR_75"")(error ""line 1507125 column 523: unknown constant P1508A_op_N_cp__dot_AR_76"")(error ""line 1507126 column 523: unknown constant P1508A_op_N_cp__dot_AR_77"")(error ""line 1507127 column 523: unknown constant P1508A_op_N_cp__dot_AR_78"")(error ""line 1507128 column 523: unknown constant P1508A_op_N_cp__dot_AR_79"")(error ""line 1507129 column 523: unknown constant P1508A_op_N_cp__dot_AR_80"")(error ""line 1507130 column 523: unknown constant P1508A_op_N_cp__dot_AR_81"")(error ""line 1507131 column 523: unknown constant P1508A_op_N_cp__dot_AR_82"")(error ""line 1507132 column 523: unknown constant P1508A_op_N_cp__dot_AR_83"")(error ""line 1507133 column 523: unknown constant P1508A_op_N_cp__dot_AR_84"")(error ""line 1507134 column 523: unknown constant P1508A_op_N_cp__dot_AR_85"")(error ""line 1507135 column 523: unknown constant P1508A_op_N_cp__dot_AR_86"")(error ""line 1507136 column 523: unknown constant P1508A_op_N_cp__dot_AR_87"")(error ""line 1507137 column 523: unknown constant P1508A_op_N_cp__dot_AR_88"")(error ""line 1507138 column 523: unknown constant P1508A_op_N_cp__dot_AR_89"")(error ""line 1507139 column 523: unknown constant P1508A_op_N_cp__dot_AR_90"")(error ""line 1507140 column 523: unknown constant P1508A_op_N_cp__dot_AR_91"")(error ""line 1507141 column 523: unknown constant P1508A_op_N_cp__dot_AR_92"")(error ""line 1507142 column 523: unknown constant P1508A_op_N_cp__dot_AR_93"")(error ""line 1507143 column 523: unknown constant P1508A_op_N_cp__dot_AR_94"")(error ""line 1507144 column 523: unknown constant P1508A_op_N_cp__dot_AR_95"")(error ""line 1507145 column 523: unknown constant P1508A_op_N_cp__dot_AR_96"")(error ""line 1507146 column 523: unknown constant P1508A_op_N_cp__dot_AR_97"")(error ""line 1507147 column 523: unknown constant P1508A_op_N_cp__dot_AR_98"")(error ""line 1507148 column 525: unknown constant P1508A_op_N_cp__dot_AR_99"")sat",N/A => Expected predicate keys to be pre-included in a dictionary.,yes,yes,yes,N/A => Expected predicate keys to be pre-included in a dictionary.,0,yes,yes,yes
2_2_27_ProceedWithAspRestriction_group21,Theorem,CounterSatisfiable,no,18.8438888,CounterSatisfiable,"(error ""line 32741 column 718: unknown constant TPAP_dot_AR_0"")sat","(error ""line 38710 column 718: unknown constant TPAP_dot_AR_0"")(error ""line 38711 column 718: unknown constant TPAP_dot_AR_1"")sat",no,"(error ""line 1507049 column 748: unknown constant TPAP_dot_AR_0"")(error ""line 1507050 column 748: unknown constant TPAP_dot_AR_1"")(error ""line 1507051 column 748: unknown constant TPAP_dot_AR_2"")(error ""line 1507052 column 748: unknown constant TPAP_dot_AR_3"")(error ""line 1507053 column 748: unknown constant TPAP_dot_AR_4"")(error ""line 1507054 column 748: unknown constant TPAP_dot_AR_5"")(error ""line 1507055 column 748: unknown constant TPAP_dot_AR_6"")(error ""line 1507056 column 748: unknown constant TPAP_dot_AR_7"")(error ""line 1507057 column 748: unknown constant TPAP_dot_AR_8"")(error ""line 1507058 column 750: unknown constant TPAP_dot_AR_9"")(error ""line 1507059 column 770: unknown constant TPAP_dot_AR_10"")(error ""line 1507060 column 770: unknown constant TPAP_dot_AR_11"")(error ""line 1507061 column 770: unknown constant TPAP_dot_AR_12"")(error ""line 1507062 column 770: unknown constant TPAP_dot_AR_13"")(error ""line 1507063 column 770: unknown constant TPAP_dot_AR_14"")(error ""line 1507064 column 770: unknown constant TPAP_dot_AR_15"")(error ""line 1507065 column 770: unknown constant TPAP_dot_AR_16"")(error ""line 1507066 column 770: unknown constant TPAP_dot_AR_17"")(error ""line 1507067 column 770: unknown constant TPAP_dot_AR_18"")(error ""line 1507068 column 770: unknown constant TPAP_dot_AR_19"")(error ""line 1507069 column 770: unknown constant TPAP_dot_AR_20"")(error ""line 1507070 column 770: unknown constant TPAP_dot_AR_21"")(error ""line 1507071 column 770: unknown constant TPAP_dot_AR_22"")(error ""line 1507072 column 770: unknown constant TPAP_dot_AR_23"")(error ""line 1507073 column 770: unknown constant TPAP_dot_AR_24"")(error ""line 1507074 column 770: unknown constant TPAP_dot_AR_25"")(error ""line 1507075 column 770: unknown constant TPAP_dot_AR_26"")(error ""line 1507076 column 770: unknown constant TPAP_dot_AR_27"")(error ""line 1507077 column 770: unknown constant TPAP_dot_AR_28"")(error ""line 1507078 column 770: unknown constant TPAP_dot_AR_29"")(error ""line 1507079 column 770: unknown constant TPAP_dot_AR_30"")(error ""line 1507080 column 770: unknown constant TPAP_dot_AR_31"")(error ""line 1507081 column 770: unknown constant TPAP_dot_AR_32"")(error ""line 1507082 column 770: unknown constant TPAP_dot_AR_33"")(error ""line 1507083 column 770: unknown constant TPAP_dot_AR_34"")(error ""line 1507084 column 770: unknown constant TPAP_dot_AR_35"")(error ""line 1507085 column 770: unknown constant TPAP_dot_AR_36"")(error ""line 1507086 column 770: unknown constant TPAP_dot_AR_37"")(error ""line 1507087 column 770: unknown constant TPAP_dot_AR_38"")(error ""line 1507088 column 770: unknown constant TPAP_dot_AR_39"")(error ""line 1507089 column 770: unknown constant TPAP_dot_AR_40"")(error ""line 1507090 column 770: unknown constant TPAP_dot_AR_41"")(error ""line 1507091 column 770: unknown constant TPAP_dot_AR_42"")(error ""line 1507092 column 770: unknown constant TPAP_dot_AR_43"")(error ""line 1507093 column 770: unknown constant TPAP_dot_AR_44"")(error ""line 1507094 column 770: unknown constant TPAP_dot_AR_45"")(error ""line 1507095 column 770: unknown constant TPAP_dot_AR_46"")(error ""line 1507096 column 770: unknown constant TPAP_dot_AR_47"")(error ""line 1507097 column 770: unknown constant TPAP_dot_AR_48"")(error ""line 1507098 column 770: unknown constant TPAP_dot_AR_49"")(error ""line 1507099 column 770: unknown constant TPAP_dot_AR_50"")(error ""line 1507100 column 770: unknown constant TPAP_dot_AR_51"")(error ""line 1507101 column 770: unknown constant TPAP_dot_AR_52"")(error ""line 1507102 column 770: unknown constant TPAP_dot_AR_53"")(error ""line 1507103 column 770: unknown constant TPAP_dot_AR_54"")(error ""line 1507104 column 770: unknown constant TPAP_dot_AR_55"")(error ""line 1507105 column 770: unknown constant TPAP_dot_AR_56"")(error ""line 1507106 column 770: unknown constant TPAP_dot_AR_57"")(error ""line 1507107 column 770: unknown constant TPAP_dot_AR_58"")(error ""line 1507108 column 770: unknown constant TPAP_dot_AR_59"")(error ""line 1507109 column 770: unknown constant TPAP_dot_AR_60"")(error ""line 1507110 column 770: unknown constant TPAP_dot_AR_61"")(error ""line 1507111 column 770: unknown constant TPAP_dot_AR_62"")(error ""line 1507112 column 770: unknown constant TPAP_dot_AR_63"")(error ""line 1507113 column 770: unknown constant TPAP_dot_AR_64"")(error ""line 1507114 column 770: unknown constant TPAP_dot_AR_65"")(error ""line 1507115 column 770: unknown constant TPAP_dot_AR_66"")(error ""line 1507116 column 770: unknown constant TPAP_dot_AR_67"")(error ""line 1507117 column 770: unknown constant TPAP_dot_AR_68"")(error ""line 1507118 column 770: unknown constant TPAP_dot_AR_69"")(error ""line 1507119 column 770: unknown constant TPAP_dot_AR_70"")(error ""line 1507120 column 770: unknown constant TPAP_dot_AR_71"")(error ""line 1507121 column 770: unknown constant TPAP_dot_AR_72"")(error ""line 1507122 column 770: unknown constant TPAP_dot_AR_73"")(error ""line 1507123 column 770: unknown constant TPAP_dot_AR_74"")(error ""line 1507124 column 770: unknown constant TPAP_dot_AR_75"")(error ""line 1507125 column 770: unknown constant TPAP_dot_AR_76"")(error ""line 1507126 column 770: unknown constant TPAP_dot_AR_77"")(error ""line 1507127 column 770: unknown constant TPAP_dot_AR_78"")(error ""line 1507128 column 770: unknown constant TPAP_dot_AR_79"")(error ""line 1507129 column 770: unknown constant TPAP_dot_AR_80"")(error ""line 1507130 column 770: unknown constant TPAP_dot_AR_81"")(error ""line 1507131 column 770: unknown constant TPAP_dot_AR_82"")(error ""line 1507132 column 770: unknown constant TPAP_dot_AR_83"")(error ""line 1507133 column 770: unknown constant TPAP_dot_AR_84"")(error ""line 1507134 column 770: unknown constant TPAP_dot_AR_85"")(error ""line 1507135 column 770: unknown constant TPAP_dot_AR_86"")(error ""line 1507136 column 770: unknown constant TPAP_dot_AR_87"")(error ""line 1507137 column 770: unknown constant TPAP_dot_AR_88"")(error ""line 1507138 column 770: unknown constant TPAP_dot_AR_89"")(error ""line 1507139 column 770: unknown constant TPAP_dot_AR_90"")(error ""line 1507140 column 770: unknown constant TPAP_dot_AR_91"")(error ""line 1507141 column 770: unknown constant TPAP_dot_AR_92"")(error ""line 1507142 column 770: unknown constant TPAP_dot_AR_93"")(error ""line 1507143 column 770: unknown constant TPAP_dot_AR_94"")(error ""line 1507144 column 770: unknown constant TPAP_dot_AR_95"")(error ""line 1507145 column 770: unknown constant TPAP_dot_AR_96"")(error ""line 1507146 column 770: unknown constant TPAP_dot_AR_97"")(error ""line 1507147 column 770: unknown constant TPAP_dot_AR_98"")(error ""line 1507148 column 772: unknown constant TPAP_dot_AR_99"")sat",N/A => Expected predicate keys to be pre-included in a dictionary.,yes,yes,yes,N/A => Expected predicate keys to be pre-included in a dictionary.,0,yes,yes,yes
2_2_27_ProceedWithAspRestriction_group22,Theorem,Theorem,yes,18.6990341,Theorem,unsat,unsat,yes,unsat,yes,yes,yes,yes,yes,0.0650587,yes,yes,yes
2_2_27_ProceedWithAspRestriction_group23,Theorem,CounterSatisfiable,no,19.009093,CounterSatisfiable,"(error ""line 32741 column 277: unknown constant TPYM_dot_AR_0"")sat","(error ""line 38710 column 277: unknown constant TPYM_dot_AR_0"")(error ""line 38711 column 277: unknown constant TPYM_dot_AR_1"")sat",no,"(error ""line 1507049 column 288: unknown constant TPYM_dot_AR_0"")(error ""line 1507050 column 288: unknown constant TPYM_dot_AR_1"")(error ""line 1507051 column 288: unknown constant TPYM_dot_AR_2"")(error ""line 1507052 column 288: unknown constant TPYM_dot_AR_3"")(error ""line 1507053 column 288: unknown constant TPYM_dot_AR_4"")(error ""line 1507054 column 288: unknown constant TPYM_dot_AR_5"")(error ""line 1507055 column 288: unknown constant TPYM_dot_AR_6"")(error ""line 1507056 column 288: unknown constant TPYM_dot_AR_7"")(error ""line 1507057 column 288: unknown constant TPYM_dot_AR_8"")(error ""line 1507058 column 289: unknown constant TPYM_dot_AR_9"")(error ""line 1507059 column 298: unknown constant TPYM_dot_AR_10"")(error ""line 1507060 column 298: unknown constant TPYM_dot_AR_11"")(error ""line 1507061 column 298: unknown constant TPYM_dot_AR_12"")(error ""line 1507062 column 298: unknown constant TPYM_dot_AR_13"")(error ""line 1507063 column 298: unknown constant TPYM_dot_AR_14"")(error ""line 1507064 column 298: unknown constant TPYM_dot_AR_15"")(error ""line 1507065 column 298: unknown constant TPYM_dot_AR_16"")(error ""line 1507066 column 298: unknown constant TPYM_dot_AR_17"")(error ""line 1507067 column 298: unknown constant TPYM_dot_AR_18"")(error ""line 1507068 column 298: unknown constant TPYM_dot_AR_19"")(error ""line 1507069 column 298: unknown constant TPYM_dot_AR_20"")(error ""line 1507070 column 298: unknown constant TPYM_dot_AR_21"")(error ""line 1507071 column 298: unknown constant TPYM_dot_AR_22"")(error ""line 1507072 column 298: unknown constant TPYM_dot_AR_23"")(error ""line 1507073 column 298: unknown constant TPYM_dot_AR_24"")(error ""line 1507074 column 298: unknown constant TPYM_dot_AR_25"")(error ""line 1507075 column 298: unknown constant TPYM_dot_AR_26"")(error ""line 1507076 column 298: unknown constant TPYM_dot_AR_27"")(error ""line 1507077 column 298: unknown constant TPYM_dot_AR_28"")(error ""line 1507078 column 298: unknown constant TPYM_dot_AR_29"")(error ""line 1507079 column 298: unknown constant TPYM_dot_AR_30"")(error ""line 1507080 column 298: unknown constant TPYM_dot_AR_31"")(error ""line 1507081 column 298: unknown constant TPYM_dot_AR_32"")(error ""line 1507082 column 298: unknown constant TPYM_dot_AR_33"")(error ""line 1507083 column 298: unknown constant TPYM_dot_AR_34"")(error ""line 1507084 column 298: unknown constant TPYM_dot_AR_35"")(error ""line 1507085 column 298: unknown constant TPYM_dot_AR_36"")(error ""line 1507086 column 298: unknown constant TPYM_dot_AR_37"")(error ""line 1507087 column 298: unknown constant TPYM_dot_AR_38"")(error ""line 1507088 column 298: unknown constant TPYM_dot_AR_39"")(error ""line 1507089 column 298: unknown constant TPYM_dot_AR_40"")(error ""line 1507090 column 298: unknown constant TPYM_dot_AR_41"")(error ""line 1507091 column 298: unknown constant TPYM_dot_AR_42"")(error ""line 1507092 column 298: unknown constant TPYM_dot_AR_43"")(error ""line 1507093 column 298: unknown constant TPYM_dot_AR_44"")(error ""line 1507094 column 298: unknown constant TPYM_dot_AR_45"")(error ""line 1507095 column 298: unknown constant TPYM_dot_AR_46"")(error ""line 1507096 column 298: unknown constant TPYM_dot_AR_47"")(error ""line 1507097 column 298: unknown constant TPYM_dot_AR_48"")(error ""line 1507098 column 298: unknown constant TPYM_dot_AR_49"")(error ""line 1507099 column 298: unknown constant TPYM_dot_AR_50"")(error ""line 1507100 column 298: unknown constant TPYM_dot_AR_51"")(error ""line 1507101 column 298: unknown constant TPYM_dot_AR_52"")(error ""line 1507102 column 298: unknown constant TPYM_dot_AR_53"")(error ""line 1507103 column 298: unknown constant TPYM_dot_AR_54"")(error ""line 1507104 column 298: unknown constant TPYM_dot_AR_55"")(error ""line 1507105 column 298: unknown constant TPYM_dot_AR_56"")(error ""line 1507106 column 298: unknown constant TPYM_dot_AR_57"")(error ""line 1507107 column 298: unknown constant TPYM_dot_AR_58"")(error ""line 1507108 column 298: unknown constant TPYM_dot_AR_59"")(error ""line 1507109 column 298: unknown constant TPYM_dot_AR_60"")(error ""line 1507110 column 298: unknown constant TPYM_dot_AR_61"")(error ""line 1507111 column 298: unknown constant TPYM_dot_AR_62"")(error ""line 1507112 column 298: unknown constant TPYM_dot_AR_63"")(error ""line 1507113 column 298: unknown constant TPYM_dot_AR_64"")(error ""line 1507114 column 298: unknown constant TPYM_dot_AR_65"")(error ""line 1507115 column 298: unknown constant TPYM_dot_AR_66"")(error ""line 1507116 column 298: unknown constant TPYM_dot_AR_67"")(error ""line 1507117 column 298: unknown constant TPYM_dot_AR_68"")(error ""line 1507118 column 298: unknown constant TPYM_dot_AR_69"")(error ""line 1507119 column 298: unknown constant TPYM_dot_AR_70"")(error ""line 1507120 column 298: unknown constant TPYM_dot_AR_71"")(error ""line 1507121 column 298: unknown constant TPYM_dot_AR_72"")(error ""line 1507122 column 298: unknown constant TPYM_dot_AR_73"")(error ""line 1507123 column 298: unknown constant TPYM_dot_AR_74"")(error ""line 1507124 column 298: unknown constant TPYM_dot_AR_75"")(error ""line 1507125 column 298: unknown constant TPYM_dot_AR_76"")(error ""line 1507126 column 298: unknown constant TPYM_dot_AR_77"")(error ""line 1507127 column 298: unknown constant TPYM_dot_AR_78"")(error ""line 1507128 column 298: unknown constant TPYM_dot_AR_79"")(error ""line 1507129 column 298: unknown constant TPYM_dot_AR_80"")(error ""line 1507130 column 298: unknown constant TPYM_dot_AR_81"")(error ""line 1507131 column 298: unknown constant TPYM_dot_AR_82"")(error ""line 1507132 column 298: unknown constant TPYM_dot_AR_83"")(error ""line 1507133 column 298: unknown constant TPYM_dot_AR_84"")(error ""line 1507134 column 298: unknown constant TPYM_dot_AR_85"")(error ""line 1507135 column 298: unknown constant TPYM_dot_AR_86"")(error ""line 1507136 column 298: unknown constant TPYM_dot_AR_87"")(error ""line 1507137 column 298: unknown constant TPYM_dot_AR_88"")(error ""line 1507138 column 298: unknown constant TPYM_dot_AR_89"")(error ""line 1507139 column 298: unknown constant TPYM_dot_AR_90"")(error ""line 1507140 column 298: unknown constant TPYM_dot_AR_91"")(error ""line 1507141 column 298: unknown constant TPYM_dot_AR_92"")(error ""line 1507142 column 298: unknown constant TPYM_dot_AR_93"")(error ""line 1507143 column 298: unknown constant TPYM_dot_AR_94"")(error ""line 1507144 column 298: unknown constant TPYM_dot_AR_95"")(error ""line 1507145 column 298: unknown constant TPYM_dot_AR_96"")(error ""line 1507146 column 298: unknown constant TPYM_dot_AR_97"")(error ""line 1507147 column 298: unknown constant TPYM_dot_AR_98"")(error ""line 1507148 column 299: unknown constant TPYM_dot_AR_99"")sat",N/A => Expected predicate keys to be pre-included in a dictionary.,yes,yes,yes,N/A => Expected predicate keys to be pre-included in a dictionary.,0,yes,yes,yes
2_2_27_ProceedWithAspRestriction_group24,Theorem,Theorem,yes,18.7323117,Theorem,unsat,unsat,yes,unsat,yes,yes,yes,yes,yes,0.0640953,yes,yes,yes
2_2_27_ProceedWithAspRestriction_group25,Theorem,Theorem,yes,18.7544475,Theorem,unsat,unsat,yes,unsat,yes,yes,yes,yes,yes,0.0680902,yes,yes,yes
2_2_27_ProceedWithAspRestriction_group26,Theorem,Theorem,yes,18.6782364,Theorem,unsat,unsat,yes,unsat,yes,yes,yes,yes,yes,0.0591962,yes,yes,yes
2_2_27_ProceedWithAspRestriction_group27,Theorem,Theorem,yes,18.8377148,Theorem,unsat,unsat,yes,unsat,yes,yes,yes,yes,yes,0.069712,yes,yes,yes
2_2_27_ProceedWithAspRestriction_group3,Theorem,CounterSatisfiable,no,18.8835272,CounterSatisfiable,unsat,unsat,yes,unsat,yes,yes,yes,yes,yes,0.0623886,yes,yes,yes
2_2_27_ProceedWithAspRestriction_group4,Theorem,CounterSatisfiable,no,18.8662192,CounterSatisfiable,"(error ""line 32741 column 763: unknown constant P1508A_op_N_cp__dot_AR_0"")sat","(error ""line 38710 column 763: unknown constant P1508A_op_N_cp__dot_AR_0"")(error ""line 38711 column 763: unknown constant P1508A_op_N_cp__dot_AR_1"")sat",no,"(error ""line 1507049 column 793: unknown constant P1508A_op_N_cp__dot_AR_0"")(error ""line 1507050 column 793: unknown constant P1508A_op_N_cp__dot_AR_1"")(error ""line 1507051 column 793: unknown constant P1508A_op_N_cp__dot_AR_2"")(error ""line 1507052 column 793: unknown constant P1508A_op_N_cp__dot_AR_3"")(error ""line 1507053 column 793: unknown constant P1508A_op_N_cp__dot_AR_4"")(error ""line 1507054 column 793: unknown constant P1508A_op_N_cp__dot_AR_5"")(error ""line 1507055 column 793: unknown constant P1508A_op_N_cp__dot_AR_6"")(error ""line 1507056 column 793: unknown constant P1508A_op_N_cp__dot_AR_7"")(error ""line 1507057 column 793: unknown constant P1508A_op_N_cp__dot_AR_8"")(error ""line 1507058 column 795: unknown constant P1508A_op_N_cp__dot_AR_9"")(error ""line 1507059 column 815: unknown constant P1508A_op_N_cp__dot_AR_10"")(error ""line 1507060 column 815: unknown constant P1508A_op_N_cp__dot_AR_11"")(error ""line 1507061 column 815: unknown constant P1508A_op_N_cp__dot_AR_12"")(error ""line 1507062 column 815: unknown constant P1508A_op_N_cp__dot_AR_13"")(error ""line 1507063 column 815: unknown constant P1508A_op_N_cp__dot_AR_14"")(error ""line 1507064 column 815: unknown constant P1508A_op_N_cp__dot_AR_15"")(error ""line 1507065 column 815: unknown constant P1508A_op_N_cp__dot_AR_16"")(error ""line 1507066 column 815: unknown constant P1508A_op_N_cp__dot_AR_17"")(error ""line 1507067 column 815: unknown constant P1508A_op_N_cp__dot_AR_18"")(error ""line 1507068 column 815: unknown constant P1508A_op_N_cp__dot_AR_19"")(error ""line 1507069 column 815: unknown constant P1508A_op_N_cp__dot_AR_20"")(error ""line 1507070 column 815: unknown constant P1508A_op_N_cp__dot_AR_21"")(error ""line 1507071 column 815: unknown constant P1508A_op_N_cp__dot_AR_22"")(error ""line 1507072 column 815: unknown constant P1508A_op_N_cp__dot_AR_23"")(error ""line 1507073 column 815: unknown constant P1508A_op_N_cp__dot_AR_24"")(error ""line 1507074 column 815: unknown constant P1508A_op_N_cp__dot_AR_25"")(error ""line 1507075 column 815: unknown constant P1508A_op_N_cp__dot_AR_26"")(error ""line 1507076 column 815: unknown constant P1508A_op_N_cp__dot_AR_27"")(error ""line 1507077 column 815: unknown constant P1508A_op_N_cp__dot_AR_28"")(error ""line 1507078 column 815: unknown constant P1508A_op_N_cp__dot_AR_29"")(error ""line 1507079 column 815: unknown constant P1508A_op_N_cp__dot_AR_30"")(error ""line 1507080 column 815: unknown constant P1508A_op_N_cp__dot_AR_31"")(error ""line 1507081 column 815: unknown constant P1508A_op_N_cp__dot_AR_32"")(error ""line 1507082 column 815: unknown constant P1508A_op_N_cp__dot_AR_33"")(error ""line 1507083 column 815: unknown constant P1508A_op_N_cp__dot_AR_34"")(error ""line 1507084 column 815: unknown constant P1508A_op_N_cp__dot_AR_35"")(error ""line 1507085 column 815: unknown constant P1508A_op_N_cp__dot_AR_36"")(error ""line 1507086 column 815: unknown constant P1508A_op_N_cp__dot_AR_37"")(error ""line 1507087 column 815: unknown constant P1508A_op_N_cp__dot_AR_38"")(error ""line 1507088 column 815: unknown constant P1508A_op_N_cp__dot_AR_39"")(error ""line 1507089 column 815: unknown constant P1508A_op_N_cp__dot_AR_40"")(error ""line 1507090 column 815: unknown constant P1508A_op_N_cp__dot_AR_41"")(error ""line 1507091 column 815: unknown constant P1508A_op_N_cp__dot_AR_42"")(error ""line 1507092 column 815: unknown constant P1508A_op_N_cp__dot_AR_43"")(error ""line 1507093 column 815: unknown constant P1508A_op_N_cp__dot_AR_44"")(error ""line 1507094 column 815: unknown constant P1508A_op_N_cp__dot_AR_45"")(error ""line 1507095 column 815: unknown constant P1508A_op_N_cp__dot_AR_46"")(error ""line 1507096 column 815: unknown constant P1508A_op_N_cp__dot_AR_47"")(error ""line 1507097 column 815: unknown constant P1508A_op_N_cp__dot_AR_48"")(error ""line 1507098 column 815: unknown constant P1508A_op_N_cp__dot_AR_49"")(error ""line 1507099 column 815: unknown constant P1508A_op_N_cp__dot_AR_50"")(error ""line 1507100 column 815: unknown constant P1508A_op_N_cp__dot_AR_51"")(error ""line 1507101 column 815: unknown constant P1508A_op_N_cp__dot_AR_52"")(error ""line 1507102 column 815: unknown constant P1508A_op_N_cp__dot_AR_53"")(error ""line 1507103 column 815: unknown constant P1508A_op_N_cp__dot_AR_54"")(error ""line 1507104 column 815: unknown constant P1508A_op_N_cp__dot_AR_55"")(error ""line 1507105 column 815: unknown constant P1508A_op_N_cp__dot_AR_56"")(error ""line 1507106 column 815: unknown constant P1508A_op_N_cp__dot_AR_57"")(error ""line 1507107 column 815: unknown constant P1508A_op_N_cp__dot_AR_58"")(error ""line 1507108 column 815: unknown constant P1508A_op_N_cp__dot_AR_59"")(error ""line 1507109 column 815: unknown constant P1508A_op_N_cp__dot_AR_60"")(error ""line 1507110 column 815: unknown constant P1508A_op_N_cp__dot_AR_61"")(error ""line 1507111 column 815: unknown constant P1508A_op_N_cp__dot_AR_62"")(error ""line 1507112 column 815: unknown constant P1508A_op_N_cp__dot_AR_63"")(error ""line 1507113 column 815: unknown constant P1508A_op_N_cp__dot_AR_64"")(error ""line 1507114 column 815: unknown constant P1508A_op_N_cp__dot_AR_65"")(error ""line 1507115 column 815: unknown constant P1508A_op_N_cp__dot_AR_66"")(error ""line 1507116 column 815: unknown constant P1508A_op_N_cp__dot_AR_67"")(error ""line 1507117 column 815: unknown constant P1508A_op_N_cp__dot_AR_68"")(error ""line 1507118 column 815: unknown constant P1508A_op_N_cp__dot_AR_69"")(error ""line 1507119 column 815: unknown constant P1508A_op_N_cp__dot_AR_70"")(error ""line 1507120 column 815: unknown constant P1508A_op_N_cp__dot_AR_71"")(error ""line 1507121 column 815: unknown constant P1508A_op_N_cp__dot_AR_72"")(error ""line 1507122 column 815: unknown constant P1508A_op_N_cp__dot_AR_73"")(error ""line 1507123 column 815: unknown constant P1508A_op_N_cp__dot_AR_74"")(error ""line 1507124 column 815: unknown constant P1508A_op_N_cp__dot_AR_75"")(error ""line 1507125 column 815: unknown constant P1508A_op_N_cp__dot_AR_76"")(error ""line 1507126 column 815: unknown constant P1508A_op_N_cp__dot_AR_77"")(error ""line 1507127 column 815: unknown constant P1508A_op_N_cp__dot_AR_78"")(error ""line 1507128 column 815: unknown constant P1508A_op_N_cp__dot_AR_79"")(error ""line 1507129 column 815: unknown constant P1508A_op_N_cp__dot_AR_80"")(error ""line 1507130 column 815: unknown constant P1508A_op_N_cp__dot_AR_81"")(error ""line 1507131 column 815: unknown constant P1508A_op_N_cp__dot_AR_82"")(error ""line 1507132 column 815: unknown constant P1508A_op_N_cp__dot_AR_83"")(error ""line 1507133 column 815: unknown constant P1508A_op_N_cp__dot_AR_84"")(error ""line 1507134 column 815: unknown constant P1508A_op_N_cp__dot_AR_85"")(error ""line 1507135 column 815: unknown constant P1508A_op_N_cp__dot_AR_86"")(error ""line 1507136 column 815: unknown constant P1508A_op_N_cp__dot_AR_87"")(error ""line 1507137 column 815: unknown constant P1508A_op_N_cp__dot_AR_88"")(error ""line 1507138 column 815: unknown constant P1508A_op_N_cp__dot_AR_89"")(error ""line 1507139 column 815: unknown constant P1508A_op_N_cp__dot_AR_90"")(error ""line 1507140 column 815: unknown constant P1508A_op_N_cp__dot_AR_91"")(error ""line 1507141 column 815: unknown constant P1508A_op_N_cp__dot_AR_92"")(error ""line 1507142 column 815: unknown constant P1508A_op_N_cp__dot_AR_93"")(error ""line 1507143 column 815: unknown constant P1508A_op_N_cp__dot_AR_94"")(error ""line 1507144 column 815: unknown constant P1508A_op_N_cp__dot_AR_95"")(error ""line 1507145 column 815: unknown constant P1508A_op_N_cp__dot_AR_96"")(error ""line 1507146 column 815: unknown constant P1508A_op_N_cp__dot_AR_97"")(error ""line 1507147 column 815: unknown constant P1508A_op_N_cp__dot_AR_98"")(error ""line 1507148 column 817: unknown constant P1508A_op_N_cp__dot_AR_99"")sat",N/A => Expected predicate keys to be pre-included in a dictionary.,yes,yes,yes,N/A => Expected predicate keys to be pre-included in a dictionary.,0,yes,yes,yes
2_2_27_ProceedWithAspRestriction_group5,Theorem,CounterSatisfiable,no,18.8924117,CounterSatisfiable,"(error ""line 32741 column 763: unknown constant P1508A_op_N_cp__dot_AR_0"")sat","(error ""line 38710 column 763: unknown constant P1508A_op_N_cp__dot_AR_0"")(error ""line 38711 column 763: unknown constant P1508A_op_N_cp__dot_AR_1"")sat",no,"(error ""line 1507049 column 793: unknown constant P1508A_op_N_cp__dot_AR_0"")(error ""line 1507050 column 793: unknown constant P1508A_op_N_cp__dot_AR_1"")(error ""line 1507051 column 793: unknown constant P1508A_op_N_cp__dot_AR_2"")(error ""line 1507052 column 793: unknown constant P1508A_op_N_cp__dot_AR_3"")(error ""line 1507053 column 793: unknown constant P1508A_op_N_cp__dot_AR_4"")(error ""line 1507054 column 793: unknown constant P1508A_op_N_cp__dot_AR_5"")(error ""line 1507055 column 793: unknown constant P1508A_op_N_cp__dot_AR_6"")(error ""line 1507056 column 793: unknown constant P1508A_op_N_cp__dot_AR_7"")(error ""line 1507057 column 793: unknown constant P1508A_op_N_cp__dot_AR_8"")(error ""line 1507058 column 795: unknown constant P1508A_op_N_cp__dot_AR_9"")(error ""line 1507059 column 815: unknown constant P1508A_op_N_cp__dot_AR_10"")(error ""line 1507060 column 815: unknown constant P1508A_op_N_cp__dot_AR_11"")(error ""line 1507061 column 815: unknown constant P1508A_op_N_cp__dot_AR_12"")(error ""line 1507062 column 815: unknown constant P1508A_op_N_cp__dot_AR_13"")(error ""line 1507063 column 815: unknown constant P1508A_op_N_cp__dot_AR_14"")(error ""line 1507064 column 815: unknown constant P1508A_op_N_cp__dot_AR_15"")(error ""line 1507065 column 815: unknown constant P1508A_op_N_cp__dot_AR_16"")(error ""line 1507066 column 815: unknown constant P1508A_op_N_cp__dot_AR_17"")(error ""line 1507067 column 815: unknown constant P1508A_op_N_cp__dot_AR_18"")(error ""line 1507068 column 815: unknown constant P1508A_op_N_cp__dot_AR_19"")(error ""line 1507069 column 815: unknown constant P1508A_op_N_cp__dot_AR_20"")(error ""line 1507070 column 815: unknown constant P1508A_op_N_cp__dot_AR_21"")(error ""line 1507071 column 815: unknown constant P1508A_op_N_cp__dot_AR_22"")(error ""line 1507072 column 815: unknown constant P1508A_op_N_cp__dot_AR_23"")(error ""line 1507073 column 815: unknown constant P1508A_op_N_cp__dot_AR_24"")(error ""line 1507074 column 815: unknown constant P1508A_op_N_cp__dot_AR_25"")(error ""line 1507075 column 815: unknown constant P1508A_op_N_cp__dot_AR_26"")(error ""line 1507076 column 815: unknown constant P1508A_op_N_cp__dot_AR_27"")(error ""line 1507077 column 815: unknown constant P1508A_op_N_cp__dot_AR_28"")(error ""line 1507078 column 815: unknown constant P1508A_op_N_cp__dot_AR_29"")(error ""line 1507079 column 815: unknown constant P1508A_op_N_cp__dot_AR_30"")(error ""line 1507080 column 815: unknown constant P1508A_op_N_cp__dot_AR_31"")(error ""line 1507081 column 815: unknown constant P1508A_op_N_cp__dot_AR_32"")(error ""line 1507082 column 815: unknown constant P1508A_op_N_cp__dot_AR_33"")(error ""line 1507083 column 815: unknown constant P1508A_op_N_cp__dot_AR_34"")(error ""line 1507084 column 815: unknown constant P1508A_op_N_cp__dot_AR_35"")(error ""line 1507085 column 815: unknown constant P1508A_op_N_cp__dot_AR_36"")(error ""line 1507086 column 815: unknown constant P1508A_op_N_cp__dot_AR_37"")(error ""line 1507087 column 815: unknown constant P1508A_op_N_cp__dot_AR_38"")(error ""line 1507088 column 815: unknown constant P1508A_op_N_cp__dot_AR_39"")(error ""line 1507089 column 815: unknown constant P1508A_op_N_cp__dot_AR_40"")(error ""line 1507090 column 815: unknown constant P1508A_op_N_cp__dot_AR_41"")(error ""line 1507091 column 815: unknown constant P1508A_op_N_cp__dot_AR_42"")(error ""line 1507092 column 815: unknown constant P1508A_op_N_cp__dot_AR_43"")(error ""line 1507093 column 815: unknown constant P1508A_op_N_cp__dot_AR_44"")(error ""line 1507094 column 815: unknown constant P1508A_op_N_cp__dot_AR_45"")(error ""line 1507095 column 815: unknown constant P1508A_op_N_cp__dot_AR_46"")(error ""line 1507096 column 815: unknown constant P1508A_op_N_cp__dot_AR_47"")(error ""line 1507097 column 815: unknown constant P1508A_op_N_cp__dot_AR_48"")(error ""line 1507098 column 815: unknown constant P1508A_op_N_cp__dot_AR_49"")(error ""line 1507099 column 815: unknown constant P1508A_op_N_cp__dot_AR_50"")(error ""line 1507100 column 815: unknown constant P1508A_op_N_cp__dot_AR_51"")(error ""line 1507101 column 815: unknown constant P1508A_op_N_cp__dot_AR_52"")(error ""line 1507102 column 815: unknown constant P1508A_op_N_cp__dot_AR_53"")(error ""line 1507103 column 815: unknown constant P1508A_op_N_cp__dot_AR_54"")(error ""line 1507104 column 815: unknown constant P1508A_op_N_cp__dot_AR_55"")(error ""line 1507105 column 815: unknown constant P1508A_op_N_cp__dot_AR_56"")(error ""line 1507106 column 815: unknown constant P1508A_op_N_cp__dot_AR_57"")(error ""line 1507107 column 815: unknown constant P1508A_op_N_cp__dot_AR_58"")(error ""line 1507108 column 815: unknown constant P1508A_op_N_cp__dot_AR_59"")(error ""line 1507109 column 815: unknown constant P1508A_op_N_cp__dot_AR_60"")(error ""line 1507110 column 815: unknown constant P1508A_op_N_cp__dot_AR_61"")(error ""line 1507111 column 815: unknown constant P1508A_op_N_cp__dot_AR_62"")(error ""line 1507112 column 815: unknown constant P1508A_op_N_cp__dot_AR_63"")(error ""line 1507113 column 815: unknown constant P1508A_op_N_cp__dot_AR_64"")(error ""line 1507114 column 815: unknown constant P1508A_op_N_cp__dot_AR_65"")(error ""line 1507115 column 815: unknown constant P1508A_op_N_cp__dot_AR_66"")(error ""line 1507116 column 815: unknown constant P1508A_op_N_cp__dot_AR_67"")(error ""line 1507117 column 815: unknown constant P1508A_op_N_cp__dot_AR_68"")(error ""line 1507118 column 815: unknown constant P1508A_op_N_cp__dot_AR_69"")(error ""line 1507119 column 815: unknown constant P1508A_op_N_cp__dot_AR_70"")(error ""line 1507120 column 815: unknown constant P1508A_op_N_cp__dot_AR_71"")(error ""line 1507121 column 815: unknown constant P1508A_op_N_cp__dot_AR_72"")(error ""line 1507122 column 815: unknown constant P1508A_op_N_cp__dot_AR_73"")(error ""line 1507123 column 815: unknown constant P1508A_op_N_cp__dot_AR_74"")(error ""line 1507124 column 815: unknown constant P1508A_op_N_cp__dot_AR_75"")(error ""line 1507125 column 815: unknown constant P1508A_op_N_cp__dot_AR_76"")(error ""line 1507126 column 815: unknown constant P1508A_op_N_cp__dot_AR_77"")(error ""line 1507127 column 815: unknown constant P1508A_op_N_cp__dot_AR_78"")(error ""line 1507128 column 815: unknown constant P1508A_op_N_cp__dot_AR_79"")(error ""line 1507129 column 815: unknown constant P1508A_op_N_cp__dot_AR_80"")(error ""line 1507130 column 815: unknown constant P1508A_op_N_cp__dot_AR_81"")(error ""line 1507131 column 815: unknown constant P1508A_op_N_cp__dot_AR_82"")(error ""line 1507132 column 815: unknown constant P1508A_op_N_cp__dot_AR_83"")(error ""line 1507133 column 815: unknown constant P1508A_op_N_cp__dot_AR_84"")(error ""line 1507134 column 815: unknown constant P1508A_op_N_cp__dot_AR_85"")(error ""line 1507135 column 815: unknown constant P1508A_op_N_cp__dot_AR_86"")(error ""line 1507136 column 815: unknown constant P1508A_op_N_cp__dot_AR_87"")(error ""line 1507137 column 815: unknown constant P1508A_op_N_cp__dot_AR_88"")(error ""line 1507138 column 815: unknown constant P1508A_op_N_cp__dot_AR_89"")(error ""line 1507139 column 815: unknown constant P1508A_op_N_cp__dot_AR_90"")(error ""line 1507140 column 815: unknown constant P1508A_op_N_cp__dot_AR_91"")(error ""line 1507141 column 815: unknown constant P1508A_op_N_cp__dot_AR_92"")(error ""line 1507142 column 815: unknown constant P1508A_op_N_cp__dot_AR_93"")(error ""line 1507143 column 815: unknown constant P1508A_op_N_cp__dot_AR_94"")(error ""line 1507144 column 815: unknown constant P1508A_op_N_cp__dot_AR_95"")(error ""line 1507145 column 815: unknown constant P1508A_op_N_cp__dot_AR_96"")(error ""line 1507146 column 815: unknown constant P1508A_op_N_cp__dot_AR_97"")(error ""line 1507147 column 815: unknown constant P1508A_op_N_cp__dot_AR_98"")(error ""line 1507148 column 817: unknown constant P1508A_op_N_cp__dot_AR_99"")sat",N/A => Expected predicate keys to be pre-included in a dictionary.,yes,yes,yes,N/A => Expected predicate keys to be pre-included in a dictionary.,0,yes,yes,yes
2_2_27_ProceedWithAspRestriction_group6,Theorem,CounterSatisfiable,no,18.785251,CounterSatisfiable,unsat,unsat,yes,unsat,yes,yes,yes,yes,yes,0.068673,yes,yes,yes
2_2_27_ProceedWithAspRestriction_group7,Theorem,CounterSatisfiable,no,18.9189845,CounterSatisfiable,unsat,unsat,yes,unsat,yes,yes,yes,yes,yes,0.0669781,yes,yes,yes
2_2_27_ProceedWithAspRestriction_group8,Theorem,CounterSatisfiable,no,18.8096612,CounterSatisfiable,unsat,unsat,yes,unsat,yes,yes,yes,yes,yes,0.0666349,yes,yes,yes
2_2_27_ProceedWithAspRestriction_group9,Theorem,CounterSatisfiable,no,18.8675374,CounterSatisfiable,"(error ""line 32741 column 617: unknown constant TPAP_dot_AR_0"")sat","(error ""line 38710 column 617: unknown constant TPAP_dot_AR_0"")(error ""line 38711 column 617: unknown constant TPAP_dot_AR_1"")sat",no,"(error ""line 1507049 column 628: unknown constant TPAP_dot_AR_0"")(error ""line 1507050 column 628: unknown constant TPAP_dot_AR_1"")(error ""line 1507051 column 628: unknown constant TPAP_dot_AR_2"")(error ""line 1507052 column 628: unknown constant TPAP_dot_AR_3"")(error ""line 1507053 column 628: unknown constant TPAP_dot_AR_4"")(error ""line 1507054 column 628: unknown constant TPAP_dot_AR_5"")(error ""line 1507055 column 628: unknown constant TPAP_dot_AR_6"")(error ""line 1507056 column 628: unknown constant TPAP_dot_AR_7"")(error ""line 1507057 column 628: unknown constant TPAP_dot_AR_8"")(error ""line 1507058 column 629: unknown constant TPAP_dot_AR_9"")(error ""line 1507059 column 646: unknown constant TPAP_dot_AR_10"")(error ""line 1507060 column 646: unknown constant TPAP_dot_AR_11"")(error ""line 1507061 column 646: unknown constant TPAP_dot_AR_12"")(error ""line 1507062 column 646: unknown constant TPAP_dot_AR_13"")(error ""line 1507063 column 646: unknown constant TPAP_dot_AR_14"")(error ""line 1507064 column 646: unknown constant TPAP_dot_AR_15"")(error ""line 1507065 column 646: unknown constant TPAP_dot_AR_16"")(error ""line 1507066 column 646: unknown constant TPAP_dot_AR_17"")(error ""line 1507067 column 646: unknown constant TPAP_dot_AR_18"")(error ""line 1507068 column 646: unknown constant TPAP_dot_AR_19"")(error ""line 1507069 column 646: unknown constant TPAP_dot_AR_20"")(error ""line 1507070 column 646: unknown constant TPAP_dot_AR_21"")(error ""line 1507071 column 646: unknown constant TPAP_dot_AR_22"")(error ""line 1507072 column 646: unknown constant TPAP_dot_AR_23"")(error ""line 1507073 column 646: unknown constant TPAP_dot_AR_24"")(error ""line 1507074 column 646: unknown constant TPAP_dot_AR_25"")(error ""line 1507075 column 646: unknown constant TPAP_dot_AR_26"")(error ""line 1507076 column 646: unknown constant TPAP_dot_AR_27"")(error ""line 1507077 column 646: unknown constant TPAP_dot_AR_28"")(error ""line 1507078 column 646: unknown constant TPAP_dot_AR_29"")(error ""line 1507079 column 646: unknown constant TPAP_dot_AR_30"")(error ""line 1507080 column 646: unknown constant TPAP_dot_AR_31"")(error ""line 1507081 column 646: unknown constant TPAP_dot_AR_32"")(error ""line 1507082 column 646: unknown constant TPAP_dot_AR_33"")(error ""line 1507083 column 646: unknown constant TPAP_dot_AR_34"")(error ""line 1507084 column 646: unknown constant TPAP_dot_AR_35"")(error ""line 1507085 column 646: unknown constant TPAP_dot_AR_36"")(error ""line 1507086 column 646: unknown constant TPAP_dot_AR_37"")(error ""line 1507087 column 646: unknown constant TPAP_dot_AR_38"")(error ""line 1507088 column 646: unknown constant TPAP_dot_AR_39"")(error ""line 1507089 column 646: unknown constant TPAP_dot_AR_40"")(error ""line 1507090 column 646: unknown constant TPAP_dot_AR_41"")(error ""line 1507091 column 646: unknown constant TPAP_dot_AR_42"")(error ""line 1507092 column 646: unknown constant TPAP_dot_AR_43"")(error ""line 1507093 column 646: unknown constant TPAP_dot_AR_44"")(error ""line 1507094 column 646: unknown constant TPAP_dot_AR_45"")(error ""line 1507095 column 646: unknown constant TPAP_dot_AR_46"")(error ""line 1507096 column 646: unknown constant TPAP_dot_AR_47"")(error ""line 1507097 column 646: unknown constant TPAP_dot_AR_48"")(error ""line 1507098 column 646: unknown constant TPAP_dot_AR_49"")(error ""line 1507099 column 646: unknown constant TPAP_dot_AR_50"")(error ""line 1507100 column 646: unknown constant TPAP_dot_AR_51"")(error ""line 1507101 column 646: unknown constant TPAP_dot_AR_52"")(error ""line 1507102 column 646: unknown constant TPAP_dot_AR_53"")(error ""line 1507103 column 646: unknown constant TPAP_dot_AR_54"")(error ""line 1507104 column 646: unknown constant TPAP_dot_AR_55"")(error ""line 1507105 column 646: unknown constant TPAP_dot_AR_56"")(error ""line 1507106 column 646: unknown constant TPAP_dot_AR_57"")(error ""line 1507107 column 646: unknown constant TPAP_dot_AR_58"")(error ""line 1507108 column 646: unknown constant TPAP_dot_AR_59"")(error ""line 1507109 column 646: unknown constant TPAP_dot_AR_60"")(error ""line 1507110 column 646: unknown constant TPAP_dot_AR_61"")(error ""line 1507111 column 646: unknown constant TPAP_dot_AR_62"")(error ""line 1507112 column 646: unknown constant TPAP_dot_AR_63"")(error ""line 1507113 column 646: unknown constant TPAP_dot_AR_64"")(error ""line 1507114 column 646: unknown constant TPAP_dot_AR_65"")(error ""line 1507115 column 646: unknown constant TPAP_dot_AR_66"")(error ""line 1507116 column 646: unknown constant TPAP_dot_AR_67"")(error ""line 1507117 column 646: unknown constant TPAP_dot_AR_68"")(error ""line 1507118 column 646: unknown constant TPAP_dot_AR_69"")(error ""line 1507119 column 646: unknown constant TPAP_dot_AR_70"")(error ""line 1507120 column 646: unknown constant TPAP_dot_AR_71"")(error ""line 1507121 column 646: unknown constant TPAP_dot_AR_72"")(error ""line 1507122 column 646: unknown constant TPAP_dot_AR_73"")(error ""line 1507123 column 646: unknown constant TPAP_dot_AR_74"")(error ""line 1507124 column 646: unknown constant TPAP_dot_AR_75"")(error ""line 1507125 column 646: unknown constant TPAP_dot_AR_76"")(error ""line 1507126 column 646: unknown constant TPAP_dot_AR_77"")(error ""line 1507127 column 646: unknown constant TPAP_dot_AR_78"")(error ""line 1507128 column 646: unknown constant TPAP_dot_AR_79"")(error ""line 1507129 column 646: unknown constant TPAP_dot_AR_80"")(error ""line 1507130 column 646: unknown constant TPAP_dot_AR_81"")(error ""line 1507131 column 646: unknown constant TPAP_dot_AR_82"")(error ""line 1507132 column 646: unknown constant TPAP_dot_AR_83"")(error ""line 1507133 column 646: unknown constant TPAP_dot_AR_84"")(error ""line 1507134 column 646: unknown constant TPAP_dot_AR_85"")(error ""line 1507135 column 646: unknown constant TPAP_dot_AR_86"")(error ""line 1507136 column 646: unknown constant TPAP_dot_AR_87"")(error ""line 1507137 column 646: unknown constant TPAP_dot_AR_88"")(error ""line 1507138 column 646: unknown constant TPAP_dot_AR_89"")(error ""line 1507139 column 646: unknown constant TPAP_dot_AR_90"")(error ""line 1507140 column 646: unknown constant TPAP_dot_AR_91"")(error ""line 1507141 column 646: unknown constant TPAP_dot_AR_92"")(error ""line 1507142 column 646: unknown constant TPAP_dot_AR_93"")(error ""line 1507143 column 646: unknown constant TPAP_dot_AR_94"")(error ""line 1507144 column 646: unknown constant TPAP_dot_AR_95"")(error ""line 1507145 column 646: unknown constant TPAP_dot_AR_96"")(error ""line 1507146 column 646: unknown constant TPAP_dot_AR_97"")(error ""line 1507147 column 646: unknown constant TPAP_dot_AR_98"")(error ""line 1507148 column 647: unknown constant TPAP_dot_AR_99"")sat",N/A => Expected predicate keys to be pre-included in a dictionary.,yes,yes,yes,N/A => Expected predicate keys to be pre-included in a dictionary.,0,yes,yes,yes
2_2_28_AspRestrictionReminderDevice_group0,Theorem,Theorem,yes,18.5960363,Theorem,unsat,unsat,yes,unsat,yes,yes,yes,yes,yes,0.0665782,yes,yes,yes
2_2_28_AspRestrictionReminderDevice_group1,Theorem,Theorem,yes,18.6136244,Theorem,unsat,unsat,yes,unsat,yes,yes,yes,yes,yes,0.0699271,yes,yes,yes
2_2_28_AspRestrictionReminderDevice_group10,Theorem,Theorem,yes,18.570426,Theorem,unsat,unsat,yes,unsat,yes,yes,yes,yes,yes,0.0633219,yes,yes,yes
2_2_28_AspRestrictionReminderDevice_group11,Theorem,Theorem,yes,18.5774739,Theorem,unsat,unsat,yes,unsat,yes,yes,yes,yes,yes,0.0649735,yes,yes,yes
2_2_28_AspRestrictionReminderDevice_group12,Theorem,Theorem,yes,18.5157024,Theorem,unsat,unsat,yes,unsat,yes,yes,yes,yes,yes,0.0604134,yes,yes,yes
2_2_28_AspRestrictionReminderDevice_group13,Theorem,Theorem,yes,18.6899939,Theorem,unsat,unsat,yes,unsat,yes,yes,yes,yes,yes,0.0591012,yes,yes,yes
2_2_28_AspRestrictionReminderDevice_group2,Theorem,Theorem,yes,18.5293435,Theorem,unsat,unsat,yes,unsat,yes,yes,yes,yes,yes,0.0710497,yes,yes,yes
2_2_28_AspRestrictionReminderDevice_group3,Theorem,Theorem,yes,18.5325358,Theorem,unsat,unsat,yes,unsat,yes,yes,yes,yes,yes,0.065157,yes,yes,yes
2_2_28_AspRestrictionReminderDevice_group4,Theorem,Theorem,yes,18.6128875,Theorem,unsat,unsat,yes,unsat,yes,yes,yes,yes,yes,0.0664658,yes,yes,yes
2_2_28_AspRestrictionReminderDevice_group5,Theorem,Theorem,yes,18.5710654,Theorem,unsat,unsat,yes,unsat,yes,yes,yes,yes,yes,0.0689148,yes,yes,yes
2_2_28_AspRestrictionReminderDevice_group6,Theorem,Theorem,yes,18.579412,Theorem,unsat,unsat,yes,unsat,yes,yes,yes,yes,yes,0.0692571,yes,yes,yes
2_2_28_AspRestrictionReminderDevice_group7,Theorem,Theorem,yes,18.5384094,Theorem,unsat,unsat,yes,unsat,yes,yes,yes,yes,yes,0.0677472,yes,yes,yes
2_2_28_AspRestrictionReminderDevice_group8,Theorem,Theorem,yes,18.6565271,Theorem,unsat,unsat,yes,unsat,yes,yes,yes,yes,yes,0.0640904,yes,yes,yes
2_2_28_AspRestrictionReminderDevice_group9,Theorem,Theorem,yes,18.6025297,Theorem,unsat,unsat,yes,unsat,yes,yes,yes,yes,yes,0.0651105,yes,yes,yes
2_2_3_ProceedWithPointSetLockedDetected_group0,Theorem,CounterSatisfiable,no,18.8569706,Theorem,unsat,unsat,yes,unsat,yes,yes,yes,yes,yes,0.0704025,yes,yes,yes
2_2_3_ProceedWithPointSetLockedDetected_group1,Theorem,CounterSatisfiable,no,19.051386,Theorem,unsat,unsat,yes,unsat,yes,yes,yes,yes,yes,0.0673111,yes,yes,yes
2_2_3_ProceedWithPointSetLockedDetected_group10,Theorem,CounterSatisfiable,no,18.8184629,Theorem,unsat,unsat,yes,unsat,yes,yes,yes,yes,yes,0.0675963,yes,yes,yes
2_2_3_ProceedWithPointSetLockedDetected_group11,Theorem,CounterSatisfiable,no,18.8548432,Theorem,unsat,unsat,yes,unsat,yes,yes,yes,yes,yes,0.0659572,yes,yes,yes
2_2_3_ProceedWithPointSetLockedDetected_group12,Theorem,CounterSatisfiable,no,18.7837222,Theorem,unsat,unsat,yes,unsat,yes,yes,yes,yes,yes,0.0653998,yes,yes,yes
2_2_3_ProceedWithPointSetLockedDetected_group13,Theorem,CounterSatisfiable,no,18.7378758,Theorem,unsat,unsat,yes,unsat,yes,yes,yes,yes,yes,0.068816,yes,yes,yes
2_2_3_ProceedWithPointSetLockedDetected_group14,Theorem,CounterSatisfiable,no,18.8553274,Theorem,unsat,unsat,yes,unsat,yes,yes,yes,yes,yes,0.0661044,yes,yes,yes
2_2_3_ProceedWithPointSetLockedDetected_group15,Theorem,Theorem,yes,18.4606832,Theorem,unsat,unsat,yes,unsat,yes,yes,yes,yes,yes,0.0676175,yes,yes,yes
2_2_3_ProceedWithPointSetLockedDetected_group16,Theorem,CounterSatisfiable,no,18.9666854,Theorem,unsat,unsat,yes,unsat,yes,yes,yes,yes,yes,0.0653246,yes,yes,yes
2_2_3_ProceedWithPointSetLockedDetected_group17,Theorem,Theorem,yes,18.7866973,Theorem,unsat,unsat,yes,unsat,yes,yes,yes,yes,yes,0.0661754,yes,yes,yes
2_2_3_ProceedWithPointSetLockedDetected_group18,Theorem,CounterSatisfiable,no,18.8500664,Theorem,unsat,unsat,yes,unsat,yes,yes,yes,yes,yes,0.0696304,yes,yes,yes
2_2_3_ProceedWithPointSetLockedDetected_group19,Theorem,CounterSatisfiable,no,18.8908511,Theorem,unsat,unsat,yes,unsat,yes,yes,yes,yes,yes,0.066945,yes,yes,yes
2_2_3_ProceedWithPointSetLockedDetected_group2,Theorem,CounterSatisfiable,no,18.9200227,Theorem,unsat,unsat,yes,unsat,yes,yes,yes,yes,yes,0.0632668,yes,yes,yes
2_2_3_ProceedWithPointSetLockedDetected_group20,Theorem,CounterSatisfiable,no,19.8952345,Theorem,unsat,unsat,yes,unsat,yes,yes,yes,yes,yes,0.0650976,yes,yes,yes
2_2_3_ProceedWithPointSetLockedDetected_group21,Theorem,CounterSatisfiable,no,19.4660633,Theorem,unsat,unsat,yes,unsat,yes,yes,yes,yes,yes,0.0668645,yes,yes,yes
2_2_3_ProceedWithPointSetLockedDetected_group3,Theorem,Theorem,yes,18.869125,Theorem,unsat,unsat,yes,unsat,yes,yes,yes,yes,yes,0.0657961,yes,yes,yes
2_2_3_ProceedWithPointSetLockedDetected_group4,Theorem,CounterSatisfiable,no,18.8476991,Theorem,unsat,unsat,yes,unsat,yes,yes,yes,yes,yes,0.0638174,yes,yes,yes
2_2_3_ProceedWithPointSetLockedDetected_group5,Theorem,CounterSatisfiable,no,18.7710878,Theorem,unsat,unsat,yes,unsat,yes,yes,yes,yes,yes,0.0667469,yes,yes,yes
2_2_3_ProceedWithPointSetLockedDetected_group6,Theorem,CounterSatisfiable,no,18.7913251,Theorem,unsat,unsat,yes,unsat,yes,yes,yes,yes,yes,0.071846,yes,yes,yes
2_2_3_ProceedWithPointSetLockedDetected_group7,Theorem,Theorem,yes,18.9348495,Theorem,unsat,unsat,yes,unsat,yes,yes,yes,yes,yes,0.0658485,yes,yes,yes
2_2_3_ProceedWithPointSetLockedDetected_group8,Theorem,CounterSatisfiable,no,19.4392777,Theorem,unsat,unsat,yes,unsat,yes,yes,yes,yes,yes,0.0683991,yes,yes,yes
2_2_3_ProceedWithPointSetLockedDetected_group9,Theorem,CounterSatisfiable,no,19.0753907,Theorem,unsat,unsat,yes,unsat,yes,yes,yes,yes,yes,0.0673742,yes,yes,yes
2_2_30_ProceedDisengagementAspRes_group0,Theorem,Theorem,yes,18.4411956,Theorem,unsat,unsat,yes,unsat,yes,yes,yes,yes,yes,0.0589655,yes,yes,yes
2_2_30_ProceedDisengagementAspRes_group1,Theorem,Theorem,yes,18.6426533,Theorem,unsat,unsat,yes,unsat,yes,yes,yes,yes,yes,0.0684846,yes,yes,yes
2_2_30_ProceedDisengagementAspRes_group10,Theorem,Theorem,yes,18.6330415,Theorem,unsat,unsat,yes,unsat,yes,yes,yes,yes,yes,0.0631398,yes,yes,yes
2_2_30_ProceedDisengagementAspRes_group11,Theorem,Theorem,yes,18.5468293,Theorem,unsat,unsat,yes,unsat,yes,yes,yes,yes,yes,0.0663759,yes,yes,yes
2_2_30_ProceedDisengagementAspRes_group12,Theorem,Theorem,yes,18.6723996,Theorem,unsat,unsat,yes,unsat,yes,yes,yes,yes,yes,0.0651236,yes,yes,yes
2_2_30_ProceedDisengagementAspRes_group13,Theorem,Theorem,yes,18.5771364,Theorem,unsat,unsat,yes,unsat,yes,yes,yes,yes,yes,0.0652631,yes,yes,yes
2_2_30_ProceedDisengagementAspRes_group14,Theorem,Theorem,yes,18.6083188,Theorem,unsat,unsat,yes,unsat,yes,yes,yes,yes,yes,0.0626788,yes,yes,yes
2_2_30_ProceedDisengagementAspRes_group15,Theorem,Theorem,yes,18.4554128,Theorem,unsat,unsat,yes,unsat,yes,yes,yes,yes,yes,0.0671172,yes,yes,yes
2_2_30_ProceedDisengagementAspRes_group16,Theorem,Theorem,yes,18.5920639,Theorem,unsat,unsat,yes,unsat,yes,yes,yes,yes,yes,0.0548902,yes,yes,yes
2_2_30_ProceedDisengagementAspRes_group17,Theorem,Theorem,yes,18.7582362,Theorem,unsat,unsat,yes,unsat,yes,yes,yes,yes,yes,0.0963546,yes,yes,yes
2_2_30_ProceedDisengagementAspRes_group18,Theorem,Theorem,yes,18.5675966,Theorem,unsat,unsat,yes,unsat,yes,yes,yes,yes,yes,0.0667966,yes,yes,yes
2_2_30_ProceedDisengagementAspRes_group19,Theorem,Theorem,yes,18.6650248,Theorem,unsat,unsat,yes,unsat,yes,yes,yes,yes,yes,0.067773,yes,yes,yes
2_2_30_ProceedDisengagementAspRes_group2,Theorem,Theorem,yes,18.6384791,Theorem,unsat,unsat,yes,unsat,yes,yes,yes,yes,yes,0.0652891,yes,yes,yes
2_2_30_ProceedDisengagementAspRes_group20,Theorem,Theorem,yes,18.5755646,Theorem,unsat,unsat,yes,unsat,yes,yes,yes,yes,yes,0.0711193,yes,yes,yes
2_2_30_ProceedDisengagementAspRes_group21,Theorem,Theorem,yes,18.5557837,Theorem,unsat,unsat,yes,unsat,yes,yes,yes,yes,yes,0.0665962,yes,yes,yes
2_2_30_ProceedDisengagementAspRes_group22,Theorem,Theorem,yes,18.5681109,Theorem,unsat,unsat,yes,unsat,yes,yes,yes,yes,yes,0.0747972,yes,yes,yes
2_2_30_ProceedDisengagementAspRes_group23,Theorem,Theorem,yes,18.4975728,Theorem,unsat,unsat,yes,unsat,yes,yes,yes,yes,yes,0.0689559,yes,yes,yes
2_2_30_ProceedDisengagementAspRes_group24,Theorem,Theorem,yes,18.5098072,Theorem,unsat,unsat,yes,unsat,yes,yes,yes,yes,yes,0.0630083,yes,yes,yes
2_2_30_ProceedDisengagementAspRes_group25,Theorem,Theorem,yes,18.5253537,Theorem,unsat,unsat,yes,unsat,yes,yes,yes,yes,yes,0.0677038,yes,yes,yes
2_2_30_ProceedDisengagementAspRes_group26,Theorem,Theorem,yes,18.6753134,Theorem,unsat,unsat,yes,unsat,yes,yes,yes,yes,yes,0.067446,yes,yes,yes
2_2_30_ProceedDisengagementAspRes_group27,Theorem,Theorem,yes,18.7099558,Theorem,unsat,unsat,yes,unsat,yes,yes,yes,yes,yes,0.0650706,yes,yes,yes
2_2_30_ProceedDisengagementAspRes_group3,Theorem,Theorem,yes,18.7126065,Theorem,unsat,unsat,yes,unsat,yes,yes,yes,yes,yes,0.0676046,yes,yes,yes
2_2_30_ProceedDisengagementAspRes_group4,Theorem,Theorem,yes,18.611944,Theorem,unsat,unsat,yes,unsat,yes,yes,yes,yes,yes,0.0635561,yes,yes,yes
2_2_30_ProceedDisengagementAspRes_group5,Theorem,Theorem,yes,18.5974448,Theorem,unsat,unsat,yes,unsat,yes,yes,yes,yes,yes,0.0644417,yes,yes,yes
2_2_30_ProceedDisengagementAspRes_group6,Theorem,Theorem,yes,18.5878129,Theorem,unsat,unsat,yes,unsat,yes,yes,yes,yes,yes,0.0576715,yes,yes,yes
2_2_30_ProceedDisengagementAspRes_group7,Theorem,Theorem,yes,18.6095272,Theorem,unsat,unsat,yes,unsat,yes,yes,yes,yes,yes,0.0644992,yes,yes,yes
2_2_30_ProceedDisengagementAspRes_group8,Theorem,Theorem,yes,18.6348004,Theorem,unsat,unsat,yes,unsat,yes,yes,yes,yes,yes,0.0643109,yes,yes,yes
2_2_30_ProceedDisengagementAspRes_group9,Theorem,Theorem,yes,18.510845,Theorem,unsat,unsat,yes,unsat,yes,yes,yes,yes,yes,0.072668,yes,yes,yes
2_2_31_ProceedWithApproachLocking_group0,Theorem,Theorem,yes,18.6400234,Theorem,unsat,unsat,yes,unsat,yes,yes,yes,yes,yes,0.0683354,yes,yes,yes
2_2_31_ProceedWithApproachLocking_group1,Theorem,Theorem,yes,18.7373514,Theorem,unsat,unsat,yes,unsat,yes,yes,yes,yes,yes,0.0656917,yes,yes,yes
2_2_31_ProceedWithApproachLocking_group10,Theorem,Theorem,yes,18.5338858,Theorem,unsat,unsat,yes,unsat,yes,yes,yes,yes,yes,0.0671413,yes,yes,yes
2_2_31_ProceedWithApproachLocking_group11,Theorem,Theorem,yes,18.6461574,Theorem,unsat,unsat,yes,unsat,yes,yes,yes,yes,yes,0.0642645,yes,yes,yes
2_2_31_ProceedWithApproachLocking_group12,Theorem,Theorem,yes,18.6187837,Theorem,unsat,unsat,yes,unsat,yes,yes,yes,yes,yes,0.0665769,yes,yes,yes
2_2_31_ProceedWithApproachLocking_group13,Theorem,Theorem,yes,18.6231626,Theorem,unsat,unsat,yes,unsat,yes,yes,yes,yes,yes,0.0670957,yes,yes,yes
2_2_31_ProceedWithApproachLocking_group2,Theorem,Theorem,yes,18.8180975,Theorem,unsat,unsat,yes,unsat,yes,yes,yes,yes,yes,0.0639622,yes,yes,yes
2_2_31_ProceedWithApproachLocking_group3,Theorem,Theorem,yes,18.6337798,Theorem,unsat,unsat,yes,unsat,yes,yes,yes,yes,yes,0.065585,yes,yes,yes
2_2_31_ProceedWithApproachLocking_group4,Theorem,Theorem,yes,18.8300762,Theorem,unsat,unsat,yes,unsat,yes,yes,yes,yes,yes,0.0651302,yes,yes,yes
2_2_31_ProceedWithApproachLocking_group5,Theorem,Theorem,yes,18.5775688,Theorem,unsat,unsat,yes,unsat,yes,yes,yes,yes,yes,0.0681077,yes,yes,yes
2_2_31_ProceedWithApproachLocking_group6,Theorem,Theorem,yes,18.7082919,Theorem,unsat,unsat,yes,unsat,yes,yes,yes,yes,yes,0.0674633,yes,yes,yes
2_2_31_ProceedWithApproachLocking_group7,Theorem,Theorem,yes,18.6931937,Theorem,unsat,unsat,yes,unsat,yes,yes,yes,yes,yes,0.0620873,yes,yes,yes
2_2_31_ProceedWithApproachLocking_group8,Theorem,Theorem,yes,18.5037062,Theorem,unsat,unsat,yes,unsat,yes,yes,yes,yes,yes,0.071758,yes,yes,yes
2_2_31_ProceedWithApproachLocking_group9,Theorem,Theorem,yes,18.5122068,Theorem,unsat,unsat,yes,unsat,yes,yes,yes,yes,yes,0.0694888,yes,yes,yes
2_2_32_ProceedWithTPWSSuppressed_group0,Theorem,Theorem,yes,18.7819371,Theorem,unsat,unsat,yes,unsat,yes,yes,yes,yes,yes,0.0666199,yes,yes,yes
2_2_32_ProceedWithTPWSSuppressed_group1,Theorem,Theorem,yes,18.8061526,Theorem,unsat,unsat,yes,unsat,yes,yes,yes,yes,yes,0.0807445,yes,yes,yes
2_2_32_ProceedWithTPWSSuppressed_group10,Theorem,Theorem,yes,18.6507402,Theorem,unsat,unsat,yes,unsat,yes,yes,yes,yes,yes,0.0679257,yes,yes,yes
2_2_32_ProceedWithTPWSSuppressed_group11,Theorem,Theorem,yes,18.5624629,Theorem,unsat,unsat,yes,unsat,yes,yes,yes,yes,yes,0.0699034,yes,yes,yes
2_2_32_ProceedWithTPWSSuppressed_group12,Theorem,Theorem,yes,18.5824949,Theorem,unsat,unsat,yes,unsat,yes,yes,yes,yes,yes,0.0688693,yes,yes,yes
2_2_32_ProceedWithTPWSSuppressed_group13,Theorem,Theorem,yes,18.590453,Theorem,unsat,unsat,yes,unsat,yes,yes,yes,yes,yes,0.0652243,yes,yes,yes
2_2_32_ProceedWithTPWSSuppressed_group2,Theorem,Theorem,yes,18.5828306,Theorem,unsat,unsat,yes,unsat,yes,yes,yes,yes,yes,0.0649485,yes,yes,yes
2_2_32_ProceedWithTPWSSuppressed_group3,Theorem,Theorem,yes,18.7315284,Theorem,unsat,unsat,yes,unsat,yes,yes,yes,yes,yes,0.0652284,yes,yes,yes
2_2_32_ProceedWithTPWSSuppressed_group4,Theorem,Theorem,yes,18.7550812,Theorem,unsat,unsat,yes,unsat,yes,yes,yes,yes,yes,0.0681974,yes,yes,yes
2_2_32_ProceedWithTPWSSuppressed_group5,Theorem,CounterSatisfiable,no,18.7857602,CounterSatisfiable,"(error ""line 32741 column 81: unknown constant S6042_dot__op_SUPP_cp_TPWSOK_0"")sat","(error ""line 38710 column 81: unknown constant S6042_dot__op_SUPP_cp_TPWSOK_0"")(error ""line 38711 column 81: unknown constant S6042_dot__op_SUPP_cp_TPWSOK_1"")sat",no,"(error ""line 1507049 column 92: unknown constant S6042_dot__op_SUPP_cp_TPWSOK_0"")(error ""line 1507050 column 92: unknown constant S6042_dot__op_SUPP_cp_TPWSOK_1"")(error ""line 1507051 column 92: unknown constant S6042_dot__op_SUPP_cp_TPWSOK_2"")(error ""line 1507052 column 92: unknown constant S6042_dot__op_SUPP_cp_TPWSOK_3"")(error ""line 1507053 column 92: unknown constant S6042_dot__op_SUPP_cp_TPWSOK_4"")(error ""line 1507054 column 92: unknown constant S6042_dot__op_SUPP_cp_TPWSOK_5"")(error ""line 1507055 column 92: unknown constant S6042_dot__op_SUPP_cp_TPWSOK_6"")(error ""line 1507056 column 92: unknown constant S6042_dot__op_SUPP_cp_TPWSOK_7"")(error ""line 1507057 column 92: unknown constant S6042_dot__op_SUPP_cp_TPWSOK_8"")(error ""line 1507058 column 93: unknown constant S6042_dot__op_SUPP_cp_TPWSOK_9"")(error ""line 1507059 column 94: unknown constant S6042_dot__op_SUPP_cp_TPWSOK_10"")(error ""line 1507060 column 94: unknown constant S6042_dot__op_SUPP_cp_TPWSOK_11"")(error ""line 1507061 column 94: unknown constant S6042_dot__op_SUPP_cp_TPWSOK_12"")(error ""line 1507062 column 94: unknown constant S6042_dot__op_SUPP_cp_TPWSOK_13"")(error ""line 1507063 column 94: unknown constant S6042_dot__op_SUPP_cp_TPWSOK_14"")(error ""line 1507064 column 94: unknown constant S6042_dot__op_SUPP_cp_TPWSOK_15"")(error ""line 1507065 column 94: unknown constant S6042_dot__op_SUPP_cp_TPWSOK_16"")(error ""line 1507066 column 94: unknown constant S6042_dot__op_SUPP_cp_TPWSOK_17"")(error ""line 1507067 column 94: unknown constant S6042_dot__op_SUPP_cp_TPWSOK_18"")(error ""line 1507068 column 94: unknown constant S6042_dot__op_SUPP_cp_TPWSOK_19"")(error ""line 1507069 column 94: unknown constant S6042_dot__op_SUPP_cp_TPWSOK_20"")(error ""line 1507070 column 94: unknown constant S6042_dot__op_SUPP_cp_TPWSOK_21"")(error ""line 1507071 column 94: unknown constant S6042_dot__op_SUPP_cp_TPWSOK_22"")(error ""line 1507072 column 94: unknown constant S6042_dot__op_SUPP_cp_TPWSOK_23"")(error ""line 1507073 column 94: unknown constant S6042_dot__op_SUPP_cp_TPWSOK_24"")(error ""line 1507074 column 94: unknown constant S6042_dot__op_SUPP_cp_TPWSOK_25"")(error ""line 1507075 column 94: unknown constant S6042_dot__op_SUPP_cp_TPWSOK_26"")(error ""line 1507076 column 94: unknown constant S6042_dot__op_SUPP_cp_TPWSOK_27"")(error ""line 1507077 column 94: unknown constant S6042_dot__op_SUPP_cp_TPWSOK_28"")(error ""line 1507078 column 94: unknown constant S6042_dot__op_SUPP_cp_TPWSOK_29"")(error ""line 1507079 column 94: unknown constant S6042_dot__op_SUPP_cp_TPWSOK_30"")(error ""line 1507080 column 94: unknown constant S6042_dot__op_SUPP_cp_TPWSOK_31"")(error ""line 1507081 column 94: unknown constant S6042_dot__op_SUPP_cp_TPWSOK_32"")(error ""line 1507082 column 94: unknown constant S6042_dot__op_SUPP_cp_TPWSOK_33"")(error ""line 1507083 column 94: unknown constant S6042_dot__op_SUPP_cp_TPWSOK_34"")(error ""line 1507084 column 94: unknown constant S6042_dot__op_SUPP_cp_TPWSOK_35"")(error ""line 1507085 column 94: unknown constant S6042_dot__op_SUPP_cp_TPWSOK_36"")(error ""line 1507086 column 94: unknown constant S6042_dot__op_SUPP_cp_TPWSOK_37"")(error ""line 1507087 column 94: unknown constant S6042_dot__op_SUPP_cp_TPWSOK_38"")(error ""line 1507088 column 94: unknown constant S6042_dot__op_SUPP_cp_TPWSOK_39"")(error ""line 1507089 column 94: unknown constant S6042_dot__op_SUPP_cp_TPWSOK_40"")(error ""line 1507090 column 94: unknown constant S6042_dot__op_SUPP_cp_TPWSOK_41"")(error ""line 1507091 column 94: unknown constant S6042_dot__op_SUPP_cp_TPWSOK_42"")(error ""line 1507092 column 94: unknown constant S6042_dot__op_SUPP_cp_TPWSOK_43"")(error ""line 1507093 column 94: unknown constant S6042_dot__op_SUPP_cp_TPWSOK_44"")(error ""line 1507094 column 94: unknown constant S6042_dot__op_SUPP_cp_TPWSOK_45"")(error ""line 1507095 column 94: unknown constant S6042_dot__op_SUPP_cp_TPWSOK_46"")(error ""line 1507096 column 94: unknown constant S6042_dot__op_SUPP_cp_TPWSOK_47"")(error ""line 1507097 column 94: unknown constant S6042_dot__op_SUPP_cp_TPWSOK_48"")(error ""line 1507098 column 94: unknown constant S6042_dot__op_SUPP_cp_TPWSOK_49"")(error ""line 1507099 column 94: unknown constant S6042_dot__op_SUPP_cp_TPWSOK_50"")(error ""line 1507100 column 94: unknown constant S6042_dot__op_SUPP_cp_TPWSOK_51"")(error ""line 1507101 column 94: unknown constant S6042_dot__op_SUPP_cp_TPWSOK_52"")(error ""line 1507102 column 94: unknown constant S6042_dot__op_SUPP_cp_TPWSOK_53"")(error ""line 1507103 column 94: unknown constant S6042_dot__op_SUPP_cp_TPWSOK_54"")(error ""line 1507104 column 94: unknown constant S6042_dot__op_SUPP_cp_TPWSOK_55"")(error ""line 1507105 column 94: unknown constant S6042_dot__op_SUPP_cp_TPWSOK_56"")(error ""line 1507106 column 94: unknown constant S6042_dot__op_SUPP_cp_TPWSOK_57"")(error ""line 1507107 column 94: unknown constant S6042_dot__op_SUPP_cp_TPWSOK_58"")(error ""line 1507108 column 94: unknown constant S6042_dot__op_SUPP_cp_TPWSOK_59"")(error ""line 1507109 column 94: unknown constant S6042_dot__op_SUPP_cp_TPWSOK_60"")(error ""line 1507110 column 94: unknown constant S6042_dot__op_SUPP_cp_TPWSOK_61"")(error ""line 1507111 column 94: unknown constant S6042_dot__op_SUPP_cp_TPWSOK_62"")(error ""line 1507112 column 94: unknown constant S6042_dot__op_SUPP_cp_TPWSOK_63"")(error ""line 1507113 column 94: unknown constant S6042_dot__op_SUPP_cp_TPWSOK_64"")(error ""line 1507114 column 94: unknown constant S6042_dot__op_SUPP_cp_TPWSOK_65"")(error ""line 1507115 column 94: unknown constant S6042_dot__op_SUPP_cp_TPWSOK_66"")(error ""line 1507116 column 94: unknown constant S6042_dot__op_SUPP_cp_TPWSOK_67"")(error ""line 1507117 column 94: unknown constant S6042_dot__op_SUPP_cp_TPWSOK_68"")(error ""line 1507118 column 94: unknown constant S6042_dot__op_SUPP_cp_TPWSOK_69"")(error ""line 1507119 column 94: unknown constant S6042_dot__op_SUPP_cp_TPWSOK_70"")(error ""line 1507120 column 94: unknown constant S6042_dot__op_SUPP_cp_TPWSOK_71"")(error ""line 1507121 column 94: unknown constant S6042_dot__op_SUPP_cp_TPWSOK_72"")(error ""line 1507122 column 94: unknown constant S6042_dot__op_SUPP_cp_TPWSOK_73"")(error ""line 1507123 column 94: unknown constant S6042_dot__op_SUPP_cp_TPWSOK_74"")(error ""line 1507124 column 94: unknown constant S6042_dot__op_SUPP_cp_TPWSOK_75"")(error ""line 1507125 column 94: unknown constant S6042_dot__op_SUPP_cp_TPWSOK_76"")(error ""line 1507126 column 94: unknown constant S6042_dot__op_SUPP_cp_TPWSOK_77"")(error ""line 1507127 column 94: unknown constant S6042_dot__op_SUPP_cp_TPWSOK_78"")(error ""line 1507128 column 94: unknown constant S6042_dot__op_SUPP_cp_TPWSOK_79"")(error ""line 1507129 column 94: unknown constant S6042_dot__op_SUPP_cp_TPWSOK_80"")(error ""line 1507130 column 94: unknown constant S6042_dot__op_SUPP_cp_TPWSOK_81"")(error ""line 1507131 column 94: unknown constant S6042_dot__op_SUPP_cp_TPWSOK_82"")(error ""line 1507132 column 94: unknown constant S6042_dot__op_SUPP_cp_TPWSOK_83"")(error ""line 1507133 column 94: unknown constant S6042_dot__op_SUPP_cp_TPWSOK_84"")(error ""line 1507134 column 94: unknown constant S6042_dot__op_SUPP_cp_TPWSOK_85"")(error ""line 1507135 column 94: unknown constant S6042_dot__op_SUPP_cp_TPWSOK_86"")(error ""line 1507136 column 94: unknown constant S6042_dot__op_SUPP_cp_TPWSOK_87"")(error ""line 1507137 column 94: unknown constant S6042_dot__op_SUPP_cp_TPWSOK_88"")(error ""line 1507138 column 94: unknown constant S6042_dot__op_SUPP_cp_TPWSOK_89"")(error ""line 1507139 column 94: unknown constant S6042_dot__op_SUPP_cp_TPWSOK_90"")(error ""line 1507140 column 94: unknown constant S6042_dot__op_SUPP_cp_TPWSOK_91"")(error ""line 1507141 column 94: unknown constant S6042_dot__op_SUPP_cp_TPWSOK_92"")(error ""line 1507142 column 94: unknown constant S6042_dot__op_SUPP_cp_TPWSOK_93"")(error ""line 1507143 column 94: unknown constant S6042_dot__op_SUPP_cp_TPWSOK_94"")(error ""line 1507144 column 94: unknown constant S6042_dot__op_SUPP_cp_TPWSOK_95"")(error ""line 1507145 column 94: unknown constant S6042_dot__op_SUPP_cp_TPWSOK_96"")(error ""line 1507146 column 94: unknown constant S6042_dot__op_SUPP_cp_TPWSOK_97"")(error ""line 1507147 column 94: unknown constant S6042_dot__op_SUPP_cp_TPWSOK_98"")(error ""line 1507148 column 95: unknown constant S6042_dot__op_SUPP_cp_TPWSOK_99"")sat",N/A => Expected predicate keys to be pre-included in a dictionary.,yes,yes,yes,N/A => Expected predicate keys to be pre-included in a dictionary.,0,yes,yes,yes
2_2_32_ProceedWithTPWSSuppressed_group6,Theorem,Theorem,yes,18.7880186,Theorem,unsat,unsat,yes,unsat,yes,yes,yes,yes,yes,0.0631269,yes,yes,yes
2_2_32_ProceedWithTPWSSuppressed_group7,Theorem,Theorem,yes,18.613953,Theorem,unsat,unsat,yes,unsat,yes,yes,yes,yes,yes,0.0687275,yes,yes,yes
2_2_32_ProceedWithTPWSSuppressed_group8,Theorem,Theorem,yes,18.5968183,Theorem,unsat,unsat,yes,unsat,yes,yes,yes,yes,yes,0.0676986,yes,yes,yes
2_2_32_ProceedWithTPWSSuppressed_group9,Theorem,Theorem,yes,18.5792588,Theorem,unsat,unsat,yes,unsat,yes,yes,yes,yes,yes,0.0654105,yes,yes,yes
2_2_34_RYGAspectWithSOMOutput_group0,Theorem,CounterSatisfiable,no,18.7118339,CounterSatisfiable,unsat,sat,no,unsat,yes,yes,yes,yes,yes,0.071777,yes,yes,yes
2_2_34_RYGAspectWithSOMOutput_group1,Theorem,CounterSatisfiable,no,19.0160314,CounterSatisfiable,unsat,sat,no,unsat,yes,yes,yes,yes,yes,0.0682355,yes,yes,yes
2_2_34_RYGAspectWithSOMOutput_group2,Theorem,CounterSatisfiable,no,18.9038557,CounterSatisfiable,unsat,sat,no,unsat,yes,yes,yes,yes,yes,0.0635791,yes,yes,yes
2_2_34_RYGAspectWithSOMOutput_group3,Theorem,CounterSatisfiable,no,19.0006529,CounterSatisfiable,"(error ""line 32741 column 208: unknown constant S6010_dot_OIE_0"")sat","(error ""line 38710 column 208: unknown constant S6010_dot_OIE_0"")(error ""line 38711 column 208: unknown constant S6010_dot_OIE_1"")sat",no,"(error ""line 1507049 column 245: unknown constant S6010_dot_OIE_0"")(error ""line 1507050 column 245: unknown constant S6010_dot_OIE_1"")(error ""line 1507051 column 245: unknown constant S6010_dot_OIE_2"")(error ""line 1507052 column 245: unknown constant S6010_dot_OIE_3"")(error ""line 1507053 column 245: unknown constant S6010_dot_OIE_4"")(error ""line 1507054 column 245: unknown constant S6010_dot_OIE_5"")(error ""line 1507055 column 245: unknown constant S6010_dot_OIE_6"")(error ""line 1507056 column 245: unknown constant S6010_dot_OIE_7"")(error ""line 1507057 column 245: unknown constant S6010_dot_OIE_8"")(error ""line 1507058 column 245: unknown constant S6010_dot_OIE_9"")(error ""line 1507059 column 253: unknown constant S6010_dot_OIE_10"")(error ""line 1507060 column 253: unknown constant S6010_dot_OIE_11"")(error ""line 1507061 column 253: unknown constant S6010_dot_OIE_12"")(error ""line 1507062 column 253: unknown constant S6010_dot_OIE_13"")(error ""line 1507063 column 253: unknown constant S6010_dot_OIE_14"")(error ""line 1507064 column 253: unknown constant S6010_dot_OIE_15"")(error ""line 1507065 column 253: unknown constant S6010_dot_OIE_16"")(error ""line 1507066 column 253: unknown constant S6010_dot_OIE_17"")(error ""line 1507067 column 253: unknown constant S6010_dot_OIE_18"")(error ""line 1507068 column 253: unknown constant S6010_dot_OIE_19"")(error ""line 1507069 column 253: unknown constant S6010_dot_OIE_20"")(error ""line 1507070 column 253: unknown constant S6010_dot_OIE_21"")(error ""line 1507071 column 253: unknown constant S6010_dot_OIE_22"")(error ""line 1507072 column 253: unknown constant S6010_dot_OIE_23"")(error ""line 1507073 column 253: unknown constant S6010_dot_OIE_24"")(error ""line 1507074 column 253: unknown constant S6010_dot_OIE_25"")(error ""line 1507075 column 253: unknown constant S6010_dot_OIE_26"")(error ""line 1507076 column 253: unknown constant S6010_dot_OIE_27"")(error ""line 1507077 column 253: unknown constant S6010_dot_OIE_28"")(error ""line 1507078 column 253: unknown constant S6010_dot_OIE_29"")(error ""line 1507079 column 253: unknown constant S6010_dot_OIE_30"")(error ""line 1507080 column 253: unknown constant S6010_dot_OIE_31"")(error ""line 1507081 column 253: unknown constant S6010_dot_OIE_32"")(error ""line 1507082 column 253: unknown constant S6010_dot_OIE_33"")(error ""line 1507083 column 253: unknown constant S6010_dot_OIE_34"")(error ""line 1507084 column 253: unknown constant S6010_dot_OIE_35"")(error ""line 1507085 column 253: unknown constant S6010_dot_OIE_36"")(error ""line 1507086 column 253: unknown constant S6010_dot_OIE_37"")(error ""line 1507087 column 253: unknown constant S6010_dot_OIE_38"")(error ""line 1507088 column 253: unknown constant S6010_dot_OIE_39"")(error ""line 1507089 column 253: unknown constant S6010_dot_OIE_40"")(error ""line 1507090 column 253: unknown constant S6010_dot_OIE_41"")(error ""line 1507091 column 253: unknown constant S6010_dot_OIE_42"")(error ""line 1507092 column 253: unknown constant S6010_dot_OIE_43"")(error ""line 1507093 column 253: unknown constant S6010_dot_OIE_44"")(error ""line 1507094 column 253: unknown constant S6010_dot_OIE_45"")(error ""line 1507095 column 253: unknown constant S6010_dot_OIE_46"")(error ""line 1507096 column 253: unknown constant S6010_dot_OIE_47"")(error ""line 1507097 column 253: unknown constant S6010_dot_OIE_48"")(error ""line 1507098 column 253: unknown constant S6010_dot_OIE_49"")(error ""line 1507099 column 253: unknown constant S6010_dot_OIE_50"")(error ""line 1507100 column 253: unknown constant S6010_dot_OIE_51"")(error ""line 1507101 column 253: unknown constant S6010_dot_OIE_52"")(error ""line 1507102 column 253: unknown constant S6010_dot_OIE_53"")(error ""line 1507103 column 253: unknown constant S6010_dot_OIE_54"")(error ""line 1507104 column 253: unknown constant S6010_dot_OIE_55"")(error ""line 1507105 column 253: unknown constant S6010_dot_OIE_56"")(error ""line 1507106 column 253: unknown constant S6010_dot_OIE_57"")(error ""line 1507107 column 253: unknown constant S6010_dot_OIE_58"")(error ""line 1507108 column 253: unknown constant S6010_dot_OIE_59"")(error ""line 1507109 column 253: unknown constant S6010_dot_OIE_60"")(error ""line 1507110 column 253: unknown constant S6010_dot_OIE_61"")(error ""line 1507111 column 253: unknown constant S6010_dot_OIE_62"")(error ""line 1507112 column 253: unknown constant S6010_dot_OIE_63"")(error ""line 1507113 column 253: unknown constant S6010_dot_OIE_64"")(error ""line 1507114 column 253: unknown constant S6010_dot_OIE_65"")(error ""line 1507115 column 253: unknown constant S6010_dot_OIE_66"")(error ""line 1507116 column 253: unknown constant S6010_dot_OIE_67"")(error ""line 1507117 column 253: unknown constant S6010_dot_OIE_68"")(error ""line 1507118 column 253: unknown constant S6010_dot_OIE_69"")(error ""line 1507119 column 253: unknown constant S6010_dot_OIE_70"")(error ""line 1507120 column 253: unknown constant S6010_dot_OIE_71"")(error ""line 1507121 column 253: unknown constant S6010_dot_OIE_72"")(error ""line 1507122 column 253: unknown constant S6010_dot_OIE_73"")(error ""line 1507123 column 253: unknown constant S6010_dot_OIE_74"")(error ""line 1507124 column 253: unknown constant S6010_dot_OIE_75"")(error ""line 1507125 column 253: unknown constant S6010_dot_OIE_76"")(error ""line 1507126 column 253: unknown constant S6010_dot_OIE_77"")(error ""line 1507127 column 253: unknown constant S6010_dot_OIE_78"")(error ""line 1507128 column 253: unknown constant S6010_dot_OIE_79"")(error ""line 1507129 column 253: unknown constant S6010_dot_OIE_80"")(error ""line 1507130 column 253: unknown constant S6010_dot_OIE_81"")(error ""line 1507131 column 253: unknown constant S6010_dot_OIE_82"")(error ""line 1507132 column 253: unknown constant S6010_dot_OIE_83"")(error ""line 1507133 column 253: unknown constant S6010_dot_OIE_84"")(error ""line 1507134 column 253: unknown constant S6010_dot_OIE_85"")(error ""line 1507135 column 253: unknown constant S6010_dot_OIE_86"")(error ""line 1507136 column 253: unknown constant S6010_dot_OIE_87"")(error ""line 1507137 column 253: unknown constant S6010_dot_OIE_88"")(error ""line 1507138 column 253: unknown constant S6010_dot_OIE_89"")(error ""line 1507139 column 253: unknown constant S6010_dot_OIE_90"")(error ""line 1507140 column 253: unknown constant S6010_dot_OIE_91"")(error ""line 1507141 column 253: unknown constant S6010_dot_OIE_92"")(error ""line 1507142 column 253: unknown constant S6010_dot_OIE_93"")(error ""line 1507143 column 253: unknown constant S6010_dot_OIE_94"")(error ""line 1507144 column 253: unknown constant S6010_dot_OIE_95"")(error ""line 1507145 column 253: unknown constant S6010_dot_OIE_96"")(error ""line 1507146 column 253: unknown constant S6010_dot_OIE_97"")(error ""line 1507147 column 253: unknown constant S6010_dot_OIE_98"")(error ""line 1507148 column 253: unknown constant S6010_dot_OIE_99"")sat",N/A => Expected predicate keys to be pre-included in a dictionary.,yes,yes,yes,N/A => Expected predicate keys to be pre-included in a dictionary.,0,yes,yes,yes
2_2_43_ProceedWithTechAspectDisable_group0,Theorem,Theorem,yes,18.7031344,Theorem,unsat,unsat,yes,unsat,yes,yes,yes,yes,yes,0.0577496,yes,yes,yes
2_2_43_ProceedWithTechAspectDisable_group1,Theorem,Theorem,yes,18.5055227,Theorem,unsat,unsat,yes,unsat,yes,yes,yes,yes,yes,0.0644432,yes,yes,yes
2_2_43_ProceedWithTechAspectDisable_group10,Theorem,Theorem,yes,18.5977392,Theorem,unsat,unsat,yes,unsat,yes,yes,yes,yes,yes,0.0710284,yes,yes,yes
2_2_43_ProceedWithTechAspectDisable_group11,Theorem,Theorem,yes,18.7352414,Theorem,unsat,unsat,yes,unsat,yes,yes,yes,yes,yes,0.0693385,yes,yes,yes
2_2_43_ProceedWithTechAspectDisable_group12,Theorem,Theorem,yes,18.608639,Theorem,unsat,unsat,yes,unsat,yes,yes,yes,yes,yes,0.067889,yes,yes,yes
2_2_43_ProceedWithTechAspectDisable_group13,Theorem,Theorem,yes,18.7893869,Theorem,unsat,unsat,yes,unsat,yes,yes,yes,yes,yes,0.0662989,yes,yes,yes
2_2_43_ProceedWithTechAspectDisable_group14,Theorem,Theorem,yes,18.6174632,Theorem,unsat,unsat,yes,unsat,yes,yes,yes,yes,yes,0.0669219,yes,yes,yes
2_2_43_ProceedWithTechAspectDisable_group15,Theorem,Theorem,yes,18.7211147,Theorem,unsat,unsat,yes,unsat,yes,yes,yes,yes,yes,0.0690269,yes,yes,yes
2_2_43_ProceedWithTechAspectDisable_group16,Theorem,Theorem,yes,18.7574049,Theorem,unsat,unsat,yes,unsat,yes,yes,yes,yes,yes,0.0650545,yes,yes,yes
2_2_43_ProceedWithTechAspectDisable_group17,Theorem,Theorem,yes,18.7382939,Theorem,unsat,unsat,yes,unsat,yes,yes,yes,yes,yes,0.0680093,yes,yes,yes
2_2_43_ProceedWithTechAspectDisable_group2,Theorem,Theorem,yes,18.7580985,Theorem,unsat,unsat,yes,unsat,yes,yes,yes,yes,yes,0.062685,yes,yes,yes
2_2_43_ProceedWithTechAspectDisable_group3,Theorem,Theorem,yes,18.7770974,Theorem,unsat,unsat,yes,unsat,yes,yes,yes,yes,yes,0.066023,yes,yes,yes
2_2_43_ProceedWithTechAspectDisable_group4,Theorem,Theorem,yes,18.7674309,Theorem,unsat,unsat,yes,unsat,yes,yes,yes,yes,yes,0.0719045,yes,yes,yes
2_2_43_ProceedWithTechAspectDisable_group5,Theorem,Theorem,yes,18.815073,Theorem,unsat,unsat,yes,unsat,yes,yes,yes,yes,yes,0.0687137,yes,yes,yes
2_2_43_ProceedWithTechAspectDisable_group6,Theorem,Theorem,yes,18.638542,Theorem,unsat,unsat,yes,unsat,yes,yes,yes,yes,yes,0.0666119,yes,yes,yes
2_2_43_ProceedWithTechAspectDisable_group7,Theorem,Theorem,yes,18.7910846,Theorem,unsat,unsat,yes,unsat,yes,yes,yes,yes,yes,0.0678828,yes,yes,yes
2_2_43_ProceedWithTechAspectDisable_group8,Theorem,Theorem,yes,18.7203071,Theorem,unsat,unsat,yes,unsat,yes,yes,yes,yes,yes,0.0639985,yes,yes,yes
2_2_43_ProceedWithTechAspectDisable_group9,Theorem,Theorem,yes,18.7289617,Theorem,unsat,unsat,yes,unsat,yes,yes,yes,yes,yes,0.0847925,yes,yes,yes
2_2_48_ProceedWithLODKRoute_group0,Theorem,CounterSatisfiable,no,18.9878841,Theorem,unsat,unsat,yes,unsat,yes,yes,yes,yes,yes,0.1041373,yes,yes,yes
2_2_48_ProceedWithLODKRoute_group1,Theorem,CounterSatisfiable,no,19.1390465,Theorem,unsat,unsat,yes,unsat,yes,yes,yes,yes,yes,0.0685108,yes,yes,yes
2_2_48_ProceedWithLODKRoute_group2,Theorem,CounterSatisfiable,no,19.040141,Theorem,unsat,unsat,yes,unsat,yes,yes,yes,yes,yes,0.0654052,yes,yes,yes
2_2_48_ProceedWithLODKRoute_group3,Theorem,CounterSatisfiable,no,18.8581748,CounterSatisfiable,unsat,unsat,yes,unsat,yes,yes,yes,yes,yes,0.0654058,yes,yes,yes
2_2_48_ProceedWithLODKRoute_group4,Theorem,CounterSatisfiable,no,18.9867981,Theorem,unsat,unsat,yes,unsat,yes,yes,yes,yes,yes,0.0646182,yes,yes,yes
2_2_48_ProceedWithLODKRoute_group5,Theorem,CounterSatisfiable,no,19.0288712,Theorem,unsat,unsat,yes,unsat,yes,yes,yes,yes,yes,0.0636479,yes,yes,yes
2_2_48_ProceedWithLODKRoute_group6,Theorem,Theorem,yes,18.6949348,Theorem,unsat,unsat,yes,unsat,yes,yes,yes,yes,yes,0.0658606,yes,yes,yes
2_2_5_ProceedWithPointSLDOverlap_group0,Theorem,CounterSatisfiable,no,18.839563,Theorem,unsat,unsat,yes,unsat,yes,yes,yes,yes,yes,0.0670658,yes,yes,yes
2_2_5_ProceedWithPointSLDOverlap_group1,Theorem,CounterSatisfiable,no,18.9090823,Theorem,unsat,unsat,yes,unsat,yes,yes,yes,yes,yes,0.0653522,yes,yes,yes
2_2_5_ProceedWithPointSLDOverlap_group2,Theorem,CounterSatisfiable,no,18.7799936,Theorem,unsat,unsat,yes,unsat,yes,yes,yes,yes,yes,0.0668587,yes,yes,yes
2_2_5_ProceedWithPointSLDOverlap_group3,Theorem,CounterSatisfiable,no,18.9530244,Theorem,unsat,unsat,yes,unsat,yes,yes,yes,yes,yes,0.0692913,yes,yes,yes
2_2_50_ProceedWithLODP_group0,Theorem,CounterSatisfiable,no,18.822477,CounterSatisfiable,unsat,unsat,yes,unsat,yes,yes,yes,yes,yes,0.0683115,yes,yes,yes
2_2_51_ProceedWithSuppAWS_group0,Theorem,CounterSatisfiable,no,18.8772866,CounterSatisfiable,unsat,unsat,yes,unsat,yes,yes,yes,yes,yes,0.0703344,yes,yes,yes
2_2_51_ProceedWithSuppAWS_group1,Theorem,CounterSatisfiable,no,18.8991996,CounterSatisfiable,unsat,unsat,yes,unsat,yes,yes,yes,yes,yes,0.0590542,yes,yes,yes
2_2_51_ProceedWithSuppAWS_group10,Theorem,CounterSatisfiable,no,18.8991808,CounterSatisfiable,unsat,unsat,yes,unsat,yes,yes,yes,yes,yes,0.0656755,yes,yes,yes
2_2_51_ProceedWithSuppAWS_group11,Theorem,CounterSatisfiable,no,18.8643874,CounterSatisfiable,unsat,unsat,yes,unsat,yes,yes,yes,yes,yes,0.0639621,yes,yes,yes
2_2_51_ProceedWithSuppAWS_group12,Theorem,CounterSatisfiable,no,18.7392446,CounterSatisfiable,unsat,unsat,yes,unsat,yes,yes,yes,yes,yes,0.0661262,yes,yes,yes
2_2_51_ProceedWithSuppAWS_group13,Theorem,CounterSatisfiable,no,18.878154,CounterSatisfiable,unsat,unsat,yes,unsat,yes,yes,yes,yes,yes,0.0637228,yes,yes,yes
2_2_51_ProceedWithSuppAWS_group14,Theorem,CounterSatisfiable,no,18.8255028,CounterSatisfiable,unsat,unsat,yes,unsat,yes,yes,yes,yes,yes,0.0635848,yes,yes,yes
2_2_51_ProceedWithSuppAWS_group15,Theorem,CounterSatisfiable,no,18.8774205,CounterSatisfiable,unsat,unsat,yes,unsat,yes,yes,yes,yes,yes,0.0663781,yes,yes,yes
2_2_51_ProceedWithSuppAWS_group16,Theorem,CounterSatisfiable,no,19.0576449,CounterSatisfiable,unsat,unsat,yes,unsat,yes,yes,yes,yes,yes,0.0631691,yes,yes,yes
2_2_51_ProceedWithSuppAWS_group2,Theorem,CounterSatisfiable,no,18.9672188,CounterSatisfiable,unsat,unsat,yes,unsat,yes,yes,yes,yes,yes,0.0684617,yes,yes,yes
2_2_51_ProceedWithSuppAWS_group3,Theorem,CounterSatisfiable,no,18.8447746,CounterSatisfiable,unsat,unsat,yes,unsat,yes,yes,yes,yes,yes,0.0659771,yes,yes,yes
2_2_51_ProceedWithSuppAWS_group4,Theorem,CounterSatisfiable,no,18.9889151,CounterSatisfiable,unsat,unsat,yes,unsat,yes,yes,yes,yes,yes,0.0677913,yes,yes,yes
2_2_51_ProceedWithSuppAWS_group5,Theorem,CounterSatisfiable,no,18.8730459,CounterSatisfiable,unsat,unsat,yes,unsat,yes,yes,yes,yes,yes,0.0656281,yes,yes,yes
2_2_51_ProceedWithSuppAWS_group6,Theorem,CounterSatisfiable,no,18.9574717,CounterSatisfiable,unsat,unsat,yes,unsat,yes,yes,yes,yes,yes,0.0632523,yes,yes,yes
2_2_51_ProceedWithSuppAWS_group7,Theorem,CounterSatisfiable,no,18.9195054,CounterSatisfiable,unsat,unsat,yes,unsat,yes,yes,yes,yes,yes,0.0666342,yes,yes,yes
2_2_51_ProceedWithSuppAWS_group8,Theorem,CounterSatisfiable,no,18.9497156,CounterSatisfiable,unsat,unsat,yes,unsat,yes,yes,yes,yes,yes,0.0660829,yes,yes,yes
2_2_51_ProceedWithSuppAWS_group9,Theorem,CounterSatisfiable,no,18.9445101,CounterSatisfiable,unsat,unsat,yes,unsat,yes,yes,yes,yes,yes,0.0648933,yes,yes,yes
2_2_52_ProceedWithPermissiveTrackProved_group0,Theorem,CounterSatisfiable,no,18.9644114,CounterSatisfiable,unsat,unsat,yes,unsat,yes,yes,yes,yes,yes,0.0680405,yes,yes,yes
2_2_52_ProceedWithPermissiveTrackProved_group1,Theorem,CounterSatisfiable,no,19.1020162,CounterSatisfiable,unsat,unsat,yes,unsat,yes,yes,yes,yes,yes,0.0700421,yes,yes,yes
2_2_52_ProceedWithPermissiveTrackProved_group2,Theorem,CounterSatisfiable,no,18.9535829,CounterSatisfiable,unsat,unsat,yes,unsat,yes,yes,yes,yes,yes,0.058243,yes,yes,yes
2_2_53_ProceedWithExitRestrictive_group0,Theorem,Theorem,yes,18.7298513,Theorem,unsat,unsat,yes,unsat,yes,yes,yes,yes,yes,0.068338,yes,yes,yes
2_2_53_ProceedWithExitRestrictive_group1,Theorem,Theorem,yes,18.8861583,Theorem,unsat,unsat,yes,unsat,yes,yes,yes,yes,yes,0.0718383,yes,yes,yes
2_2_53_ProceedWithExitRestrictive_group2,Theorem,Theorem,yes,18.6753482,Theorem,unsat,unsat,yes,unsat,yes,yes,yes,yes,yes,0.0704588,yes,yes,yes
2_2_54_ProceedWithTPWSExit_group0,Theorem,CounterSatisfiable,no,18.9453731,Theorem,unsat,unsat,yes,unsat,yes,yes,yes,yes,yes,0.0676397,yes,yes,yes
2_2_54_ProceedWithTPWSExit_group1,Theorem,CounterSatisfiable,no,18.5515081,Theorem,unsat,unsat,yes,unsat,yes,yes,yes,yes,yes,0.0672377,yes,yes,yes
2_2_54_ProceedWithTPWSExit_group10,Theorem,CounterSatisfiable,no,18.900039,Theorem,unsat,unsat,yes,unsat,yes,yes,yes,yes,yes,0.0660522,yes,yes,yes
2_2_54_ProceedWithTPWSExit_group11,Theorem,CounterSatisfiable,no,18.8999115,Theorem,unsat,unsat,yes,unsat,yes,yes,yes,yes,yes,0.0670351,yes,yes,yes
2_2_54_ProceedWithTPWSExit_group12,Theorem,CounterSatisfiable,no,18.9401151,Theorem,unsat,unsat,yes,unsat,yes,yes,yes,yes,yes,0.0664005,yes,yes,yes
2_2_54_ProceedWithTPWSExit_group13,Theorem,Theorem,yes,18.7785488,Theorem,unsat,unsat,yes,unsat,yes,yes,yes,yes,yes,0.0649342,yes,yes,yes
2_2_54_ProceedWithTPWSExit_group14,Theorem,Theorem,yes,18.673619,Theorem,unsat,unsat,yes,unsat,yes,yes,yes,yes,yes,0.0620978,yes,yes,yes
2_2_54_ProceedWithTPWSExit_group15,Theorem,Theorem,yes,18.6612902,Theorem,unsat,unsat,yes,unsat,yes,yes,yes,yes,yes,0.0707367,yes,yes,yes
2_2_54_ProceedWithTPWSExit_group16,Theorem,Theorem,yes,18.6224264,Theorem,unsat,unsat,yes,unsat,yes,yes,yes,yes,yes,0.0665613,yes,yes,yes
2_2_54_ProceedWithTPWSExit_group2,Theorem,CounterSatisfiable,no,19.0701409,Theorem,unsat,unsat,yes,unsat,yes,yes,yes,yes,yes,0.0609377,yes,yes,yes
2_2_54_ProceedWithTPWSExit_group3,Theorem,CounterSatisfiable,no,18.9939829,Theorem,unsat,unsat,yes,unsat,yes,yes,yes,yes,yes,0.0653622,yes,yes,yes
2_2_54_ProceedWithTPWSExit_group4,Theorem,CounterSatisfiable,no,18.9789125,Theorem,unsat,unsat,yes,unsat,yes,yes,yes,yes,yes,0.0680139,yes,yes,yes
2_2_54_ProceedWithTPWSExit_group5,Theorem,CounterSatisfiable,no,18.8891215,Theorem,unsat,unsat,yes,unsat,yes,yes,yes,yes,yes,0.0684612,yes,yes,yes
2_2_54_ProceedWithTPWSExit_group6,Theorem,CounterSatisfiable,no,19.1435135,Theorem,unsat,unsat,yes,unsat,yes,yes,yes,yes,yes,0.0681936,yes,yes,yes
2_2_54_ProceedWithTPWSExit_group7,Theorem,CounterSatisfiable,no,18.9477019,Theorem,unsat,unsat,yes,unsat,yes,yes,yes,yes,yes,0.0685251,yes,yes,yes
2_2_54_ProceedWithTPWSExit_group8,Theorem,Theorem,yes,18.7903844,Theorem,unsat,unsat,yes,unsat,yes,yes,yes,yes,yes,0.0680551,yes,yes,yes
2_2_54_ProceedWithTPWSExit_group9,Theorem,CounterSatisfiable,no,18.9178705,Theorem,unsat,unsat,yes,unsat,yes,yes,yes,yes,yes,0.0661436,yes,yes,yes
2_2_55_SignalDisengagement_group0,Theorem,Theorem,yes,18.6094538,Theorem,unsat,unsat,yes,unsat,yes,yes,yes,yes,yes,0.0666502,yes,yes,yes
2_2_55_SignalDisengagement_group1,Theorem,Theorem,yes,18.5879221,Theorem,unsat,unsat,yes,unsat,yes,yes,yes,yes,yes,0.0699122,yes,yes,yes
2_2_55_SignalDisengagement_group10,Theorem,Theorem,yes,18.7384923,Theorem,unsat,unsat,yes,unsat,yes,yes,yes,yes,yes,0.0662414,yes,yes,yes
2_2_55_SignalDisengagement_group11,Theorem,Theorem,yes,18.5211208,Theorem,unsat,unsat,yes,unsat,yes,yes,yes,yes,yes,0.0672649,yes,yes,yes
2_2_55_SignalDisengagement_group12,Theorem,Theorem,yes,18.754459,Theorem,unsat,unsat,yes,unsat,yes,yes,yes,yes,yes,0.0745403,yes,yes,yes
2_2_55_SignalDisengagement_group13,Theorem,Theorem,yes,18.6774764,Theorem,unsat,unsat,yes,unsat,yes,yes,yes,yes,yes,0.0592596,yes,yes,yes
2_2_55_SignalDisengagement_group14,Theorem,Theorem,yes,18.5581363,Theorem,unsat,unsat,yes,unsat,yes,yes,yes,yes,yes,0.0664831,yes,yes,yes
2_2_55_SignalDisengagement_group15,Theorem,Theorem,yes,18.7107865,Theorem,unsat,unsat,yes,unsat,yes,yes,yes,yes,yes,0.0639763,yes,yes,yes
2_2_55_SignalDisengagement_group16,Theorem,Theorem,yes,18.5973859,Theorem,unsat,unsat,yes,unsat,yes,yes,yes,yes,yes,0.064373,yes,yes,yes
2_2_55_SignalDisengagement_group17,Theorem,Theorem,yes,18.6973643,Theorem,unsat,unsat,yes,unsat,yes,yes,yes,yes,yes,0.0657298,yes,yes,yes
2_2_55_SignalDisengagement_group18,Theorem,Theorem,yes,18.6672989,Theorem,unsat,unsat,yes,unsat,yes,yes,yes,yes,yes,0.065336,yes,yes,yes
2_2_55_SignalDisengagement_group19,Theorem,Theorem,yes,18.6424997,Theorem,unsat,unsat,yes,unsat,yes,yes,yes,yes,yes,0.0683141,yes,yes,yes
2_2_55_SignalDisengagement_group2,Theorem,Theorem,yes,18.7339404,Theorem,unsat,unsat,yes,unsat,yes,yes,yes,yes,yes,0.0651607,yes,yes,yes
2_2_55_SignalDisengagement_group20,Theorem,Theorem,yes,18.6122207,Theorem,unsat,unsat,yes,unsat,yes,yes,yes,yes,yes,0.0834849,yes,yes,yes
2_2_55_SignalDisengagement_group21,Theorem,Theorem,yes,18.7279903,Theorem,unsat,unsat,yes,unsat,yes,yes,yes,yes,yes,0.0658703,yes,yes,yes
2_2_55_SignalDisengagement_group22,Theorem,Theorem,yes,18.6336418,Theorem,"(error ""line 32741 column 93: unknown constant S6053_dot_AUTO_1"")sat","(error ""line 38710 column 93: unknown constant S6053_dot_AUTO_1"")(error ""line 38711 column 93: unknown constant S6053_dot_AUTO_2"")sat",no,"(error ""line 1507049 column 99: unknown constant S6053_dot_AUTO_1"")(error ""line 1507050 column 99: unknown constant S6053_dot_AUTO_2"")(error ""line 1507051 column 99: unknown constant S6053_dot_AUTO_3"")(error ""line 1507052 column 99: unknown constant S6053_dot_AUTO_4"")(error ""line 1507053 column 99: unknown constant S6053_dot_AUTO_5"")(error ""line 1507054 column 99: unknown constant S6053_dot_AUTO_6"")(error ""line 1507055 column 99: unknown constant S6053_dot_AUTO_7"")(error ""line 1507056 column 99: unknown constant S6053_dot_AUTO_8"")(error ""line 1507057 column 99: unknown constant S6053_dot_AUTO_9"")(error ""line 1507058 column 101: unknown constant S6053_dot_AUTO_10"")(error ""line 1507059 column 102: unknown constant S6053_dot_AUTO_11"")(error ""line 1507060 column 102: unknown constant S6053_dot_AUTO_12"")(error ""line 1507061 column 102: unknown constant S6053_dot_AUTO_13"")(error ""line 1507062 column 102: unknown constant S6053_dot_AUTO_14"")(error ""line 1507063 column 102: unknown constant S6053_dot_AUTO_15"")(error ""line 1507064 column 102: unknown constant S6053_dot_AUTO_16"")(error ""line 1507065 column 102: unknown constant S6053_dot_AUTO_17"")(error ""line 1507066 column 102: unknown constant S6053_dot_AUTO_18"")(error ""line 1507067 column 102: unknown constant S6053_dot_AUTO_19"")(error ""line 1507068 column 102: unknown constant S6053_dot_AUTO_20"")(error ""line 1507069 column 102: unknown constant S6053_dot_AUTO_21"")(error ""line 1507070 column 102: unknown constant S6053_dot_AUTO_22"")(error ""line 1507071 column 102: unknown constant S6053_dot_AUTO_23"")(error ""line 1507072 column 102: unknown constant S6053_dot_AUTO_24"")(error ""line 1507073 column 102: unknown constant S6053_dot_AUTO_25"")(error ""line 1507074 column 102: unknown constant S6053_dot_AUTO_26"")(error ""line 1507075 column 102: unknown constant S6053_dot_AUTO_27"")(error ""line 1507076 column 102: unknown constant S6053_dot_AUTO_28"")(error ""line 1507077 column 102: unknown constant S6053_dot_AUTO_29"")(error ""line 1507078 column 102: unknown constant S6053_dot_AUTO_30"")(error ""line 1507079 column 102: unknown constant S6053_dot_AUTO_31"")(error ""line 1507080 column 102: unknown constant S6053_dot_AUTO_32"")(error ""line 1507081 column 102: unknown constant S6053_dot_AUTO_33"")(error ""line 1507082 column 102: unknown constant S6053_dot_AUTO_34"")(error ""line 1507083 column 102: unknown constant S6053_dot_AUTO_35"")(error ""line 1507084 column 102: unknown constant S6053_dot_AUTO_36"")(error ""line 1507085 column 102: unknown constant S6053_dot_AUTO_37"")(error ""line 1507086 column 102: unknown constant S6053_dot_AUTO_38"")(error ""line 1507087 column 102: unknown constant S6053_dot_AUTO_39"")(error ""line 1507088 column 102: unknown constant S6053_dot_AUTO_40"")(error ""line 1507089 column 102: unknown constant S6053_dot_AUTO_41"")(error ""line 1507090 column 102: unknown constant S6053_dot_AUTO_42"")(error ""line 1507091 column 102: unknown constant S6053_dot_AUTO_43"")(error ""line 1507092 column 102: unknown constant S6053_dot_AUTO_44"")(error ""line 1507093 column 102: unknown constant S6053_dot_AUTO_45"")(error ""line 1507094 column 102: unknown constant S6053_dot_AUTO_46"")(error ""line 1507095 column 102: unknown constant S6053_dot_AUTO_47"")(error ""line 1507096 column 102: unknown constant S6053_dot_AUTO_48"")(error ""line 1507097 column 102: unknown constant S6053_dot_AUTO_49"")(error ""line 1507098 column 102: unknown constant S6053_dot_AUTO_50"")(error ""line 1507099 column 102: unknown constant S6053_dot_AUTO_51"")(error ""line 1507100 column 102: unknown constant S6053_dot_AUTO_52"")(error ""line 1507101 column 102: unknown constant S6053_dot_AUTO_53"")(error ""line 1507102 column 102: unknown constant S6053_dot_AUTO_54"")(error ""line 1507103 column 102: unknown constant S6053_dot_AUTO_55"")(error ""line 1507104 column 102: unknown constant S6053_dot_AUTO_56"")(error ""line 1507105 column 102: unknown constant S6053_dot_AUTO_57"")(error ""line 1507106 column 102: unknown constant S6053_dot_AUTO_58"")(error ""line 1507107 column 102: unknown constant S6053_dot_AUTO_59"")(error ""line 1507108 column 102: unknown constant S6053_dot_AUTO_60"")(error ""line 1507109 column 102: unknown constant S6053_dot_AUTO_61"")(error ""line 1507110 column 102: unknown constant S6053_dot_AUTO_62"")(error ""line 1507111 column 102: unknown constant S6053_dot_AUTO_63"")(error ""line 1507112 column 102: unknown constant S6053_dot_AUTO_64"")(error ""line 1507113 column 102: unknown constant S6053_dot_AUTO_65"")(error ""line 1507114 column 102: unknown constant S6053_dot_AUTO_66"")(error ""line 1507115 column 102: unknown constant S6053_dot_AUTO_67"")(error ""line 1507116 column 102: unknown constant S6053_dot_AUTO_68"")(error ""line 1507117 column 102: unknown constant S6053_dot_AUTO_69"")(error ""line 1507118 column 102: unknown constant S6053_dot_AUTO_70"")(error ""line 1507119 column 102: unknown constant S6053_dot_AUTO_71"")(error ""line 1507120 column 102: unknown constant S6053_dot_AUTO_72"")(error ""line 1507121 column 102: unknown constant S6053_dot_AUTO_73"")(error ""line 1507122 column 102: unknown constant S6053_dot_AUTO_74"")(error ""line 1507123 column 102: unknown constant S6053_dot_AUTO_75"")(error ""line 1507124 column 102: unknown constant S6053_dot_AUTO_76"")(error ""line 1507125 column 102: unknown constant S6053_dot_AUTO_77"")(error ""line 1507126 column 102: unknown constant S6053_dot_AUTO_78"")(error ""line 1507127 column 102: unknown constant S6053_dot_AUTO_79"")(error ""line 1507128 column 102: unknown constant S6053_dot_AUTO_80"")(error ""line 1507129 column 102: unknown constant S6053_dot_AUTO_81"")(error ""line 1507130 column 102: unknown constant S6053_dot_AUTO_82"")(error ""line 1507131 column 102: unknown constant S6053_dot_AUTO_83"")(error ""line 1507132 column 102: unknown constant S6053_dot_AUTO_84"")(error ""line 1507133 column 102: unknown constant S6053_dot_AUTO_85"")(error ""line 1507134 column 102: unknown constant S6053_dot_AUTO_86"")(error ""line 1507135 column 102: unknown constant S6053_dot_AUTO_87"")(error ""line 1507136 column 102: unknown constant S6053_dot_AUTO_88"")(error ""line 1507137 column 102: unknown constant S6053_dot_AUTO_89"")(error ""line 1507138 column 102: unknown constant S6053_dot_AUTO_90"")(error ""line 1507139 column 102: unknown constant S6053_dot_AUTO_91"")(error ""line 1507140 column 102: unknown constant S6053_dot_AUTO_92"")(error ""line 1507141 column 102: unknown constant S6053_dot_AUTO_93"")(error ""line 1507142 column 102: unknown constant S6053_dot_AUTO_94"")(error ""line 1507143 column 102: unknown constant S6053_dot_AUTO_95"")(error ""line 1507144 column 102: unknown constant S6053_dot_AUTO_96"")(error ""line 1507145 column 102: unknown constant S6053_dot_AUTO_97"")(error ""line 1507146 column 102: unknown constant S6053_dot_AUTO_98"")(error ""line 1507147 column 102: unknown constant S6053_dot_AUTO_99"")(error ""line 1507148 column 104: unknown constant S6053_dot_AUTO_100"")sat",N/A => Expected predicate keys to be pre-included in a dictionary.,yes,yes,yes,N/A => Expected predicate keys to be pre-included in a dictionary.,0,yes,yes,yes
2_2_55_SignalDisengagement_group23,Theorem,Theorem,yes,18.6723867,Theorem,unsat,unsat,yes,unsat,yes,yes,yes,yes,yes,0.0640181,yes,yes,yes
2_2_55_SignalDisengagement_group24,Theorem,Theorem,yes,18.595326,Theorem,"(error ""line 32741 column 93: unknown constant S6056_dot_AUTO_1"")sat","(error ""line 38710 column 93: unknown constant S6056_dot_AUTO_1"")(error ""line 38711 column 93: unknown constant S6056_dot_AUTO_2"")sat",no,"(error ""line 1507049 column 99: unknown constant S6056_dot_AUTO_1"")(error ""line 1507050 column 99: unknown constant S6056_dot_AUTO_2"")(error ""line 1507051 column 99: unknown constant S6056_dot_AUTO_3"")(error ""line 1507052 column 99: unknown constant S6056_dot_AUTO_4"")(error ""line 1507053 column 99: unknown constant S6056_dot_AUTO_5"")(error ""line 1507054 column 99: unknown constant S6056_dot_AUTO_6"")(error ""line 1507055 column 99: unknown constant S6056_dot_AUTO_7"")(error ""line 1507056 column 99: unknown constant S6056_dot_AUTO_8"")(error ""line 1507057 column 99: unknown constant S6056_dot_AUTO_9"")(error ""line 1507058 column 101: unknown constant S6056_dot_AUTO_10"")(error ""line 1507059 column 102: unknown constant S6056_dot_AUTO_11"")(error ""line 1507060 column 102: unknown constant S6056_dot_AUTO_12"")(error ""line 1507061 column 102: unknown constant S6056_dot_AUTO_13"")(error ""line 1507062 column 102: unknown constant S6056_dot_AUTO_14"")(error ""line 1507063 column 102: unknown constant S6056_dot_AUTO_15"")(error ""line 1507064 column 102: unknown constant S6056_dot_AUTO_16"")(error ""line 1507065 column 102: unknown constant S6056_dot_AUTO_17"")(error ""line 1507066 column 102: unknown constant S6056_dot_AUTO_18"")(error ""line 1507067 column 102: unknown constant S6056_dot_AUTO_19"")(error ""line 1507068 column 102: unknown constant S6056_dot_AUTO_20"")(error ""line 1507069 column 102: unknown constant S6056_dot_AUTO_21"")(error ""line 1507070 column 102: unknown constant S6056_dot_AUTO_22"")(error ""line 1507071 column 102: unknown constant S6056_dot_AUTO_23"")(error ""line 1507072 column 102: unknown constant S6056_dot_AUTO_24"")(error ""line 1507073 column 102: unknown constant S6056_dot_AUTO_25"")(error ""line 1507074 column 102: unknown constant S6056_dot_AUTO_26"")(error ""line 1507075 column 102: unknown constant S6056_dot_AUTO_27"")(error ""line 1507076 column 102: unknown constant S6056_dot_AUTO_28"")(error ""line 1507077 column 102: unknown constant S6056_dot_AUTO_29"")(error ""line 1507078 column 102: unknown constant S6056_dot_AUTO_30"")(error ""line 1507079 column 102: unknown constant S6056_dot_AUTO_31"")(error ""line 1507080 column 102: unknown constant S6056_dot_AUTO_32"")(error ""line 1507081 column 102: unknown constant S6056_dot_AUTO_33"")(error ""line 1507082 column 102: unknown constant S6056_dot_AUTO_34"")(error ""line 1507083 column 102: unknown constant S6056_dot_AUTO_35"")(error ""line 1507084 column 102: unknown constant S6056_dot_AUTO_36"")(error ""line 1507085 column 102: unknown constant S6056_dot_AUTO_37"")(error ""line 1507086 column 102: unknown constant S6056_dot_AUTO_38"")(error ""line 1507087 column 102: unknown constant S6056_dot_AUTO_39"")(error ""line 1507088 column 102: unknown constant S6056_dot_AUTO_40"")(error ""line 1507089 column 102: unknown constant S6056_dot_AUTO_41"")(error ""line 1507090 column 102: unknown constant S6056_dot_AUTO_42"")(error ""line 1507091 column 102: unknown constant S6056_dot_AUTO_43"")(error ""line 1507092 column 102: unknown constant S6056_dot_AUTO_44"")(error ""line 1507093 column 102: unknown constant S6056_dot_AUTO_45"")(error ""line 1507094 column 102: unknown constant S6056_dot_AUTO_46"")(error ""line 1507095 column 102: unknown constant S6056_dot_AUTO_47"")(error ""line 1507096 column 102: unknown constant S6056_dot_AUTO_48"")(error ""line 1507097 column 102: unknown constant S6056_dot_AUTO_49"")(error ""line 1507098 column 102: unknown constant S6056_dot_AUTO_50"")(error ""line 1507099 column 102: unknown constant S6056_dot_AUTO_51"")(error ""line 1507100 column 102: unknown constant S6056_dot_AUTO_52"")(error ""line 1507101 column 102: unknown constant S6056_dot_AUTO_53"")(error ""line 1507102 column 102: unknown constant S6056_dot_AUTO_54"")(error ""line 1507103 column 102: unknown constant S6056_dot_AUTO_55"")(error ""line 1507104 column 102: unknown constant S6056_dot_AUTO_56"")(error ""line 1507105 column 102: unknown constant S6056_dot_AUTO_57"")(error ""line 1507106 column 102: unknown constant S6056_dot_AUTO_58"")(error ""line 1507107 column 102: unknown constant S6056_dot_AUTO_59"")(error ""line 1507108 column 102: unknown constant S6056_dot_AUTO_60"")(error ""line 1507109 column 102: unknown constant S6056_dot_AUTO_61"")(error ""line 1507110 column 102: unknown constant S6056_dot_AUTO_62"")(error ""line 1507111 column 102: unknown constant S6056_dot_AUTO_63"")(error ""line 1507112 column 102: unknown constant S6056_dot_AUTO_64"")(error ""line 1507113 column 102: unknown constant S6056_dot_AUTO_65"")(error ""line 1507114 column 102: unknown constant S6056_dot_AUTO_66"")(error ""line 1507115 column 102: unknown constant S6056_dot_AUTO_67"")(error ""line 1507116 column 102: unknown constant S6056_dot_AUTO_68"")(error ""line 1507117 column 102: unknown constant S6056_dot_AUTO_69"")(error ""line 1507118 column 102: unknown constant S6056_dot_AUTO_70"")(error ""line 1507119 column 102: unknown constant S6056_dot_AUTO_71"")(error ""line 1507120 column 102: unknown constant S6056_dot_AUTO_72"")(error ""line 1507121 column 102: unknown constant S6056_dot_AUTO_73"")(error ""line 1507122 column 102: unknown constant S6056_dot_AUTO_74"")(error ""line 1507123 column 102: unknown constant S6056_dot_AUTO_75"")(error ""line 1507124 column 102: unknown constant S6056_dot_AUTO_76"")(error ""line 1507125 column 102: unknown constant S6056_dot_AUTO_77"")(error ""line 1507126 column 102: unknown constant S6056_dot_AUTO_78"")(error ""line 1507127 column 102: unknown constant S6056_dot_AUTO_79"")(error ""line 1507128 column 102: unknown constant S6056_dot_AUTO_80"")(error ""line 1507129 column 102: unknown constant S6056_dot_AUTO_81"")(error ""line 1507130 column 102: unknown constant S6056_dot_AUTO_82"")(error ""line 1507131 column 102: unknown constant S6056_dot_AUTO_83"")(error ""line 1507132 column 102: unknown constant S6056_dot_AUTO_84"")(error ""line 1507133 column 102: unknown constant S6056_dot_AUTO_85"")(error ""line 1507134 column 102: unknown constant S6056_dot_AUTO_86"")(error ""line 1507135 column 102: unknown constant S6056_dot_AUTO_87"")(error ""line 1507136 column 102: unknown constant S6056_dot_AUTO_88"")(error ""line 1507137 column 102: unknown constant S6056_dot_AUTO_89"")(error ""line 1507138 column 102: unknown constant S6056_dot_AUTO_90"")(error ""line 1507139 column 102: unknown constant S6056_dot_AUTO_91"")(error ""line 1507140 column 102: unknown constant S6056_dot_AUTO_92"")(error ""line 1507141 column 102: unknown constant S6056_dot_AUTO_93"")(error ""line 1507142 column 102: unknown constant S6056_dot_AUTO_94"")(error ""line 1507143 column 102: unknown constant S6056_dot_AUTO_95"")(error ""line 1507144 column 102: unknown constant S6056_dot_AUTO_96"")(error ""line 1507145 column 102: unknown constant S6056_dot_AUTO_97"")(error ""line 1507146 column 102: unknown constant S6056_dot_AUTO_98"")(error ""line 1507147 column 102: unknown constant S6056_dot_AUTO_99"")(error ""line 1507148 column 104: unknown constant S6056_dot_AUTO_100"")sat",N/A => Expected predicate keys to be pre-included in a dictionary.,yes,yes,yes,N/A => Expected predicate keys to be pre-included in a dictionary.,0,yes,yes,yes
2_2_55_SignalDisengagement_group25,Theorem,Theorem,yes,18.6420519,Theorem,unsat,unsat,yes,unsat,yes,yes,yes,yes,yes,0.0725805,yes,yes,yes
2_2_55_SignalDisengagement_group26,Theorem,Theorem,yes,18.5677473,Theorem,unsat,unsat,yes,unsat,yes,yes,yes,yes,yes,0.0646853,yes,yes,yes
2_2_55_SignalDisengagement_group27,Theorem,Theorem,yes,18.5424559,Theorem,unsat,unsat,yes,unsat,yes,yes,yes,yes,yes,0.0696715,yes,yes,yes
2_2_55_SignalDisengagement_group3,Theorem,Theorem,yes,18.6863111,Theorem,unsat,unsat,yes,unsat,yes,yes,yes,yes,yes,0.0682294,yes,yes,yes
2_2_55_SignalDisengagement_group4,Theorem,Theorem,yes,18.7260856,Theorem,unsat,unsat,yes,unsat,yes,yes,yes,yes,yes,0.0622397,yes,yes,yes
2_2_55_SignalDisengagement_group5,Theorem,Theorem,yes,18.4965651,Theorem,unsat,unsat,yes,unsat,yes,yes,yes,yes,yes,0.062821,yes,yes,yes
2_2_55_SignalDisengagement_group6,Theorem,Theorem,yes,18.6301476,Theorem,unsat,unsat,yes,unsat,yes,yes,yes,yes,yes,0.067455,yes,yes,yes
2_2_55_SignalDisengagement_group7,Theorem,Theorem,yes,18.6303132,Theorem,unsat,unsat,yes,unsat,yes,yes,yes,yes,yes,0.0892442,yes,yes,yes
2_2_55_SignalDisengagement_group8,Theorem,Theorem,yes,18.6603772,Theorem,unsat,unsat,yes,unsat,yes,yes,yes,yes,yes,0.0652442,yes,yes,yes
2_2_55_SignalDisengagement_group9,Theorem,Theorem,yes,18.6183929,Theorem,unsat,unsat,yes,unsat,yes,yes,yes,yes,yes,0.0672572,yes,yes,yes
2_2_56_ProceedWithRearPermissiveMovement_group0,Theorem,CounterSatisfiable,no,19.083406,CounterSatisfiable,"(error ""line 32741 column 155: unknown constant S6038_dot_Z_op_OCC_cp_JS_0"")sat","(error ""line 38710 column 155: unknown constant S6038_dot_Z_op_OCC_cp_JS_0"")(error ""line 38711 column 155: unknown constant S6038_dot_Z_op_OCC_cp_JS_1"")sat",no,"(error ""line 1507049 column 183: unknown constant S6038_dot_Z_op_OCC_cp_JS_0"")(error ""line 1507050 column 183: unknown constant S6038_dot_Z_op_OCC_cp_JS_1"")(error ""line 1507051 column 183: unknown constant S6038_dot_Z_op_OCC_cp_JS_2"")(error ""line 1507052 column 183: unknown constant S6038_dot_Z_op_OCC_cp_JS_3"")(error ""line 1507053 column 183: unknown constant S6038_dot_Z_op_OCC_cp_JS_4"")(error ""line 1507054 column 183: unknown constant S6038_dot_Z_op_OCC_cp_JS_5"")(error ""line 1507055 column 183: unknown constant S6038_dot_Z_op_OCC_cp_JS_6"")(error ""line 1507056 column 183: unknown constant S6038_dot_Z_op_OCC_cp_JS_7"")(error ""line 1507057 column 183: unknown constant S6038_dot_Z_op_OCC_cp_JS_8"")(error ""line 1507058 column 184: unknown constant S6038_dot_Z_op_OCC_cp_JS_9"")(error ""line 1507059 column 188: unknown constant S6038_dot_Z_op_OCC_cp_JS_10"")(error ""line 1507060 column 188: unknown constant S6038_dot_Z_op_OCC_cp_JS_11"")(error ""line 1507061 column 188: unknown constant S6038_dot_Z_op_OCC_cp_JS_12"")(error ""line 1507062 column 188: unknown constant S6038_dot_Z_op_OCC_cp_JS_13"")(error ""line 1507063 column 188: unknown constant S6038_dot_Z_op_OCC_cp_JS_14"")(error ""line 1507064 column 188: unknown constant S6038_dot_Z_op_OCC_cp_JS_15"")(error ""line 1507065 column 188: unknown constant S6038_dot_Z_op_OCC_cp_JS_16"")(error ""line 1507066 column 188: unknown constant S6038_dot_Z_op_OCC_cp_JS_17"")(error ""line 1507067 column 188: unknown constant S6038_dot_Z_op_OCC_cp_JS_18"")(error ""line 1507068 column 188: unknown constant S6038_dot_Z_op_OCC_cp_JS_19"")(error ""line 1507069 column 188: unknown constant S6038_dot_Z_op_OCC_cp_JS_20"")(error ""line 1507070 column 188: unknown constant S6038_dot_Z_op_OCC_cp_JS_21"")(error ""line 1507071 column 188: unknown constant S6038_dot_Z_op_OCC_cp_JS_22"")(error ""line 1507072 column 188: unknown constant S6038_dot_Z_op_OCC_cp_JS_23"")(error ""line 1507073 column 188: unknown constant S6038_dot_Z_op_OCC_cp_JS_24"")(error ""line 1507074 column 188: unknown constant S6038_dot_Z_op_OCC_cp_JS_25"")(error ""line 1507075 column 188: unknown constant S6038_dot_Z_op_OCC_cp_JS_26"")(error ""line 1507076 column 188: unknown constant S6038_dot_Z_op_OCC_cp_JS_27"")(error ""line 1507077 column 188: unknown constant S6038_dot_Z_op_OCC_cp_JS_28"")(error ""line 1507078 column 188: unknown constant S6038_dot_Z_op_OCC_cp_JS_29"")(error ""line 1507079 column 188: unknown constant S6038_dot_Z_op_OCC_cp_JS_30"")(error ""line 1507080 column 188: unknown constant S6038_dot_Z_op_OCC_cp_JS_31"")(error ""line 1507081 column 188: unknown constant S6038_dot_Z_op_OCC_cp_JS_32"")(error ""line 1507082 column 188: unknown constant S6038_dot_Z_op_OCC_cp_JS_33"")(error ""line 1507083 column 188: unknown constant S6038_dot_Z_op_OCC_cp_JS_34"")(error ""line 1507084 column 188: unknown constant S6038_dot_Z_op_OCC_cp_JS_35"")(error ""line 1507085 column 188: unknown constant S6038_dot_Z_op_OCC_cp_JS_36"")(error ""line 1507086 column 188: unknown constant S6038_dot_Z_op_OCC_cp_JS_37"")(error ""line 1507087 column 188: unknown constant S6038_dot_Z_op_OCC_cp_JS_38"")(error ""line 1507088 column 188: unknown constant S6038_dot_Z_op_OCC_cp_JS_39"")(error ""line 1507089 column 188: unknown constant S6038_dot_Z_op_OCC_cp_JS_40"")(error ""line 1507090 column 188: unknown constant S6038_dot_Z_op_OCC_cp_JS_41"")(error ""line 1507091 column 188: unknown constant S6038_dot_Z_op_OCC_cp_JS_42"")(error ""line 1507092 column 188: unknown constant S6038_dot_Z_op_OCC_cp_JS_43"")(error ""line 1507093 column 188: unknown constant S6038_dot_Z_op_OCC_cp_JS_44"")(error ""line 1507094 column 188: unknown constant S6038_dot_Z_op_OCC_cp_JS_45"")(error ""line 1507095 column 188: unknown constant S6038_dot_Z_op_OCC_cp_JS_46"")(error ""line 1507096 column 188: unknown constant S6038_dot_Z_op_OCC_cp_JS_47"")(error ""line 1507097 column 188: unknown constant S6038_dot_Z_op_OCC_cp_JS_48"")(error ""line 1507098 column 188: unknown constant S6038_dot_Z_op_OCC_cp_JS_49"")(error ""line 1507099 column 188: unknown constant S6038_dot_Z_op_OCC_cp_JS_50"")(error ""line 1507100 column 188: unknown constant S6038_dot_Z_op_OCC_cp_JS_51"")(error ""line 1507101 column 188: unknown constant S6038_dot_Z_op_OCC_cp_JS_52"")(error ""line 1507102 column 188: unknown constant S6038_dot_Z_op_OCC_cp_JS_53"")(error ""line 1507103 column 188: unknown constant S6038_dot_Z_op_OCC_cp_JS_54"")(error ""line 1507104 column 188: unknown constant S6038_dot_Z_op_OCC_cp_JS_55"")(error ""line 1507105 column 188: unknown constant S6038_dot_Z_op_OCC_cp_JS_56"")(error ""line 1507106 column 188: unknown constant S6038_dot_Z_op_OCC_cp_JS_57"")(error ""line 1507107 column 188: unknown constant S6038_dot_Z_op_OCC_cp_JS_58"")(error ""line 1507108 column 188: unknown constant S6038_dot_Z_op_OCC_cp_JS_59"")(error ""line 1507109 column 188: unknown constant S6038_dot_Z_op_OCC_cp_JS_60"")(error ""line 1507110 column 188: unknown constant S6038_dot_Z_op_OCC_cp_JS_61"")(error ""line 1507111 column 188: unknown constant S6038_dot_Z_op_OCC_cp_JS_62"")(error ""line 1507112 column 188: unknown constant S6038_dot_Z_op_OCC_cp_JS_63"")(error ""line 1507113 column 188: unknown constant S6038_dot_Z_op_OCC_cp_JS_64"")(error ""line 1507114 column 188: unknown constant S6038_dot_Z_op_OCC_cp_JS_65"")(error ""line 1507115 column 188: unknown constant S6038_dot_Z_op_OCC_cp_JS_66"")(error ""line 1507116 column 188: unknown constant S6038_dot_Z_op_OCC_cp_JS_67"")(error ""line 1507117 column 188: unknown constant S6038_dot_Z_op_OCC_cp_JS_68"")(error ""line 1507118 column 188: unknown constant S6038_dot_Z_op_OCC_cp_JS_69"")(error ""line 1507119 column 188: unknown constant S6038_dot_Z_op_OCC_cp_JS_70"")(error ""line 1507120 column 188: unknown constant S6038_dot_Z_op_OCC_cp_JS_71"")(error ""line 1507121 column 188: unknown constant S6038_dot_Z_op_OCC_cp_JS_72"")(error ""line 1507122 column 188: unknown constant S6038_dot_Z_op_OCC_cp_JS_73"")(error ""line 1507123 column 188: unknown constant S6038_dot_Z_op_OCC_cp_JS_74"")(error ""line 1507124 column 188: unknown constant S6038_dot_Z_op_OCC_cp_JS_75"")(error ""line 1507125 column 188: unknown constant S6038_dot_Z_op_OCC_cp_JS_76"")(error ""line 1507126 column 188: unknown constant S6038_dot_Z_op_OCC_cp_JS_77"")(error ""line 1507127 column 188: unknown constant S6038_dot_Z_op_OCC_cp_JS_78"")(error ""line 1507128 column 188: unknown constant S6038_dot_Z_op_OCC_cp_JS_79"")(error ""line 1507129 column 188: unknown constant S6038_dot_Z_op_OCC_cp_JS_80"")(error ""line 1507130 column 188: unknown constant S6038_dot_Z_op_OCC_cp_JS_81"")(error ""line 1507131 column 188: unknown constant S6038_dot_Z_op_OCC_cp_JS_82"")(error ""line 1507132 column 188: unknown constant S6038_dot_Z_op_OCC_cp_JS_83"")(error ""line 1507133 column 188: unknown constant S6038_dot_Z_op_OCC_cp_JS_84"")(error ""line 1507134 column 188: unknown constant S6038_dot_Z_op_OCC_cp_JS_85"")(error ""line 1507135 column 188: unknown constant S6038_dot_Z_op_OCC_cp_JS_86"")(error ""line 1507136 column 188: unknown constant S6038_dot_Z_op_OCC_cp_JS_87"")(error ""line 1507137 column 188: unknown constant S6038_dot_Z_op_OCC_cp_JS_88"")(error ""line 1507138 column 188: unknown constant S6038_dot_Z_op_OCC_cp_JS_89"")(error ""line 1507139 column 188: unknown constant S6038_dot_Z_op_OCC_cp_JS_90"")(error ""line 1507140 column 188: unknown constant S6038_dot_Z_op_OCC_cp_JS_91"")(error ""line 1507141 column 188: unknown constant S6038_dot_Z_op_OCC_cp_JS_92"")(error ""line 1507142 column 188: unknown constant S6038_dot_Z_op_OCC_cp_JS_93"")(error ""line 1507143 column 188: unknown constant S6038_dot_Z_op_OCC_cp_JS_94"")(error ""line 1507144 column 188: unknown constant S6038_dot_Z_op_OCC_cp_JS_95"")(error ""line 1507145 column 188: unknown constant S6038_dot_Z_op_OCC_cp_JS_96"")(error ""line 1507146 column 188: unknown constant S6038_dot_Z_op_OCC_cp_JS_97"")(error ""line 1507147 column 188: unknown constant S6038_dot_Z_op_OCC_cp_JS_98"")(error ""line 1507148 column 189: unknown constant S6038_dot_Z_op_OCC_cp_JS_99"")sat",N/A => Expected predicate keys to be pre-included in a dictionary.,yes,yes,yes,N/A => Expected predicate keys to be pre-included in a dictionary.,0,yes,yes,yes
2_2_56_ProceedWithRearPermissiveMovement_group1,Theorem,CounterSatisfiable,no,19.1533123,CounterSatisfiable,"(error ""line 32741 column 155: unknown constant S6041_dot_Z_op_OCC_cp_JS_0"")sat","(error ""line 38710 column 155: unknown constant S6041_dot_Z_op_OCC_cp_JS_0"")(error ""line 38711 column 155: unknown constant S6041_dot_Z_op_OCC_cp_JS_1"")sat",no,"(error ""line 1507049 column 183: unknown constant S6041_dot_Z_op_OCC_cp_JS_0"")(error ""line 1507050 column 183: unknown constant S6041_dot_Z_op_OCC_cp_JS_1"")(error ""line 1507051 column 183: unknown constant S6041_dot_Z_op_OCC_cp_JS_2"")(error ""line 1507052 column 183: unknown constant S6041_dot_Z_op_OCC_cp_JS_3"")(error ""line 1507053 column 183: unknown constant S6041_dot_Z_op_OCC_cp_JS_4"")(error ""line 1507054 column 183: unknown constant S6041_dot_Z_op_OCC_cp_JS_5"")(error ""line 1507055 column 183: unknown constant S6041_dot_Z_op_OCC_cp_JS_6"")(error ""line 1507056 column 183: unknown constant S6041_dot_Z_op_OCC_cp_JS_7"")(error ""line 1507057 column 183: unknown constant S6041_dot_Z_op_OCC_cp_JS_8"")(error ""line 1507058 column 184: unknown constant S6041_dot_Z_op_OCC_cp_JS_9"")(error ""line 1507059 column 188: unknown constant S6041_dot_Z_op_OCC_cp_JS_10"")(error ""line 1507060 column 188: unknown constant S6041_dot_Z_op_OCC_cp_JS_11"")(error ""line 1507061 column 188: unknown constant S6041_dot_Z_op_OCC_cp_JS_12"")(error ""line 1507062 column 188: unknown constant S6041_dot_Z_op_OCC_cp_JS_13"")(error ""line 1507063 column 188: unknown constant S6041_dot_Z_op_OCC_cp_JS_14"")(error ""line 1507064 column 188: unknown constant S6041_dot_Z_op_OCC_cp_JS_15"")(error ""line 1507065 column 188: unknown constant S6041_dot_Z_op_OCC_cp_JS_16"")(error ""line 1507066 column 188: unknown constant S6041_dot_Z_op_OCC_cp_JS_17"")(error ""line 1507067 column 188: unknown constant S6041_dot_Z_op_OCC_cp_JS_18"")(error ""line 1507068 column 188: unknown constant S6041_dot_Z_op_OCC_cp_JS_19"")(error ""line 1507069 column 188: unknown constant S6041_dot_Z_op_OCC_cp_JS_20"")(error ""line 1507070 column 188: unknown constant S6041_dot_Z_op_OCC_cp_JS_21"")(error ""line 1507071 column 188: unknown constant S6041_dot_Z_op_OCC_cp_JS_22"")(error ""line 1507072 column 188: unknown constant S6041_dot_Z_op_OCC_cp_JS_23"")(error ""line 1507073 column 188: unknown constant S6041_dot_Z_op_OCC_cp_JS_24"")(error ""line 1507074 column 188: unknown constant S6041_dot_Z_op_OCC_cp_JS_25"")(error ""line 1507075 column 188: unknown constant S6041_dot_Z_op_OCC_cp_JS_26"")(error ""line 1507076 column 188: unknown constant S6041_dot_Z_op_OCC_cp_JS_27"")(error ""line 1507077 column 188: unknown constant S6041_dot_Z_op_OCC_cp_JS_28"")(error ""line 1507078 column 188: unknown constant S6041_dot_Z_op_OCC_cp_JS_29"")(error ""line 1507079 column 188: unknown constant S6041_dot_Z_op_OCC_cp_JS_30"")(error ""line 1507080 column 188: unknown constant S6041_dot_Z_op_OCC_cp_JS_31"")(error ""line 1507081 column 188: unknown constant S6041_dot_Z_op_OCC_cp_JS_32"")(error ""line 1507082 column 188: unknown constant S6041_dot_Z_op_OCC_cp_JS_33"")(error ""line 1507083 column 188: unknown constant S6041_dot_Z_op_OCC_cp_JS_34"")(error ""line 1507084 column 188: unknown constant S6041_dot_Z_op_OCC_cp_JS_35"")(error ""line 1507085 column 188: unknown constant S6041_dot_Z_op_OCC_cp_JS_36"")(error ""line 1507086 column 188: unknown constant S6041_dot_Z_op_OCC_cp_JS_37"")(error ""line 1507087 column 188: unknown constant S6041_dot_Z_op_OCC_cp_JS_38"")(error ""line 1507088 column 188: unknown constant S6041_dot_Z_op_OCC_cp_JS_39"")(error ""line 1507089 column 188: unknown constant S6041_dot_Z_op_OCC_cp_JS_40"")(error ""line 1507090 column 188: unknown constant S6041_dot_Z_op_OCC_cp_JS_41"")(error ""line 1507091 column 188: unknown constant S6041_dot_Z_op_OCC_cp_JS_42"")(error ""line 1507092 column 188: unknown constant S6041_dot_Z_op_OCC_cp_JS_43"")(error ""line 1507093 column 188: unknown constant S6041_dot_Z_op_OCC_cp_JS_44"")(error ""line 1507094 column 188: unknown constant S6041_dot_Z_op_OCC_cp_JS_45"")(error ""line 1507095 column 188: unknown constant S6041_dot_Z_op_OCC_cp_JS_46"")(error ""line 1507096 column 188: unknown constant S6041_dot_Z_op_OCC_cp_JS_47"")(error ""line 1507097 column 188: unknown constant S6041_dot_Z_op_OCC_cp_JS_48"")(error ""line 1507098 column 188: unknown constant S6041_dot_Z_op_OCC_cp_JS_49"")(error ""line 1507099 column 188: unknown constant S6041_dot_Z_op_OCC_cp_JS_50"")(error ""line 1507100 column 188: unknown constant S6041_dot_Z_op_OCC_cp_JS_51"")(error ""line 1507101 column 188: unknown constant S6041_dot_Z_op_OCC_cp_JS_52"")(error ""line 1507102 column 188: unknown constant S6041_dot_Z_op_OCC_cp_JS_53"")(error ""line 1507103 column 188: unknown constant S6041_dot_Z_op_OCC_cp_JS_54"")(error ""line 1507104 column 188: unknown constant S6041_dot_Z_op_OCC_cp_JS_55"")(error ""line 1507105 column 188: unknown constant S6041_dot_Z_op_OCC_cp_JS_56"")(error ""line 1507106 column 188: unknown constant S6041_dot_Z_op_OCC_cp_JS_57"")(error ""line 1507107 column 188: unknown constant S6041_dot_Z_op_OCC_cp_JS_58"")(error ""line 1507108 column 188: unknown constant S6041_dot_Z_op_OCC_cp_JS_59"")(error ""line 1507109 column 188: unknown constant S6041_dot_Z_op_OCC_cp_JS_60"")(error ""line 1507110 column 188: unknown constant S6041_dot_Z_op_OCC_cp_JS_61"")(error ""line 1507111 column 188: unknown constant S6041_dot_Z_op_OCC_cp_JS_62"")(error ""line 1507112 column 188: unknown constant S6041_dot_Z_op_OCC_cp_JS_63"")(error ""line 1507113 column 188: unknown constant S6041_dot_Z_op_OCC_cp_JS_64"")(error ""line 1507114 column 188: unknown constant S6041_dot_Z_op_OCC_cp_JS_65"")(error ""line 1507115 column 188: unknown constant S6041_dot_Z_op_OCC_cp_JS_66"")(error ""line 1507116 column 188: unknown constant S6041_dot_Z_op_OCC_cp_JS_67"")(error ""line 1507117 column 188: unknown constant S6041_dot_Z_op_OCC_cp_JS_68"")(error ""line 1507118 column 188: unknown constant S6041_dot_Z_op_OCC_cp_JS_69"")(error ""line 1507119 column 188: unknown constant S6041_dot_Z_op_OCC_cp_JS_70"")(error ""line 1507120 column 188: unknown constant S6041_dot_Z_op_OCC_cp_JS_71"")(error ""line 1507121 column 188: unknown constant S6041_dot_Z_op_OCC_cp_JS_72"")(error ""line 1507122 column 188: unknown constant S6041_dot_Z_op_OCC_cp_JS_73"")(error ""line 1507123 column 188: unknown constant S6041_dot_Z_op_OCC_cp_JS_74"")(error ""line 1507124 column 188: unknown constant S6041_dot_Z_op_OCC_cp_JS_75"")(error ""line 1507125 column 188: unknown constant S6041_dot_Z_op_OCC_cp_JS_76"")(error ""line 1507126 column 188: unknown constant S6041_dot_Z_op_OCC_cp_JS_77"")(error ""line 1507127 column 188: unknown constant S6041_dot_Z_op_OCC_cp_JS_78"")(error ""line 1507128 column 188: unknown constant S6041_dot_Z_op_OCC_cp_JS_79"")(error ""line 1507129 column 188: unknown constant S6041_dot_Z_op_OCC_cp_JS_80"")(error ""line 1507130 column 188: unknown constant S6041_dot_Z_op_OCC_cp_JS_81"")(error ""line 1507131 column 188: unknown constant S6041_dot_Z_op_OCC_cp_JS_82"")(error ""line 1507132 column 188: unknown constant S6041_dot_Z_op_OCC_cp_JS_83"")(error ""line 1507133 column 188: unknown constant S6041_dot_Z_op_OCC_cp_JS_84"")(error ""line 1507134 column 188: unknown constant S6041_dot_Z_op_OCC_cp_JS_85"")(error ""line 1507135 column 188: unknown constant S6041_dot_Z_op_OCC_cp_JS_86"")(error ""line 1507136 column 188: unknown constant S6041_dot_Z_op_OCC_cp_JS_87"")(error ""line 1507137 column 188: unknown constant S6041_dot_Z_op_OCC_cp_JS_88"")(error ""line 1507138 column 188: unknown constant S6041_dot_Z_op_OCC_cp_JS_89"")(error ""line 1507139 column 188: unknown constant S6041_dot_Z_op_OCC_cp_JS_90"")(error ""line 1507140 column 188: unknown constant S6041_dot_Z_op_OCC_cp_JS_91"")(error ""line 1507141 column 188: unknown constant S6041_dot_Z_op_OCC_cp_JS_92"")(error ""line 1507142 column 188: unknown constant S6041_dot_Z_op_OCC_cp_JS_93"")(error ""line 1507143 column 188: unknown constant S6041_dot_Z_op_OCC_cp_JS_94"")(error ""line 1507144 column 188: unknown constant S6041_dot_Z_op_OCC_cp_JS_95"")(error ""line 1507145 column 188: unknown constant S6041_dot_Z_op_OCC_cp_JS_96"")(error ""line 1507146 column 188: unknown constant S6041_dot_Z_op_OCC_cp_JS_97"")(error ""line 1507147 column 188: unknown constant S6041_dot_Z_op_OCC_cp_JS_98"")(error ""line 1507148 column 189: unknown constant S6041_dot_Z_op_OCC_cp_JS_99"")sat",N/A => Expected predicate keys to be pre-included in a dictionary.,yes,yes,yes,N/A => Expected predicate keys to be pre-included in a dictionary.,0,yes,yes,yes
2_2_56_ProceedWithRearPermissiveMovement_group2,Theorem,CounterSatisfiable,no,18.9630198,CounterSatisfiable,"(error ""line 32741 column 175: unknown constant S6041_dot_Z_op_OCC_cp_JS_0"")sat","(error ""line 38710 column 175: unknown constant S6041_dot_Z_op_OCC_cp_JS_0"")(error ""line 38711 column 175: unknown constant S6041_dot_Z_op_OCC_cp_JS_1"")sat",no,"(error ""line 1507049 column 203: unknown constant S6041_dot_Z_op_OCC_cp_JS_0"")(error ""line 1507050 column 203: unknown constant S6041_dot_Z_op_OCC_cp_JS_1"")(error ""line 1507051 column 203: unknown constant S6041_dot_Z_op_OCC_cp_JS_2"")(error ""line 1507052 column 203: unknown constant S6041_dot_Z_op_OCC_cp_JS_3"")(error ""line 1507053 column 203: unknown constant S6041_dot_Z_op_OCC_cp_JS_4"")(error ""line 1507054 column 203: unknown constant S6041_dot_Z_op_OCC_cp_JS_5"")(error ""line 1507055 column 203: unknown constant S6041_dot_Z_op_OCC_cp_JS_6"")(error ""line 1507056 column 203: unknown constant S6041_dot_Z_op_OCC_cp_JS_7"")(error ""line 1507057 column 203: unknown constant S6041_dot_Z_op_OCC_cp_JS_8"")(error ""line 1507058 column 204: unknown constant S6041_dot_Z_op_OCC_cp_JS_9"")(error ""line 1507059 column 208: unknown constant S6041_dot_Z_op_OCC_cp_JS_10"")(error ""line 1507060 column 208: unknown constant S6041_dot_Z_op_OCC_cp_JS_11"")(error ""line 1507061 column 208: unknown constant S6041_dot_Z_op_OCC_cp_JS_12"")(error ""line 1507062 column 208: unknown constant S6041_dot_Z_op_OCC_cp_JS_13"")(error ""line 1507063 column 208: unknown constant S6041_dot_Z_op_OCC_cp_JS_14"")(error ""line 1507064 column 208: unknown constant S6041_dot_Z_op_OCC_cp_JS_15"")(error ""line 1507065 column 208: unknown constant S6041_dot_Z_op_OCC_cp_JS_16"")(error ""line 1507066 column 208: unknown constant S6041_dot_Z_op_OCC_cp_JS_17"")(error ""line 1507067 column 208: unknown constant S6041_dot_Z_op_OCC_cp_JS_18"")(error ""line 1507068 column 208: unknown constant S6041_dot_Z_op_OCC_cp_JS_19"")(error ""line 1507069 column 208: unknown constant S6041_dot_Z_op_OCC_cp_JS_20"")(error ""line 1507070 column 208: unknown constant S6041_dot_Z_op_OCC_cp_JS_21"")(error ""line 1507071 column 208: unknown constant S6041_dot_Z_op_OCC_cp_JS_22"")(error ""line 1507072 column 208: unknown constant S6041_dot_Z_op_OCC_cp_JS_23"")(error ""line 1507073 column 208: unknown constant S6041_dot_Z_op_OCC_cp_JS_24"")(error ""line 1507074 column 208: unknown constant S6041_dot_Z_op_OCC_cp_JS_25"")(error ""line 1507075 column 208: unknown constant S6041_dot_Z_op_OCC_cp_JS_26"")(error ""line 1507076 column 208: unknown constant S6041_dot_Z_op_OCC_cp_JS_27"")(error ""line 1507077 column 208: unknown constant S6041_dot_Z_op_OCC_cp_JS_28"")(error ""line 1507078 column 208: unknown constant S6041_dot_Z_op_OCC_cp_JS_29"")(error ""line 1507079 column 208: unknown constant S6041_dot_Z_op_OCC_cp_JS_30"")(error ""line 1507080 column 208: unknown constant S6041_dot_Z_op_OCC_cp_JS_31"")(error ""line 1507081 column 208: unknown constant S6041_dot_Z_op_OCC_cp_JS_32"")(error ""line 1507082 column 208: unknown constant S6041_dot_Z_op_OCC_cp_JS_33"")(error ""line 1507083 column 208: unknown constant S6041_dot_Z_op_OCC_cp_JS_34"")(error ""line 1507084 column 208: unknown constant S6041_dot_Z_op_OCC_cp_JS_35"")(error ""line 1507085 column 208: unknown constant S6041_dot_Z_op_OCC_cp_JS_36"")(error ""line 1507086 column 208: unknown constant S6041_dot_Z_op_OCC_cp_JS_37"")(error ""line 1507087 column 208: unknown constant S6041_dot_Z_op_OCC_cp_JS_38"")(error ""line 1507088 column 208: unknown constant S6041_dot_Z_op_OCC_cp_JS_39"")(error ""line 1507089 column 208: unknown constant S6041_dot_Z_op_OCC_cp_JS_40"")(error ""line 1507090 column 208: unknown constant S6041_dot_Z_op_OCC_cp_JS_41"")(error ""line 1507091 column 208: unknown constant S6041_dot_Z_op_OCC_cp_JS_42"")(error ""line 1507092 column 208: unknown constant S6041_dot_Z_op_OCC_cp_JS_43"")(error ""line 1507093 column 208: unknown constant S6041_dot_Z_op_OCC_cp_JS_44"")(error ""line 1507094 column 208: unknown constant S6041_dot_Z_op_OCC_cp_JS_45"")(error ""line 1507095 column 208: unknown constant S6041_dot_Z_op_OCC_cp_JS_46"")(error ""line 1507096 column 208: unknown constant S6041_dot_Z_op_OCC_cp_JS_47"")(error ""line 1507097 column 208: unknown constant S6041_dot_Z_op_OCC_cp_JS_48"")(error ""line 1507098 column 208: unknown constant S6041_dot_Z_op_OCC_cp_JS_49"")(error ""line 1507099 column 208: unknown constant S6041_dot_Z_op_OCC_cp_JS_50"")(error ""line 1507100 column 208: unknown constant S6041_dot_Z_op_OCC_cp_JS_51"")(error ""line 1507101 column 208: unknown constant S6041_dot_Z_op_OCC_cp_JS_52"")(error ""line 1507102 column 208: unknown constant S6041_dot_Z_op_OCC_cp_JS_53"")(error ""line 1507103 column 208: unknown constant S6041_dot_Z_op_OCC_cp_JS_54"")(error ""line 1507104 column 208: unknown constant S6041_dot_Z_op_OCC_cp_JS_55"")(error ""line 1507105 column 208: unknown constant S6041_dot_Z_op_OCC_cp_JS_56"")(error ""line 1507106 column 208: unknown constant S6041_dot_Z_op_OCC_cp_JS_57"")(error ""line 1507107 column 208: unknown constant S6041_dot_Z_op_OCC_cp_JS_58"")(error ""line 1507108 column 208: unknown constant S6041_dot_Z_op_OCC_cp_JS_59"")(error ""line 1507109 column 208: unknown constant S6041_dot_Z_op_OCC_cp_JS_60"")(error ""line 1507110 column 208: unknown constant S6041_dot_Z_op_OCC_cp_JS_61"")(error ""line 1507111 column 208: unknown constant S6041_dot_Z_op_OCC_cp_JS_62"")(error ""line 1507112 column 208: unknown constant S6041_dot_Z_op_OCC_cp_JS_63"")(error ""line 1507113 column 208: unknown constant S6041_dot_Z_op_OCC_cp_JS_64"")(error ""line 1507114 column 208: unknown constant S6041_dot_Z_op_OCC_cp_JS_65"")(error ""line 1507115 column 208: unknown constant S6041_dot_Z_op_OCC_cp_JS_66"")(error ""line 1507116 column 208: unknown constant S6041_dot_Z_op_OCC_cp_JS_67"")(error ""line 1507117 column 208: unknown constant S6041_dot_Z_op_OCC_cp_JS_68"")(error ""line 1507118 column 208: unknown constant S6041_dot_Z_op_OCC_cp_JS_69"")(error ""line 1507119 column 208: unknown constant S6041_dot_Z_op_OCC_cp_JS_70"")(error ""line 1507120 column 208: unknown constant S6041_dot_Z_op_OCC_cp_JS_71"")(error ""line 1507121 column 208: unknown constant S6041_dot_Z_op_OCC_cp_JS_72"")(error ""line 1507122 column 208: unknown constant S6041_dot_Z_op_OCC_cp_JS_73"")(error ""line 1507123 column 208: unknown constant S6041_dot_Z_op_OCC_cp_JS_74"")(error ""line 1507124 column 208: unknown constant S6041_dot_Z_op_OCC_cp_JS_75"")(error ""line 1507125 column 208: unknown constant S6041_dot_Z_op_OCC_cp_JS_76"")(error ""line 1507126 column 208: unknown constant S6041_dot_Z_op_OCC_cp_JS_77"")(error ""line 1507127 column 208: unknown constant S6041_dot_Z_op_OCC_cp_JS_78"")(error ""line 1507128 column 208: unknown constant S6041_dot_Z_op_OCC_cp_JS_79"")(error ""line 1507129 column 208: unknown constant S6041_dot_Z_op_OCC_cp_JS_80"")(error ""line 1507130 column 208: unknown constant S6041_dot_Z_op_OCC_cp_JS_81"")(error ""line 1507131 column 208: unknown constant S6041_dot_Z_op_OCC_cp_JS_82"")(error ""line 1507132 column 208: unknown constant S6041_dot_Z_op_OCC_cp_JS_83"")(error ""line 1507133 column 208: unknown constant S6041_dot_Z_op_OCC_cp_JS_84"")(error ""line 1507134 column 208: unknown constant S6041_dot_Z_op_OCC_cp_JS_85"")(error ""line 1507135 column 208: unknown constant S6041_dot_Z_op_OCC_cp_JS_86"")(error ""line 1507136 column 208: unknown constant S6041_dot_Z_op_OCC_cp_JS_87"")(error ""line 1507137 column 208: unknown constant S6041_dot_Z_op_OCC_cp_JS_88"")(error ""line 1507138 column 208: unknown constant S6041_dot_Z_op_OCC_cp_JS_89"")(error ""line 1507139 column 208: unknown constant S6041_dot_Z_op_OCC_cp_JS_90"")(error ""line 1507140 column 208: unknown constant S6041_dot_Z_op_OCC_cp_JS_91"")(error ""line 1507141 column 208: unknown constant S6041_dot_Z_op_OCC_cp_JS_92"")(error ""line 1507142 column 208: unknown constant S6041_dot_Z_op_OCC_cp_JS_93"")(error ""line 1507143 column 208: unknown constant S6041_dot_Z_op_OCC_cp_JS_94"")(error ""line 1507144 column 208: unknown constant S6041_dot_Z_op_OCC_cp_JS_95"")(error ""line 1507145 column 208: unknown constant S6041_dot_Z_op_OCC_cp_JS_96"")(error ""line 1507146 column 208: unknown constant S6041_dot_Z_op_OCC_cp_JS_97"")(error ""line 1507147 column 208: unknown constant S6041_dot_Z_op_OCC_cp_JS_98"")(error ""line 1507148 column 209: unknown constant S6041_dot_Z_op_OCC_cp_JS_99"")sat",N/A => Expected predicate keys to be pre-included in a dictionary.,yes,yes,yes,N/A => Expected predicate keys to be pre-included in a dictionary.,0,yes,yes,yes
2_2_6_ProceedWithTracksClearPermissive_group0,Theorem,Theorem,yes,18.8918244,Theorem,unsat,unsat,yes,unsat,yes,yes,yes,yes,yes,0.0646269,yes,yes,yes
2_2_6_ProceedWithTracksClearPermissive_group1,Theorem,Theorem,yes,18.9010689,Theorem,unsat,unsat,yes,unsat,yes,yes,yes,yes,yes,0.0653823,yes,yes,yes
2_2_6_ProceedWithTracksClearPermissive_group2,Theorem,Theorem,yes,18.8888143,Theorem,unsat,unsat,yes,unsat,yes,yes,yes,yes,yes,0.0666763,yes,yes,yes
2_2_7_ProceedWithTracksClear_group0,Theorem,CounterSatisfiable,no,18.7604102,Theorem,unsat,unsat,yes,unsat,yes,yes,yes,yes,yes,0.0692809,yes,yes,yes
2_2_7_ProceedWithTracksClear_group1,Theorem,CounterSatisfiable,no,19.1228106,Theorem,unsat,unsat,yes,unsat,yes,yes,yes,yes,yes,0.0690207,yes,yes,yes
2_2_7_ProceedWithTracksClear_group10,Theorem,CounterSatisfiable,no,18.9998401,Theorem,unsat,unsat,yes,unsat,yes,yes,yes,yes,yes,0.0669105,yes,yes,yes
2_2_7_ProceedWithTracksClear_group11,Theorem,CounterSatisfiable,no,19.1598007,Theorem,unsat,unsat,yes,unsat,yes,yes,yes,yes,yes,0.0648836,yes,yes,yes
2_2_7_ProceedWithTracksClear_group12,Theorem,CounterSatisfiable,no,18.7964622,CounterSatisfiable,unsat,unsat,yes,unsat,yes,yes,yes,yes,yes,0.0669495,yes,yes,yes
2_2_7_ProceedWithTracksClear_group13,Theorem,CounterSatisfiable,no,19.1131304,Theorem,unsat,unsat,yes,unsat,yes,yes,yes,yes,yes,0.0718906,yes,yes,yes
2_2_7_ProceedWithTracksClear_group14,Theorem,CounterSatisfiable,no,18.7988248,Theorem,unsat,unsat,yes,unsat,yes,yes,yes,yes,yes,0.0656077,yes,yes,yes
2_2_7_ProceedWithTracksClear_group15,Theorem,CounterSatisfiable,no,18.7945626,Theorem,unsat,unsat,yes,unsat,yes,yes,yes,yes,yes,0.0631207,yes,yes,yes
2_2_7_ProceedWithTracksClear_group16,Theorem,CounterSatisfiable,no,18.8334927,Theorem,unsat,unsat,yes,unsat,yes,yes,yes,yes,yes,0.0619565,yes,yes,yes
2_2_7_ProceedWithTracksClear_group17,Theorem,CounterSatisfiable,no,18.9224787,Theorem,unsat,unsat,yes,unsat,yes,yes,yes,yes,yes,0.0634795,yes,yes,yes
2_2_7_ProceedWithTracksClear_group18,Theorem,CounterSatisfiable,no,18.8866942,CounterSatisfiable,unsat,unsat,yes,unsat,yes,yes,yes,yes,yes,0.0680472,yes,yes,yes
2_2_7_ProceedWithTracksClear_group19,Theorem,Theorem,yes,18.9253422,Theorem,unsat,unsat,yes,unsat,yes,yes,yes,yes,yes,0.0658853,yes,yes,yes
2_2_7_ProceedWithTracksClear_group2,Theorem,CounterSatisfiable,no,18.906849,Theorem,unsat,unsat,yes,unsat,yes,yes,yes,yes,yes,0.0678726,yes,yes,yes
2_2_7_ProceedWithTracksClear_group20,Theorem,CounterSatisfiable,no,18.9850474,CounterSatisfiable,"(error ""line 32741 column 276: unknown constant TPYM_dot_CLR_op_IL_cp__0"")sat","(error ""line 38710 column 276: unknown constant TPYM_dot_CLR_op_IL_cp__0"")(error ""line 38711 column 276: unknown constant TPYM_dot_CLR_op_IL_cp__1"")sat",no,"(error ""line 1507049 column 287: unknown constant TPYM_dot_CLR_op_IL_cp__0"")(error ""line 1507050 column 287: unknown constant TPYM_dot_CLR_op_IL_cp__1"")(error ""line 1507051 column 287: unknown constant TPYM_dot_CLR_op_IL_cp__2"")(error ""line 1507052 column 287: unknown constant TPYM_dot_CLR_op_IL_cp__3"")(error ""line 1507053 column 287: unknown constant TPYM_dot_CLR_op_IL_cp__4"")(error ""line 1507054 column 287: unknown constant TPYM_dot_CLR_op_IL_cp__5"")(error ""line 1507055 column 287: unknown constant TPYM_dot_CLR_op_IL_cp__6"")(error ""line 1507056 column 287: unknown constant TPYM_dot_CLR_op_IL_cp__7"")(error ""line 1507057 column 287: unknown constant TPYM_dot_CLR_op_IL_cp__8"")(error ""line 1507058 column 288: unknown constant TPYM_dot_CLR_op_IL_cp__9"")(error ""line 1507059 column 296: unknown constant TPYM_dot_CLR_op_IL_cp__10"")(error ""line 1507060 column 296: unknown constant TPYM_dot_CLR_op_IL_cp__11"")(error ""line 1507061 column 296: unknown constant TPYM_dot_CLR_op_IL_cp__12"")(error ""line 1507062 column 296: unknown constant TPYM_dot_CLR_op_IL_cp__13"")(error ""line 1507063 column 296: unknown constant TPYM_dot_CLR_op_IL_cp__14"")(error ""line 1507064 column 296: unknown constant TPYM_dot_CLR_op_IL_cp__15"")(error ""line 1507065 column 296: unknown constant TPYM_dot_CLR_op_IL_cp__16"")(error ""line 1507066 column 296: unknown constant TPYM_dot_CLR_op_IL_cp__17"")(error ""line 1507067 column 296: unknown constant TPYM_dot_CLR_op_IL_cp__18"")(error ""line 1507068 column 296: unknown constant TPYM_dot_CLR_op_IL_cp__19"")(error ""line 1507069 column 296: unknown constant TPYM_dot_CLR_op_IL_cp__20"")(error ""line 1507070 column 296: unknown constant TPYM_dot_CLR_op_IL_cp__21"")(error ""line 1507071 column 296: unknown constant TPYM_dot_CLR_op_IL_cp__22"")(error ""line 1507072 column 296: unknown constant TPYM_dot_CLR_op_IL_cp__23"")(error ""line 1507073 column 296: unknown constant TPYM_dot_CLR_op_IL_cp__24"")(error ""line 1507074 column 296: unknown constant TPYM_dot_CLR_op_IL_cp__25"")(error ""line 1507075 column 296: unknown constant TPYM_dot_CLR_op_IL_cp__26"")(error ""line 1507076 column 296: unknown constant TPYM_dot_CLR_op_IL_cp__27"")(error ""line 1507077 column 296: unknown constant TPYM_dot_CLR_op_IL_cp__28"")(error ""line 1507078 column 296: unknown constant TPYM_dot_CLR_op_IL_cp__29"")(error ""line 1507079 column 296: unknown constant TPYM_dot_CLR_op_IL_cp__30"")(error ""line 1507080 column 296: unknown constant TPYM_dot_CLR_op_IL_cp__31"")(error ""line 1507081 column 296: unknown constant TPYM_dot_CLR_op_IL_cp__32"")(error ""line 1507082 column 296: unknown constant TPYM_dot_CLR_op_IL_cp__33"")(error ""line 1507083 column 296: unknown constant TPYM_dot_CLR_op_IL_cp__34"")(error ""line 1507084 column 296: unknown constant TPYM_dot_CLR_op_IL_cp__35"")(error ""line 1507085 column 296: unknown constant TPYM_dot_CLR_op_IL_cp__36"")(error ""line 1507086 column 296: unknown constant TPYM_dot_CLR_op_IL_cp__37"")(error ""line 1507087 column 296: unknown constant TPYM_dot_CLR_op_IL_cp__38"")(error ""line 1507088 column 296: unknown constant TPYM_dot_CLR_op_IL_cp__39"")(error ""line 1507089 column 296: unknown constant TPYM_dot_CLR_op_IL_cp__40"")(error ""line 1507090 column 296: unknown constant TPYM_dot_CLR_op_IL_cp__41"")(error ""line 1507091 column 296: unknown constant TPYM_dot_CLR_op_IL_cp__42"")(error ""line 1507092 column 296: unknown constant TPYM_dot_CLR_op_IL_cp__43"")(error ""line 1507093 column 296: unknown constant TPYM_dot_CLR_op_IL_cp__44"")(error ""line 1507094 column 296: unknown constant TPYM_dot_CLR_op_IL_cp__45"")(error ""line 1507095 column 296: unknown constant TPYM_dot_CLR_op_IL_cp__46"")(error ""line 1507096 column 296: unknown constant TPYM_dot_CLR_op_IL_cp__47"")(error ""line 1507097 column 296: unknown constant TPYM_dot_CLR_op_IL_cp__48"")(error ""line 1507098 column 296: unknown constant TPYM_dot_CLR_op_IL_cp__49"")(error ""line 1507099 column 296: unknown constant TPYM_dot_CLR_op_IL_cp__50"")(error ""line 1507100 column 296: unknown constant TPYM_dot_CLR_op_IL_cp__51"")(error ""line 1507101 column 296: unknown constant TPYM_dot_CLR_op_IL_cp__52"")(error ""line 1507102 column 296: unknown constant TPYM_dot_CLR_op_IL_cp__53"")(error ""line 1507103 column 296: unknown constant TPYM_dot_CLR_op_IL_cp__54"")(error ""line 1507104 column 296: unknown constant TPYM_dot_CLR_op_IL_cp__55"")(error ""line 1507105 column 296: unknown constant TPYM_dot_CLR_op_IL_cp__56"")(error ""line 1507106 column 296: unknown constant TPYM_dot_CLR_op_IL_cp__57"")(error ""line 1507107 column 296: unknown constant TPYM_dot_CLR_op_IL_cp__58"")(error ""line 1507108 column 296: unknown constant TPYM_dot_CLR_op_IL_cp__59"")(error ""line 1507109 column 296: unknown constant TPYM_dot_CLR_op_IL_cp__60"")(error ""line 1507110 column 296: unknown constant TPYM_dot_CLR_op_IL_cp__61"")(error ""line 1507111 column 296: unknown constant TPYM_dot_CLR_op_IL_cp__62"")(error ""line 1507112 column 296: unknown constant TPYM_dot_CLR_op_IL_cp__63"")(error ""line 1507113 column 296: unknown constant TPYM_dot_CLR_op_IL_cp__64"")(error ""line 1507114 column 296: unknown constant TPYM_dot_CLR_op_IL_cp__65"")(error ""line 1507115 column 296: unknown constant TPYM_dot_CLR_op_IL_cp__66"")(error ""line 1507116 column 296: unknown constant TPYM_dot_CLR_op_IL_cp__67"")(error ""line 1507117 column 296: unknown constant TPYM_dot_CLR_op_IL_cp__68"")(error ""line 1507118 column 296: unknown constant TPYM_dot_CLR_op_IL_cp__69"")(error ""line 1507119 column 296: unknown constant TPYM_dot_CLR_op_IL_cp__70"")(error ""line 1507120 column 296: unknown constant TPYM_dot_CLR_op_IL_cp__71"")(error ""line 1507121 column 296: unknown constant TPYM_dot_CLR_op_IL_cp__72"")(error ""line 1507122 column 296: unknown constant TPYM_dot_CLR_op_IL_cp__73"")(error ""line 1507123 column 296: unknown constant TPYM_dot_CLR_op_IL_cp__74"")(error ""line 1507124 column 296: unknown constant TPYM_dot_CLR_op_IL_cp__75"")(error ""line 1507125 column 296: unknown constant TPYM_dot_CLR_op_IL_cp__76"")(error ""line 1507126 column 296: unknown constant TPYM_dot_CLR_op_IL_cp__77"")(error ""line 1507127 column 296: unknown constant TPYM_dot_CLR_op_IL_cp__78"")(error ""line 1507128 column 296: unknown constant TPYM_dot_CLR_op_IL_cp__79"")(error ""line 1507129 column 296: unknown constant TPYM_dot_CLR_op_IL_cp__80"")(error ""line 1507130 column 296: unknown constant TPYM_dot_CLR_op_IL_cp__81"")(error ""line 1507131 column 296: unknown constant TPYM_dot_CLR_op_IL_cp__82"")(error ""line 1507132 column 296: unknown constant TPYM_dot_CLR_op_IL_cp__83"")(error ""line 1507133 column 296: unknown constant TPYM_dot_CLR_op_IL_cp__84"")(error ""line 1507134 column 296: unknown constant TPYM_dot_CLR_op_IL_cp__85"")(error ""line 1507135 column 296: unknown constant TPYM_dot_CLR_op_IL_cp__86"")(error ""line 1507136 column 296: unknown constant TPYM_dot_CLR_op_IL_cp__87"")(error ""line 1507137 column 296: unknown constant TPYM_dot_CLR_op_IL_cp__88"")(error ""line 1507138 column 296: unknown constant TPYM_dot_CLR_op_IL_cp__89"")(error ""line 1507139 column 296: unknown constant TPYM_dot_CLR_op_IL_cp__90"")(error ""line 1507140 column 296: unknown constant TPYM_dot_CLR_op_IL_cp__91"")(error ""line 1507141 column 296: unknown constant TPYM_dot_CLR_op_IL_cp__92"")(error ""line 1507142 column 296: unknown constant TPYM_dot_CLR_op_IL_cp__93"")(error ""line 1507143 column 296: unknown constant TPYM_dot_CLR_op_IL_cp__94"")(error ""line 1507144 column 296: unknown constant TPYM_dot_CLR_op_IL_cp__95"")(error ""line 1507145 column 296: unknown constant TPYM_dot_CLR_op_IL_cp__96"")(error ""line 1507146 column 296: unknown constant TPYM_dot_CLR_op_IL_cp__97"")(error ""line 1507147 column 296: unknown constant TPYM_dot_CLR_op_IL_cp__98"")(error ""line 1507148 column 297: unknown constant TPYM_dot_CLR_op_IL_cp__99"")sat",N/A => Expected predicate keys to be pre-included in a dictionary.,yes,yes,yes,N/A => Expected predicate keys to be pre-included in a dictionary.,0,yes,yes,yes
2_2_7_ProceedWithTracksClear_group21,Theorem,Theorem,yes,19.0242467,Theorem,unsat,unsat,yes,unsat,yes,yes,yes,yes,yes,0.0668521,yes,yes,yes
2_2_7_ProceedWithTracksClear_group22,Theorem,Theorem,yes,18.9505495,Theorem,unsat,unsat,yes,unsat,yes,yes,yes,yes,yes,0.0635283,yes,yes,yes
2_2_7_ProceedWithTracksClear_group23,Theorem,Theorem,yes,18.6395445,Theorem,unsat,unsat,yes,unsat,yes,yes,yes,yes,yes,0.069937,yes,yes,yes
2_2_7_ProceedWithTracksClear_group24,Theorem,Theorem,yes,18.9177335,Theorem,unsat,unsat,yes,unsat,yes,yes,yes,yes,yes,0.0637899,yes,yes,yes
2_2_7_ProceedWithTracksClear_group3,Theorem,CounterSatisfiable,no,18.8233063,Theorem,unsat,unsat,yes,unsat,yes,yes,yes,yes,yes,0.0678964,yes,yes,yes
2_2_7_ProceedWithTracksClear_group4,Theorem,CounterSatisfiable,no,18.8858198,Theorem,unsat,unsat,yes,unsat,yes,yes,yes,yes,yes,0.0666604,yes,yes,yes
2_2_7_ProceedWithTracksClear_group5,Theorem,CounterSatisfiable,no,18.8250003,Theorem,unsat,unsat,yes,unsat,yes,yes,yes,yes,yes,0.0715156,yes,yes,yes
2_2_7_ProceedWithTracksClear_group6,Theorem,CounterSatisfiable,no,18.9552695,Theorem,unsat,unsat,yes,unsat,yes,yes,yes,yes,yes,0.0666432,yes,yes,yes
2_2_7_ProceedWithTracksClear_group7,Theorem,CounterSatisfiable,no,19.0178835,CounterSatisfiable,unsat,unsat,yes,unsat,yes,yes,yes,yes,yes,0.0663931,yes,yes,yes
2_2_7_ProceedWithTracksClear_group8,Theorem,CounterSatisfiable,no,18.9020037,Theorem,unsat,unsat,yes,unsat,yes,yes,yes,yes,yes,0.0691495,yes,yes,yes
2_2_7_ProceedWithTracksClear_group9,Theorem,CounterSatisfiable,no,18.9097217,CounterSatisfiable,unsat,unsat,yes,unsat,yes,yes,yes,yes,yes,0.0658702,yes,yes,yes
2_2_8_ProceedWithOverlapTracksClear_group0,Theorem,CounterSatisfiable,no,18.857127,Theorem,unsat,unsat,yes,unsat,yes,yes,yes,yes,yes,0.0734414,yes,yes,yes
2_2_8_ProceedWithOverlapTracksClear_group1,Theorem,CounterSatisfiable,no,18.8218231,Theorem,unsat,unsat,yes,unsat,yes,yes,yes,yes,yes,0.0662389,yes,yes,yes
2_2_8_ProceedWithOverlapTracksClear_group10,Theorem,Theorem,yes,18.6018718,Theorem,unsat,unsat,yes,unsat,yes,yes,yes,yes,yes,0.0698034,yes,yes,yes
2_2_8_ProceedWithOverlapTracksClear_group11,Theorem,Theorem,yes,18.6977015,Theorem,unsat,unsat,yes,unsat,yes,yes,yes,yes,yes,0.06547,yes,yes,yes
2_2_8_ProceedWithOverlapTracksClear_group12,Theorem,Theorem,yes,18.7751898,Theorem,unsat,unsat,yes,unsat,yes,yes,yes,yes,yes,0.0650332,yes,yes,yes
2_2_8_ProceedWithOverlapTracksClear_group13,Theorem,Theorem,yes,18.7667472,Theorem,unsat,unsat,yes,unsat,yes,yes,yes,yes,yes,0.0640873,yes,yes,yes
2_2_8_ProceedWithOverlapTracksClear_group2,Theorem,CounterSatisfiable,no,18.8446379,Theorem,unsat,unsat,yes,unsat,yes,yes,yes,yes,yes,0.0654435,yes,yes,yes
2_2_8_ProceedWithOverlapTracksClear_group3,Theorem,CounterSatisfiable,no,18.9505177,Theorem,unsat,unsat,yes,unsat,yes,yes,yes,yes,yes,0.0631012,yes,yes,yes
2_2_8_ProceedWithOverlapTracksClear_group4,Theorem,CounterSatisfiable,no,18.8441999,Theorem,unsat,unsat,yes,unsat,yes,yes,yes,yes,yes,0.0655261,yes,yes,yes
2_2_8_ProceedWithOverlapTracksClear_group5,Theorem,CounterSatisfiable,no,18.6737024,Theorem,unsat,unsat,yes,unsat,yes,yes,yes,yes,yes,0.0594003,yes,yes,yes
2_2_8_ProceedWithOverlapTracksClear_group6,Theorem,CounterSatisfiable,no,18.7341406,Theorem,unsat,unsat,yes,unsat,yes,yes,yes,yes,yes,0.0543966,yes,yes,yes
2_2_8_ProceedWithOverlapTracksClear_group7,Theorem,CounterSatisfiable,no,18.7662841,Theorem,unsat,unsat,yes,unsat,yes,yes,yes,yes,yes,0.0723559,yes,yes,yes
2_2_8_ProceedWithOverlapTracksClear_group8,Theorem,CounterSatisfiable,no,18.7804827,Theorem,unsat,unsat,yes,unsat,yes,yes,yes,yes,yes,0.0703718,yes,yes,yes
2_2_8_ProceedWithOverlapTracksClear_group9,Theorem,CounterSatisfiable,no,18.7981366,Theorem,unsat,unsat,yes,unsat,yes,yes,yes,yes,yes,0.0679426,yes,yes,yes
,,,,,,,,,,,,,,,,,,
,,,,,,,,,,,,,,,44.2586102,,,